,words,sents,mean,median,mode,stdev,idno,author,author-gender,title,pub-year,crt-year,genre,subgenre,narration,series,simenon3,corpus,romans-corpus
fr0001,41692,2213,18.8395842747,16,5,13.0617092226,fr0001,Simenon,male,AbriNotreArbre,1977,1976,essay,autobiographical,autodiegetic,Dictées,autob,simenon,N/A
fr0002,38923,2660,14.6327067669,12,1,12.1742695897,fr0002,Simenon,male,AQuoiBonJurer,1979,1977,essay,autobiographical,autodiegetic,Dictées,autob,simenon,N/A
fr0003,45913,2479,18.5207745058,16,14,11.9390120242,fr0003,Simenon,male,PorteFenetre,1978,1977,essay,autobiographical,autodiegetic,Dictées,autob,simenon,N/A
fr0004,43772,2330,18.7862660944,16,6,13.5013202425,fr0004,Simenon,male,CaveGrenier,1977,1976,essay,autobiographical,autodiegetic,Dictées,autob,simenon,N/A
fr0005,88792,5811,15.279986233,13,6,10.3372777878,fr0005,Simenon,male,TracesPas,1975,1974,essay,autobiographical,autodiegetic,Dictées,autob,simenon,N/A
fr0006,42402,1858,22.82131324,20,21,14.828163135,fr0006,Simenon,male,Destinees,1981,1979,essay,autobiographical,autodiegetic,Dictées,autob,simenon,N/A
fr0007,65934,4626,14.2529182879,10,4,12.6657628663,fr0007,Simenon,male,JeMeSouviens,1945,1941,essay,autobiographical,autodiegetic,Dictées,autob,simenon,N/A
fr0008,39604,2138,18.5238540692,17,8,11.7968714329,fr0008,Simenon,male,ResteEnfantChoeur,1979,1977,essay,autobiographical,autodiegetic,Dictées,autob,simenon,N/A
fr0009,37795,1708,22.1282201405,21,17,13.4168643177,fr0009,Simenon,male,JourNuit,1981,1979,essay,autobiographical,autodiegetic,Dictées,autob,simenon,N/A
fr0010,37272,1655,22.5208459215,21,21,13.0813173855,fr0010,Simenon,male,FemmeEndormie,1981,1979,essay,autobiographical,autodiegetic,Dictées,autob,simenon,N/A
fr0011,41283,2178,18.9545454545,16,10,12.5504765969,fr0011,Simenon,male,MainDansMain,1978,1976,essay,autobiographical,autodiegetic,Dictées,autob,simenon,N/A
fr0012,44067,2196,20.0669398907,18,18,13.3505892408,fr0012,Simenon,male,PrixHomme,1980,1978,essay,autobiographical,autodiegetic,Dictées,autob,simenon,N/A
fr0013,38056,1793,21.2247629671,20,21,12.5877715013,fr0013,Simenon,male,LibertesReste,1981,1978,essay,autobiographical,autodiegetic,Dictées,autob,simenon,N/A
fr0014,39105,2282,17.1362839614,15,7,11.8655300944,fr0014,Simenon,male,PetitsHommes,1976,1975,essay,autobiographical,autodiegetic,Dictées,autob,simenon,N/A
fr0015,19031,1184,16.0734797297,14,7,10.5969864112,fr0015,Simenon,male,LettreMere,1974,1974,essay,autobiographical,autodiegetic,none,autob,simenon,N/A
fr0016,45024,2342,19.2245943638,17,14,12.4518862818,fr0016,Simenon,male,SoixanteQuinzeAns,1980,1978,essay,autobiographical,autodiegetic,Dictées,autob,simenon,N/A
fr0017,48793,2630,18.5524714829,16,7,12.0298149722,fr0017,Simenon,male,PointVirgule,1979,1977,essay,autobiographical,autodiegetic,Dictées,autob,simenon,N/A
fr0018,122714,8528,14.3895403377,11,5,11.6988174454,fr0018,Simenon,male,QuandEtaisVieux,1970,1963,essay,autobiographical,autodiegetic,Dictées,autob,simenon,N/A
fr0019,39370,2163,18.2015718909,16,4,12.1658692572,fr0019,Simenon,male,QuandVientFroid,1980,1978,essay,autobiographical,autodiegetic,Dictées,autob,simenon,N/A
fr0020,42773,2106,20.3100664767,18,7,13.1253458615,fr0020,Simenon,male,TantVivant,1978,1976,essay,autobiographical,autodiegetic,Dictées,autob,simenon,N/A
fr0021,55381,2686,20.6183916605,18,7,14.1823284619,fr0021,Simenon,male,BancSoleil,1977,1976,essay,autobiographical,autodiegetic,Dictées,autob,simenon,N/A
fr0022,99405,6581,15.1048472876,13,6,10.245576431,fr0022,Simenon,male,HommeCommeAutre,1975,1974,essay,autobiographical,autodiegetic,Dictées,autob,simenon,N/A
fr0023,43390,2335,18.5824411135,16,5,13.2226183493,fr0023,Simenon,male,VacancesObligatoires,1978,1976,essay,autobiographical,autodiegetic,Dictées,autob,simenon,N/A
fr0024,57031,3041,18.7540282802,16,6,13.3973991345,fr0024,Simenon,male,VentNordSud,1976,1975,essay,autobiographical,autodiegetic,Dictées,autob,simenon,N/A
fr0025,60817,5767,10.5456910005,7,4,9.9227265003,fr0025,Simenon,male,LivreMarieJo,1981,1980,essay,autobiographical,epistolary,none,autob,simenon,N/A
fr0026,367764,22810,16.1229285401,14,4,12.2803423724,fr0026,Simenon,male,MemoiresIntimes,1981,1980,essay,autobiographical,heterodiegetic,Dictées,autob,simenon,N/A
rv0001,37619,3362,11.1894705532,9,N/A,8.9910443124,rv0001,Simenon,male,Ecluse,1933,1933,novel,policier,heterodiegetic,Maigret,maigr,simenon,simenon
rv0002,46187,3459,13.3527030934,10,4,10.4361894841,rv0002,Simenon,male,HommePetitChien,1964,1964,novel,psychological,autodiegetic,durs,romans,simenon,simenon
rv0003,44658,3685,12.1188602442,9,7,10.0678018849,rv0003,Simenon,male,InspecteurCadavre,1944,1943,novel,policier,heterodiegetic,Maigret,maigr,simenon,simenon
rv0004,40670,2760,14.7355072464,12,5,11.1253874756,rv0004,Simenon,male,OursPeluche,1960,1960,novel,psychological,heterodiegetic,durs,romans,simenon,simenon
rv0005,54231,3870,14.0131782946,11,7,11.1307048829,rv0005,Simenon,male,JumentPerdue,1948,1948,novel,psychological,heterodiegetic,durs,romans,simenon,simenon
rv0006,29372,2822,10.4082211198,8,2,9.1819494693,rv0006,Simenon,male,MaisonSeptFilles,1941,1941,novel,psychological,heterodiegetic,durs,romans,simenon,simenon
rv0007,40554,3747,10.8230584468,8,5,8.6524028258,rv0007,Simenon,male,MaisonJuge,1942,1940,novel,policier,heterodiegetic,Maigret,maigr,simenon,simenon
rv0008,48368,3474,13.922855498,11,6,11.1318745654,rv0008,Simenon,male,MortBelle,1952,1951,novel,policier,heterodiegetic,durs,romans,simenon,simenon
rv0009,36085,3445,10.4746008708,8,3,8.5718516556,rv0009,Simenon,male,NuitCarrefour,1931,1931,novel,policier,heterodiegetic,Maigret,maigr,simenon,simenon
rv0010,39963,3349,11.9328157659,9,5,9.9336689848,rv0010,Simenon,male,PatienceMaigret,1965,1965,novel,policier,heterodiegetic,Maigret,maigr,simenon,simenon
rv0011,39515,2817,14.0273340433,11,4,11.3132205057,rv0011,Simenon,male,Porte,1962,1962,novel,psychological,heterodiegetic,durs,romans,simenon,simenon
rv0012,37706,3182,11.8497800126,8,4,11.0210386038,rv0012,Simenon,male,Felicie,1944,1942,novel,policier,heterodiegetic,Maigret,maigr,simenon,simenon
rv0013,43169,3924,11.00127421,8,5,9.0057603271,rv0013,Simenon,male,VeriteBebeDonge,1942,1942,novel,policier,heterodiegetic,durs,romans,simenon,simenon
rv0014,60607,4710,12.8677282378,10,6,10.5584672323,rv0014,Simenon,male,JumentPerdue,1948,1948,novel,psychological,heterodiegetic,durs,romans,simenon,simenon
rv0015,37844,3437,11.0107652022,9,4,8.6741114805,rv0015,Simenon,male,ChienJaune,1931,1931,novel,policier,heterodiegetic,Maigret,maigr,simenon,simenon
rv0016,43278,3679,11.7635226964,9,4,9.2462941857,rv0016,Simenon,male,CoupLune,1933,1933,novel,psychological,heterodiegetic,durs,romans,simenon,simenon
rv0017,43175,2999,14.3964654885,10,5,14.3361678776,rv0017,Simenon,male,FuiteMonde,1945,1945,novel,psychological,heterodiegetic,durs,romans,simenon,simenon
rv0018,47557,3198,14.8708567855,12,6,11.4741145418,rv0018,Simenon,male,Horloger,1954,1954,novel,psychological,heterodiegetic,durs,romans,simenon,simenon
rv0019,44281,2978,14.8693754197,11,4,12.0943263155,rv0019,Simenon,male,Negre,1957,1957,novel,psychological,heterodiegetic,durs,romans,simenon,simenon
rv0020,43489,2730,15.93003663,13,4,11.7023781591,rv0020,Simenon,male,Dimanche,1958,1958,novel,psychological,heterodiegetic,durs,romans,simenon,simenon
rv0021,38036,3005,12.6575707155,9,4,10.2690047874,rv0021,Simenon,male,Betty,1961,1961,novel,psychological,heterodiegetic,durs,romans,simenon,simenon
rv0022,40771,2734,14.912582297,12,N/A,11.940202559,rv0022,Simenon,male,MortAuguste,1966,1966,novel,psychological,heterodiegetic,durs,romans,simenon,simenon
rv0023,46146,3888,11.8688271605,9,6,8.7651265759,rv0023,Simenon,male,MaigretEcole,1954,1954,novel,policier,heterodiegetic,Maigret,maigr,simenon,simenon
rv0024,37320,3100,12.0387096774,9,4,9.8443918018,rv0024,Simenon,male,MaigreVoleur,1961,1961,novel,policier,heterodiegetic,Maigret,maigr,simenon,simenon
rv0025,44242,2728,16.2177419355,12,4,14.7027320721,rv0025,Simenon,male,MonsieurGallet,1931,1931,novel,policier,heterodiegetic,Maigret,maigr,simenon,simenon
rv0026,44661,3244,13.7672626387,10,4,12.6147175325,rv0026,Simenon,male,MaigretHesite,1968,1968,novel,policier,heterodiegetic,Maigret,maigr,simenon,simenon
rv0027,36393,3086,11.7929358393,9,4,9.6120247317,rv0027,Simenon,male,MaigretClient,1962,1962,novel,policier,heterodiegetic,Maigret,maigr,simenon,simenon
rv0028,44859,4054,11.0653675382,8,4,9.1934437183,rv0028,Simenon,male,MaigretLognon,1952,1952,novel,policier,heterodiegetic,Maigret,maigr,simenon,simenon
rv0029,50922,3183,15.9981149859,12,6,15.0445770626,rv0029,Simenon,male,MaigretNewYork,1947,1947,novel,policier,heterodiegetic,Maigret,maigr,simenon,simenon
rv0030,39834,3498,11.3876500858,9,3,9.2348549618,rv0030,Simenon,male,PietrLetton,1931,1930,novel,policier,heterodiegetic,Maigret,maigr,simenon,simenon
rv0031,41390,3068,13.4908735332,10,6,11.9082863196,rv0031,Simenon,male,AffaireNahour,1966,1966,novel,policier,heterodiegetic,Maigret,maigr,simenon,simenon
rv0032,41368,4077,10.1466764778,9,5,6.842534724,rv0032,Simenon,male,FolleMaigret,1970,1970,novel,policier,heterodiegetic,Maigret,maigr,simenon,simenon
rv0033,40357,2815,14.3364120782,11,6,13.1637914734,rv0033,Simenon,male,TeteHomme,1931,1931,novel,policier,heterodiegetic,Maigret,maigr,simenon,simenon
rv0034,35007,2905,12.0506024096,9,5,11.1229022304,rv0034,Simenon,male,MaigretFlamands,1932,1932,novel,policier,heterodiegetic,Maigret,maigr,simenon,simenon
rv0035,36217,3091,11.7169200906,9,N/A,10.4349800122,rv0035,Simenon,male,FouBergerac,1932,1932,novel,policier,heterodiegetic,Maigret,maigr,simenon,simenon
rv0036,54641,4588,11.9095466434,9,6,10.8533003536,rv0036,Simenon,male,MaigretMort,1947,1947,novel,policier,heterodiegetic,Maigret,maigr,simenon,simenon
rv0037,48066,3699,12.9943227899,10,6,9.5476052968,rv0037,Simenon,male,AmieMmeMaigret,1950,1950,novel,policier,heterodiegetic,Maigret,maigr,simenon,simenon
rv0038,41831,4038,10.3593363051,8,5,8.5115602277,rv0038,Simenon,male,MaigretGrandePerche,1951,1951,novel,policier,heterodiegetic,Maigret,maigr,simenon,simenon
rv0039,45455,3344,13.5930023923,11,6,10.1616874202,rv0039,Simenon,male,ScrupulesMaigret,1957,1957,novel,policier,heterodiegetic,Maigret,maigr,simenon,simenon
rv0040,39585,2681,14.7650130548,10,5,14.2319460121,rv0040,Simenon,male,ConfidenceMaigret,1959,1959,novel,policier,heterodiegetic,Maigret,maigr,simenon,simenon
rv0041,38117,2676,14.2440209268,11,6,10.2187518934,rv0041,Simenon,male,MaigretAssises,1959,1959,novel,policier,heterodiegetic,Maigret,maigr,simenon,simenon
rv0042,38294,3099,12.3568893191,9,5,9.9023512518,rv0042,Simenon,male,MaigretVieillards,1960,1960,novel,policier,heterodiegetic,Maigret,maigr,simenon,simenon
rv0043,41791,2583,16.1792489353,12,6,13.3163946956,rv0043,Simenon,male,TrainVenise,1965,1965,novel,psychological,heterodiegetic,durs,romans,simenon,simenon
rv0044,43633,3286,13.2784540475,10,4,11.5593971982,rv0044,Simenon,male,Vieille,1959,1959,novel,psychological,heterodiegetic,durs,romans,simenon,simenon
rv0045,44248,4731,9.3527795392,7,5,7.4124241015,rv0045,Simenon,male,Prison,1967,1967,novel,psychological,heterodiegetic,durs,romans,simenon,simenon
rv0046,41059,3526,11.6446398185,9,5,9.0455413863,rv0046,Simenon,male,Demenagement,1967,1967,novel,psychological,heterodiegetic,durs,romans,simenon,simenon
rv0047,56928,4273,13.3227240814,10,6,10.4162823662,rv0047,Simenon,male,DestinMalou,1947,1947,novel,psychological,heterodiegetic,durs,romans,simenon,simenon
rv0048,48491,4370,11.0963386728,9,4,9.0550621949,rv0048,Simenon,male,FondBouteille,1949,1949,novel,psychological,heterodiegetic,durs,romans,simenon,simenon
rv0049,42630,4008,10.6362275449,8,4,8.0061356798,rv0049,Simenon,male,Locataire,1934,1934,novel,psychological,heterodiegetic,durs,romans,simenon,simenon
rv0050,50268,3265,15.3960183767,12,6,11.885916979,rv0050,Simenon,male,Temoins,1955,1955,novel,psychological,heterodiegetic,durs,romans,simenon,simenon
rv0051,47912,3797,12.6183829339,9,4,11.0615158887,rv0051,Simenon,male,TempsAnais,1951,1951,novel,psychological,heterodiegetic,durs,romans,simenon,simenon
rv0052,37584,3398,11.0606238964,8.5,4,8.6142823128,rv0052,Simenon,male,RelaisAlsace,1931,1931,novel,psychological,heterodiegetic,durs,romans,simenon,simenon
rv0053,43034,3721,11.5651706531,8,5,9.7707179823,rv0053,Simenon,male,RapportGendarme,1944,1944,novel,psychological,heterodiegetic,durs,romans,simenon,simenon
rv0054,39378,3348,11.7616487455,9,6,9.362119518,rv0054,Simenon,male,PassagerPolarlys,1932,1932,novel,psychological,heterodiegetic,durs,romans,simenon,simenon
rv0055,73964,5142,14.3842862699,12,6,10.5659074158,rv0055,Simenon,male,AnneauxBicetre,1963,1963,novel,psychological,heterodiegetic,durs,romans,simenon,simenon
rv0056,50042,4211,11.8836380907,9,6,9.0587017074,rv0056,Simenon,male,VacancesMaigret,1948,1948,novel,policier,heterodiegetic,Maigret,maigr,simenon,simenon
rv0057,43849,2938,14.9247787611,12,3,11.9181799924,rv0057,Simenon,male,Complices,1956,1956,novel,psychological,heterodiegetic,durs,romans,simenon,simenon
rv0058,36430,3185,11.4379905808,8,4,9.2641338942,rv0058,Simenon,male,DemoisellesConcarneau,1936,1936,novel,psychological,heterodiegetic,durs,romans,simenon,simenon
rv0059,43838,3926,11.1660723383,9,6,7.9684125638,rv0059,Simenon,male,EncoreNoisetiers,1969,1969,novel,psychological,heterodiegetic,durs,romans,simenon,simenon
rv0060,34766,3210,10.830529595,9,4,7.9493295648,rv0060,Simenon,male,Maigret,1934,1934,novel,policier,heterodiegetic,Maigret,maigr,simenon,simenon
rv0061,34666,3609,9.6054308673,7,4,7.6847005644,rv0061,Simenon,male,LibertyBar,1932,1932,novel,policier,heterodiegetic,Maigret,maigr,simenon,simenon
rv0062,35219,3158,11.1523115896,8,4,9.0166572004,rv0062,Simenon,male,MaigretClochard,1963,1963,novel,policier,heterodiegetic,Maigret,maigr,simenon,simenon
rv0063,37118,3711,10.0021557532,7,1,8.664997602,rv0063,Simenon,male,EchecMaigret,1956,1956,novel,policier,heterodiegetic,Maigret,maigr,simenon,simenon
rv0064,60607,4710,12.8677282378,10,6,10.5584672323,rv0064,Simenon,male,BourgmestreFurnes,1939,1938,novel,psychological,heterodiegetic,durs,romans,simenon,simenon
rv0065,38258,3015,12.6892205638,10,5,9.7465357143,rv0065,Simenon,male,MaigretFantome,1964,1964,novel,policier,heterodiegetic,Maigret,maigr,simenon,simenon
rv0066,38458,3374,11.398340249,8,4,9.9314877503,rv0066,Simenon,male,SignePicpus,1944,1941,novel,policier,heterodiegetic,Maigret,maigr,simenon,simenon
rv0067,41267,3048,13.5390419948,10,7,10.922888782,rv0067,Simenon,male,Malempin,1940,1940,novel,psychological,autodiegetic,durs,romans,simenon,simenon
rv0068,40038,3261,12.2778288868,9,4,10.2383775593,rv0068,Simenon,male,MaigretTendPiege,1955,1955,novel,policier,heterodiegetic,Maigret,maigr,simenon,simenon
rv0069,41825,3742,11.1771779797,8,5,9.3394265363,rv0069,Simenon,male,QuartierNegre,1935,1935,novel,psychological,heterodiegetic,durs,romans,simenon,simenon
rv0070,42399,3683,11.5120825414,9,4,8.9976346535,rv0070,Simenon,male,MaigretCoroner,1949,1949,novel,policier,heterodiegetic,Maigret,maigr,simenon,simenon
rv0071,42697,3946,10.8203243791,8,6,9.00114891,rv0071,Simenon,male,MaigretPeur,1953,1953,novel,policier,heterodiegetic,Maigret,maigr,simenon,simenon
rv0072,43019,3273,13.1435991445,10,6,10.6180315248,rv0072,Simenon,male,MonsieurLaSouris,1937,1937,novel,policier,heterodiegetic,durs,romans,simenon,simenon
rv0073,42803,3523,12.149588419,9,4,10.0265071182,rv0073,Simenon,male,CecileMorte,1942,1940,novel,policier,heterodiegetic,Maigret,maigr,simenon,simenon
rv0074,43971,3943,11.1516611717,9,4,8.5671299513,rv0074,Simenon,male,Maigret tueur,1969,1969,novel,policier,heterodiegetic,Maigret,maigr,simenon,simenon
rv0075,46473,4038,11.5089153046,9,6,8.9043842128,rv0075,Simenon,male,MonAmiMaigret,1949,1949,novel,policier,heterodiegetic,Maigret,maigr,simenon,simenon
rv0076,49144,3938,12.4794311833,9,6,11.4784762687,rv0076,Simenon,male,TouristeBananes,1938,1938,novel,psychological,heterodiegetic,durs,romans,simenon,simenon
rv0077,51737,3377,15.3204027243,12,6,12.5029498948,rv0077,Simenon,male,NouveauVille,1950,1950,novel,psychological,heterodiegetic,durs,romans,simenon,simenon
rv0078,55049,4075,13.5089570552,10,6,11.1522472694,rv0078,Simenon,male,AntoineJulie,1953,1953,novel,psychological,heterodiegetic,durs,romans,simenon,simenon
rv0079,102295,9375,10.9114666667,8,4,8.7909317964,rv0079,Simenon,male,LongCours,1936,1936,novel,psychological,heterodiegetic,durs,romans,simenon,simenon
rv0080,74796,5700,13.1221052632,10,4,10.5615573574,rv0080,Simenon,male,VoyageurToussaint,1941,1941,novel,psychological,heterodiegetic,durs,romans,simenon,simenon
rv0081,42669,4226,10.0967818268,9,5,6.8988262861,rv0081,Simenon,male,CageVerre,1971,1971,novel,psychological,heterodiegetic,durs,romans,simenon,simenon
rv0082,40668,3884,10.4706488157,9,6,7.1861316181,rv0082,Simenon,male,Innocents,1972,1971,novel,psychological,heterodiegetic,durs,romans,simenon,simenon
rv0083,41098,2711,15.1597196606,12,4,11.4047923522,rv0083,Simenon,male,Train,1961,1961,novel,psychological,heterodiegetic,durs,romans,simenon,simenon
rv0084,48046,4354,11.0349104272,8,5,9.0335552393,rv0084,Simenon,male,MaigretPicratts,1951,1950,novel,policier,heterodiegetic,Maigret,maigr,simenon,simenon
rv0085,38821,3843,10.1017434296,8,6,7.486499573,rv0085,Simenon,male,MaigretIndicateur,1971,1971,novel,policier,heterodiegetic,Maigret,maigr,simenon,simenon
rv0086,38503,3937,9.7797815596,8,6,7.0133598446,rv0086,Simenon,male,MaigretMonsieurCharles,1972,1972,novel,policier,heterodiegetic,Maigret,maigr,simenon,simenon
rv0087,46909,3701,12.6746825182,9,4,11.5333980188,rv0087,Simenon,male,MarieQuiLouche,1952,1951,novel,psychological,heterodiegetic,durs,romans,simenon,simenon
rv0088,68566,5341,12.8376708482,8,4,12.9965808635,rv0088,Simenon,male,Pedigree1,1948,1941,novel,autobiographical,heterodiegetic,none,romans,simenon,simenon
rv0089,65297,4050,16.1227160494,11,4,15.3869273529,rv0089,Simenon,male,Pedigree2,1948,1942,novel,autobiographical,heterodiegetic,none,romans,simenon,simenon
rv0090,65354,4277,15.2803366846,10,4,14.6747360621,rv0090,Simenon,male,Pedigree3,1948,1943,novel,autobiographical,heterodiegetic,none,romans,simenon,simenon
rv0091,37197,2507,14.8372556841,10,1,13.8921367697,rv0091,Simenon,male,TroisCrimesAmis,1938,1937,novel,policier,autodiegetic,none,romans,simenon,simenon
rv0092,39419,3313,11.898279505,9,6,9.2279173302,rv0092,Simenon,male,MaigretSeFache,1947,1945,novel,policier,heterodiegetic,Maigret,maigr,simenon,simenon
rv0093,41040,4158,9.8701298701,8,5,6.9972142834,rv0093,Simenon,male,DisparitionOdile,1971,1970,novel,pychological,heterodiegetic,durs,romans,simenon,simenon
rv0094,42167,4021,10.486694852,9,7,7.4398280609,rv0094,Simenon,male,MaigretHommeSeul,1971,1971,novel,policier,heterodiegetic,Maigret,maigr,simenon,simenon
rv0095,43933,4133,10.6298088556,8,4,8.5870051827,rv0095,Simenon,male,VoleurMaigret,1967,1966,novel,policier,heterodiegetic,Maigret,maigr,simenon,simenon
rv0096,117918,10172,11.5924105387,8,4,10.128267687,rv0096,Simenon,male,TestamentDonadieu,1937,1936,novel,psychological,heterodiegetic,durs,romans,simenon,simenon
rv0097,42159,3859,10.9248509977,9,6,7.7366978149,rv0097,Simenon,male,RicheHomme,1970,1970,novel,psychological,heterodiegetic,durs,romans,simenon,simenon
rv0098,52589,2768,18.998916185,16,6,13.9978708738,rv0098,Simenon,male,Fils,1957,1956,novel,psychological,heterodiegetic,durs,romans,simenon,simenon
rv0099,51937,4237,12.2579655417,9,6,10.9433609915,rv0099,Simenon,male,BilanMaletras,1948,1943,novel,psychological,heterodiegetic,durs,romans,simenon,simenon
rv0100,97279,7430,13.0927321669,10,6,11.2266932647,rv0100,Simenon,male,AineFerchaux,1945,1943,novel,psychological,heterodiegetic,durs,romans,simenon,simenon
rv0101,50481,3036,16.6274703557,10,4,17.5814279947,rv0101,Simenon,male,FenetreRouet,1945,1942,novel,psychological,heterodiegetic,durs,romans,simenon,simenon
rv0120,28068,1232,22.7824675325,21,22,13.5660870772,rv0120,Echenoz,male,Courir,2008,2008,novel,blanche,n.av.,N/A,N/A,contemporains,contemporains
rv0121,50124,2024,24.7648221344,22,18,16.5484683882,rv0121,Echenoz,male,JeMenVais,1999,1999,novel,blanche,n.av.,N/A,N/A,contemporains,contemporains
rv0122,68712,3843,17.8797814208,14,5,13.7330261804,rv0122,Echenoz,male,Equipee,1986,1986,novel,blanche,n.av.,N/A,N/A,contemporains,contemporains
rv0123,54623,3227,16.9268670592,14,6,12.8985306109,rv0123,Echenoz,male,Blondes,1995,1995,novel,blanche,n.av.,N/A,N/A,contemporains,contemporains
rv0124,44440,2400,18.5166666667,15,5,14.587885004,rv0124,Echenoz,male,NousTrois,1992,1992,novel,blanche,n.av.,N/A,N/A,contemporains,contemporains
rv0125,20113,544,36.9724264706,33,28,22.6461992979,rv0125,Echenoz,male,Quatorze,2012,2012,novel,blanche,n.av.,N/A,N/A,contemporains,contemporains
rv0126,17059,654,26.0840978593,25,22,13.9415761407,rv0126,Echenoz,male,UnAn,1975,1975,novel,blanche,n.av.,N/A,N/A,contemporains,contemporains
rv0127,42317,1771,23.8944099379,20,8,18.4850154441,rv0127,Echenoz,male,Piano,2002,2002,novel,blanche,n.av.,N/A,N/A,contemporains,contemporains
rv0128,35527,3398,10.4552678046,9,6,7.1357125349,rv0128,Dard,male,Coma,1959,1959,novel,blanche,n.av.,N/A,N/A,contemporains,contemporains
rv0145,116571,8139,14.3225211942,10,1,13.4941359253,rv0145,Mirbeau,male,JournalFemmeChambre,1900,1900,novel,blanche,n.av.,N/A,N/A,contemporains,contemporains
rv0150,34712,679,51.1222385862,42,24,35.9664557801,rv0150,Ravey,male,BureauIllettres,1992,1992,novel,blanche,autodiegetic,N/A,N/A,contemporains,contemporains
rv0151,22193,2252,9.8547957371,8,5,7.3304251185,rv0151,Ravey,male,EnlevementRancon,2010,2010,novel,policier,autodiegetic,N/A,N/A,contemporains,contemporains
rv0152,26210,2094,12.5167144222,10,5,9.3060279474,rv0152,Ravey,male,FilleMeilleurAmi,2014,2014,novel,blanche,autodiegetic,N/A,N/A,contemporains,contemporains
rv0153,9619,446,21.567264574,17,8,16.7337017998,rv0153,Ravey,male,Drap,2003,2003,novel,blanche,autodiegetic,N/A,N/A,contemporains,contemporains
rv0154,16923,1153,14.6773633998,12,5,10.6543086327,rv0154,Ravey,male,PrisPiege,2005,2005,novel,blanche,autodiegetic,N/A,N/A,contemporains,contemporains
rv0155,20360,1432,14.217877095,12,5,10.3545398764,rv0155,Ravey,male,NotairePeuOrdinaire,2013,2013,novel,blanche,autodiegetic,N/A,N/A,contemporains,contemporains
rv0156,74829,2024,36.9708498024,27,1,34.3272964374,rv0156,Proust,male,GuermantesR3a,1920,1920,novel,blanche,n.av.,N/A,N/A,contemporains,contemporains
rv0157,83984,3024,27.7724867725,21,15,23.8888483128,rv0157,Proust,male,GuermantesR3b,1920,1920,novel,blanche,n.av.,N/A,N/A,contemporains,contemporains
rv0158,89140,2893,30.8123055652,23,10,27.8292847837,rv0158,Proust,male,GuermantesR3c,1920,1920,novel,blanche,n.av.,N/A,N/A,contemporains,contemporains
rv0159,112523,3779,29.7758666314,22,7,29.6583579288,rv0159,Proust,male,SodomeR4a,1921,1921,novel,blanche,n.av.,N/A,N/A,contemporains,contemporains
rv0160,114098,4137,27.5798888083,21,12,24.2377527853,rv0160,Proust,male,SodomeR4c,1921,1921,novel,blanche,n.av.,N/A,N/A,contemporains,contemporains
rv0161,83644,2577,32.4578967792,25,9,27.7010040864,rv0161,Proust,male,PrisonniereR5a,1923,1923,novel,blanche,n.av.,N/A,N/A,contemporains,contemporains
rv0162,88727,2806,31.6204561654,23,14,30.0926627016,rv0162,Proust,male,PrisonniereR5b,1923,1923,novel,blanche,n.av.,N/A,N/A,contemporains,contemporains
rv0163,115532,3397,34.0100088313,27,22,28.9698800051,rv0163,Proust,male,AlbertineR6,1925,1925,novel,blanche,n.av.,N/A,N/A,contemporains,contemporains
rv0164,71587,2085,34.3342925659,27,17,28.7060183705,rv0164,Proust,male,TempsRetrouveR7a,1927,1927,novel,blanche,n.av.,N/A,N/A,contemporains,contemporains
rv0165,79370,1965,40.3918575064,31,18,32.5601128916,rv0165,Proust,male,TempsRetrouveR7b,1927,1927,novel,blanche,n.av.,N/A,N/A,contemporains,contemporains
rv0166,192231,5852,32.8487696514,23,3,32.3820198362,rv0166,Perec,male,Vie,1978,1978,novel,blanche,n.av.,N/A,N/A,contemporains,contemporains
rv0170,64893,2828,22.9466053748,21,12,14.665542096,rv0170,Verne,male,InvasionMer,1905,1905,novel,blanche,n.av.,N/A,N/A,contemporains,contemporains
rv0173,151223,8825,17.1357507082,14,8,12.0871030027,rv0173,Verne,male,NaufragesJonathan,1909,1909,novel,blanche,n.av.,N/A,N/A,contemporains,contemporains
rv0179,62823,2334,26.9164524422,14,4,84.8396559822,rv0179,Beckett,male,Innommable,1953,1953,novel,blanche,n.av.,N/A,N/A,contemporains,contemporains
rv0180,52266,2836,18.4294781382,13,5,17.6532269855,rv0180,Beckett,male,Malone,1951,1951,novel,blanche,n.av.,N/A,N/A,contemporains,contemporains
rv0181,36087,3621,9.966031483,7,2,10.2604150799,rv0181,Beckett,male,MercierCamier,1970,1970,novel,blanche,n.av.,N/A,N/A,contemporains,contemporains
rv0182,82456,5098,16.1741859553,12,5,14.6631279433,rv0182,Beckett,male,Molloy,1951,1951,novel,blanche,n.av.,N/A,N/A,contemporains,contemporains
rv0183,65183,4183,15.5828352857,11,1,13.9714288527,rv0183,Beckett,male,Murphy,1947,1947,novel,blanche,heterodiegetic,N/A,N/A,contemporains,contemporains
rv0184,112988,1811,62.3898398675,17,2,110.8205796259,rv0184,Simon,male,Histoire,1967,1967,novel,blanche,n.av.,N/A,N/A,contemporains,contemporains
rv0185,62602,1778,35.209223847,28,21,33.2313546149,rv0185,Simon,male,Tryptique,1973,1973,novel,blanche,n.av.,N/A,N/A,contemporains,contemporains
rv0186,136970,2565,53.3996101365,17,1,142.665419735,rv0186,Simon,male,Georgiques,1981,1981,novel,blanche,n.av.,N/A,N/A,contemporains,contemporains
rv0187,59663,656,90.949695122,12,2,173.8049147293,rv0187,Simon,male,Palace,1962,1962,novel,blanche,n.av.,N/A,N/A,contemporains,contemporains
rv0188,102267,1061,96.3873704053,30,3,196.5061023166,rv0188,Simon,male,Acacia,1989,1989,novel,blanche,n.av.,N/A,N/A,contemporains,contemporains
rv0189,72548,2122,34.1885014138,17,11,79.8303237128,rv0189,Simon,male,Bataille,1969,1969,novel,blanche,n.av.,N/A,N/A,contemporains,contemporains
rv0190,62357,838,74.4116945107,11,5,188.1232107976,rv0190,Simon,male,Herbe,1958,1958,novel,blanche,n.av.,N/A,N/A,contemporains,contemporains
rv0191,27604,179,154.2122905028,96,N/A,167.7359246184,rv0191,Simon,male,Tramway,2001,2001,novel,blanche,n.av.,N/A,N/A,contemporains,contemporains
rv0192,95205,1008,94.4494047619,14,1,225.8022852925,rv0192,Simon,male,RouteFlandres,1960,1960,novel,blanche,n.av.,N/A,N/A,contemporains,contemporains
rv0193,30087,1873,16.0635344367,13,7,11.9439749157,rv0193,RobbeGrillet,male,n.av.,1981,1981,novel,blanche,n.av.,N/A,N/A,contemporains,contemporains
rv0195,37424,1712,21.8598130841,19,N/A,14.7039387553,rv0195,RobbeGrillet,male,Jalousie,1957,1957,novel,blanche,n.av.,N/A,N/A,contemporains,contemporains
rv0196,44306,3094,14.3199741435,10,1,15.0739314183,rv0196,RobbeGrillet,male,Marienbad,1961,1961,film-script,blanche,n.av.,N/A,N/A,contemporains,contemporains
rv0197,54911,2202,24.9368755677,20,1,21.8483983258,rv0197,RobbeGrillet,male,Reprise,2001,2001,novel,blanche,n.av.,N/A,N/A,contemporains,contemporains
rv0198,49927,1570,31.8006369427,24,3,29.2958617473,rv0198,RobbeGrillet,male,Souvenirs,1978,1978,novel,blanche,n.av.,N/A,N/A,contemporains,contemporains
rv0199,75678,3559,21.2638381568,18,9,15.8076849721,rv0199,RobbeGrillet,male,Voyeur,1953,1953,novel,blanche,n.av.,N/A,N/A,contemporains,contemporains
rv0200,54863,5385,10.1881151346,8,7,8.105804967,rv0200,BoilNarc,male,EtMonTout,1965,1965,novel,blanche,n.av.,N/A,N/A,contemporains,contemporains
rv0201,75360,5601,13.454740225,9,5,14.0736627674,rv0201,Rolland,male,ColasBreugnon,1919,1919,novel,blanche,n.av.,N/A,N/A,contemporains,contemporains
rv0202,32502,1770,18.3627118644,12,7,21.6615614018,rv0202,Bon,male,Autoroute,1997,1997,novel,blanche,n.av.,N/A,N/A,contemporains,contemporains
rv0203,29612,1390,21.3035971223,14,7,22.0822185378,rv0203,Perec,male,Choses,1965,1965,novel,blanche,heterodiegetic,N/A,N/A,contemporains,contemporains
rv0204,27006,744,36.2983870968,25,4,35.3249842679,rv0204,Viel,male,Insoupçonnable,2006,2006,novel,blanche,n.av.,N/A,N/A,contemporains,contemporains
rv0205,34508,1115,30.9488789238,24,16,25.616420009,rv0205,Viel,male,Perfection,2001,2001,novel,blanche,n.av.,N/A,N/A,contemporains,contemporains
rv0206,37664,2200,17.12,15,13,10.6804051677,rv0206,Audoux,female,MarieClaire,1910,1910,novel,blanche,autodiegetic,N/A,N/A,contemporains,contemporains
rv0207,65054,3739,17.3987697245,15,N/A,11.3522278364,rv0207,Audoux,female,VilleMoulin,1926,1926,novel,blanche,n.av.,N/A,N/A,contemporains,contemporains
rv0208,58088,3720,15.6150537634,14,9,9.9363668555,rv0208,Audoux,female,Atelier,1920,1920,novel,blanche,autodiegetic,N/A,N/A,contemporains,contemporains
rv0209,29069,896,32.4430803571,28,18,22.701800813,rv0209,Viel,male,BlackNote,1998,1998,novel,blanche,n.av.,N/A,N/A,contemporains,contemporains
rv0210,35957,926,38.8304535637,30,9,32.9102185515,rv0210,Viel,male,ParisBrest,2009,2009,novel,blanche,n.av.,N/A,N/A,contemporains,contemporains
rv0211,48640,3048,15.9580052493,14,7,11.0808977156,rv0211,Audoux,female,DouceLumiere,1937,1937,novel,blanche,heterodiegetic,N/A,N/A,contemporains,contemporains
rv0212,39417,3233,12.1920816579,9,4,11.636409966,rv0212,Duras,female,Ravissement,1964,1964,novel,blanche,n.av.,N/A,N/A,contemporains,contemporains
rv0213,88552,6203,14.2756730614,12,7,10.5098972191,rv0213,Duras,female,BarragePacifique,1950,1950,novel,blanche,n.av.,N/A,N/A,contemporains,contemporains
rv0214,19329,1697,11.3901001768,9,7,8.4246374414,rv0214,Duras,female,ModeratoCantabile,1958,1958,novel,blanche,heterodiegetic,N/A,N/A,contemporains,contemporains
rv0215,31552,1982,15.9192734612,12,6,14.683253154,rv0215,Duras,female,Amant,1984,1984,novel,blanche,n.av.,N/A,N/A,contemporains,contemporains
rv0216,29320,2317,12.6542943461,10,2,10.2015106689,rv0216,Duras,female,YeuxBleus,1986,1986,novel,blanche,n.av.,N/A,N/A,contemporains,contemporains
rv0217,17558,2770,6.3386281588,5,4,4.9911968276,rv0217,Duras,female,Detruire,1969,1969,novel,blanche,n.av.,N/A,N/A,contemporains,contemporains
rv0218,57773,5495,10.5137397634,9,7,7.2112881971,rv0218,Duras,female,PetitsChevaux,1953,1953,novel,blanche,n.av.,N/A,N/A,contemporains,contemporains
rv0219,112515,10204,11.0265582125,9,5,8.5347067552,rv0219,Duras,female,MarinGibraltar,1952,1952,novel,blanche,n.av.,N/A,N/A,contemporains,contemporains
rv0220,51292,3792,13.526371308,12,9,8.5427900805,rv0220,Duras,female,VieTranquille,1944,1944,novel,blanche,n.av.,N/A,N/A,contemporains,contemporains
rv0221,47970,3480,13.7844827586,11,6,11.7212151952,rv0221,Duras,female,JourneesEntieres,1954,1954,novel,blanche,n.av.,N/A,N/A,contemporains,contemporains
rv0222,87486,5357,16.3311554975,12,4,14.3897229764,rv0222,Bernanos,male,Imposture,1927,1927,novel,blanche,n.av.,N/A,N/A,contemporains,contemporains
rv0223,33277,2026,16.4249753208,13,7,12.804727815,rv0223,Bernanos,male,Mouchette,1937,1937,novel,blanche,n.av.,N/A,N/A,contemporains,contemporains
rv0224,98132,6499,15.0995537775,12,7,12.9195111986,rv0224,Bernanos,male,SoleilSatan,1926,1926,novel,blanche,n.av.,N/A,N/A,contemporains,contemporains
rv0225,60310,3720,16.2123655914,12,1,14.5277471925,rv0225,Bernanos,male,MauvaisReve,1950,1950,novel,blanche,n.av.,N/A,N/A,contemporains,contemporains
rv0226,109627,4044,27.1085558853,19,7,25.2584530805,rv0226,NDiaye,female,Ladivine,2013,2013,novel,blanche,n.av.,N/A,N/A,contemporains,contemporains
rv0227,85028,3049,27.8871761233,16,10,32.1236602355,rv0227,NDiaye,female,TroisFemmes,2009,2009,novel,blanche,n.av.,N/A,N/A,contemporains,contemporains
rv0228,38108,2851,13.3665380568,11,6,8.9500732903,rv0228,Modiano,male,Inconnues,1999,1999,novel,blanche,n.av.,N/A,N/A,contemporains,contemporains
rv0229,36430,2980,12.2248322148,10,7,9.3270437855,rv0229,Modiano,male,Dimanches,1986,1986,novel,blanche,n.av.,N/A,N/A,contemporains,contemporains
rv0230,29636,1763,16.8099829836,14,3,13.2297072058,rv0230,Modiano,male,DoraBruder,1997,1997,novel,blanche,n.av.,N/A,N/A,contemporains,contemporains
rv0231,35841,2815,12.7321492007,10,5,8.8320432372,rv0231,Modiano,male,PlusLoinOubli,1996,1996,novel,blanche,n.av.,N/A,N/A,contemporains,contemporains
rv0232,24384,1611,15.1359404097,12,6,11.388278167,rv0232,Modiano,male,FleursRuine,1991,1991,novel,blanche,n.av.,N/A,N/A,contemporains,contemporains
rv0233,34978,3130,11.1750798722,9,6,8.3867013288,rv0233,Modiano,male,Boulevards,1972,1972,novel,blanche,n.av.,N/A,N/A,contemporains,contemporains
rv0234,44365,3728,11.9004828326,9,6,9.801710008,rv0234,Modiano,male,QuartierPerdu,1984,1984,novel,blanche,n.av.,N/A,N/A,contemporains,contemporains
rv0235,20491,1509,13.5791915176,11,7,9.7956518739,rv0235,Modiano,male,RemisePeine,1988,1988,novel,blanche,n.av.,N/A,N/A,contemporains,contemporains
rv0236,46835,4221,11.0957119166,9,4,9.3842571118,rv0236,Modiano,male,RueBoutiques,1978,1978,novel,blanche,n.av.,N/A,N/A,contemporains,contemporains
rv0237,33695,2938,11.4686861811,9,8,7.9653696327,rv0237,Modiano,male,CirquePasse,1992,1992,novel,blanche,n.av.,N/A,N/A,contemporains,contemporains
rv0238,41920,3595,11.6606397775,9,4,9.4028371496,rv0238,Modiano,male,Jeunesse,1981,1981,novel,blanche,n.av.,N/A,N/A,contemporains,contemporains
rv0239,31855,2368,13.4522804054,10,6,10.6101169149,rv0239,Modiano,male,Vestiaire,1989,1989,novel,blanche,n.av.,N/A,N/A,contemporains,contemporains
rv0240,45911,3700,12.4083783784,10,5,9.9027151651,rv0240,Modiano,male,VillaTriste,1975,1975,novel,blanche,n.av.,N/A,N/A,contemporains,contemporains
rv0241,37583,2775,13.5434234234,11,7,10.3196221294,rv0241,Modiano,male,VoyageNoces,1990,1990,novel,blanche,n.av.,N/A,N/A,contemporains,contemporains
rv0321,25347,2052,12.3523391813,8,1,13.1544702334,rv0321,Allais,male,Boomerang,1912,1912,novel,blanche,n.av.,N/A,N/A,contemporains,contemporains
rv0322,39300,3157,12.4485270827,8,2,12.4027913016,rv0322,Allais,male,CaptainCap,1902,1902,novel,blanche,n.av.,N/A,N/A,contemporains,contemporains
rv0324,42133,3443,12.2372930584,8,1,11.7132593601,rv0324,Colette,female,ClaudineSenVa,1903,1903,novel,blanche,autodiegetic,N/A,N/A,contemporains,contemporains
rv0326,63438,4127,15.3714562636,12,8,12.0593954269,rv0326,Delly,mixed,EntreDeuxAmes,1913,1913,novel,blanche,n.av.,N/A,N/A,contemporains,contemporains
rv0338,41448,2858,14.5024492652,11,6,11.9105378017,rv0338,Delly,mixed,EsclaveReine,1910,1910,novel,blanche,heterodiegetic,N/A,N/A,contemporains,contemporains
rv0360,37182,2432,15.2886513158,12,1,12.370037661,rv0360,Galopin,male,GreenPark,1910,1910,novel,policier,autodiegetic,N/A,N/A,contemporains,contemporains
rv0361,123197,8042,15.3191992042,13,1,12.3108398928,rv0361,Galopin,male,MemoiresCambrioleur,1922,1922,novel,policier,homodiegetic,N/A,N/A,contemporains,contemporains
rv0362,40028,2389,16.7551276685,14,1,13.0059031207,rv0362,Galopin,male,Bacille,1928,1928,novel,blanche,n.av.,N/A,N/A,contemporains,contemporains
rv0363,198246,16227,12.2170456646,10,1,9.2533134616,rv0363,Galopin,male,Aviateur,1926,1926,novel,blanche,n.av.,N/A,N/A,contemporains,contemporains
rv0381,47730,2224,21.4613309353,19,N/A,15.1654051017,rv0381,LeRouge,male,ValleeDesespoir,1928,1928,novel,blanche,n.av.,N/A,N/A,contemporains,contemporains
rv0383,235786,20609,11.4409238682,9,1,8.617272135,rv0383,Galopin,male,Aviateur2,1926,1926,novel,blanche,n.av.,N/A,N/A,contemporains,contemporains
rv0384,73937,3374,21.9137522229,20,12,14.1476244013,rv0384,LeRouge,male,GuerreVampires,1909,1909,novel,blanche,n.av.,N/A,N/A,contemporains,contemporains
rv0385,47672,3455,13.7979739508,11,2,11.2585839362,rv0385,LeRouge,male,Sousmarin,1902,1902,novel,blanche,n.av.,N/A,N/A,contemporains,contemporains
rv0386,41389,2188,18.9163619744,16,7,13.4730704093,rv0386,LeRouge,male,ReineElephants,1906,1906,novel,blanche,n.av.,N/A,N/A,contemporains,contemporains
rv0387,67886,3183,21.3276782909,19,1,15.5516351491,rv0387,LeRouge,male,PrisonnierMars,1908,1908,novel,blanche,n.av.,N/A,N/A,contemporains,contemporains
rv0388,100535,5823,17.2651554182,14,6,12.9116776693,rv0388,LeRouge,male,AventuresToddMarvel2,1923,1923,short_novels,policier,heterodiegetic,N/A,N/A,contemporains,contemporains
rv0389,50896,3399,14.9738158282,13,5,10.5724175768,rv0389,LeRouge,male,DameNoire,1923,1923,novel,policier,heterodiegetic,N/A,N/A,contemporains,contemporains
rv0390,47510,2897,16.3997238523,14,7,12.1623910286,rv0390,LeRouge,male,EspionneLama,1905,1905,novel,blanche,n.av.,N/A,N/A,contemporains,contemporains
rv0391,104321,6055,17.2289017341,14,4,13.0965842471,rv0391,LeRouge,male,AventuresToddMarvel1,1923,1923,short_novels,policier,heterodiegetic,N/A,N/A,contemporains,contemporains
rv0392,25378,1444,17.5747922438,14,8,13.3155014125,rv0392,LeRouge,male,EsclaveAmoureuse,1904,1904,novel,blanche,n.av.,N/A,N/A,contemporains,contemporains
rv0394,137837,8576,16.0724113806,13,5,12.4989273445,rv0394,LeRouge,male,MysterieuxDrCornelius3,1913,1913,novel,blanche,n.av.,N/A,N/A,contemporains,contemporains
rv0395,106008,6152,17.2314694408,14,1,13.7676260564,rv0395,LeRouge,male,MysterieuxDrCornelius2,1913,1913,novel,blanche,n.av.,N/A,N/A,contemporains,contemporains
rv0396,126372,7144,17.68924972,15,4,13.0294917778,rv0396,LeRouge,male,MysterieuxDrCornelius1,1913,1913,novel,blanche,n.av.,N/A,N/A,contemporains,contemporains
rv0397,76683,5104,15.0240987461,12,6,11.0392222139,rv0397,LeRouge,male,Conspiration3,1900,1900,novel,blanche,n.av.,N/A,N/A,contemporains,contemporains
rv0398,73449,4891,15.017174402,12,6,11.95536712,rv0398,LeRouge,male,Conspiration2,1900,1900,novel,blanche,n.av.,N/A,N/A,contemporains,contemporains
rv0399,75382,4617,16.3270521984,13,1,12.2939429555,rv0399,LeRouge,male,Conspiration1,1900,1900,novel,blanche,n.av.,N/A,N/A,contemporains,contemporains
rv0400,81135,4357,18.6217580904,16,11,12.5158669765,rv0400,LeRougeGuitton,male,PrincesseAirs2,1902,1902,novel,blanche,n.av.,N/A,N/A,contemporains,contemporains
rv0401,80250,4318,18.5849930523,16,9,12.8718548554,rv0401,LeRougeGuitton,male,PrincesseAirs1,1902,1902,novel,blanche,n.av.,N/A,N/A,contemporains,contemporains
rv0406,39473,1226,32.1965742251,28,1,25.5018411774,rv0406,Loti,male,PrimeJeunesse,1919,1919,novel,blanche,n.av.,N/A,N/A,contemporains,contemporains
rv0436,91299,6338,14.4050173556,10,1,13.6301465969,rv0436,Renard,male,MaitreLumiere,1933,1933,novel,blanche,n.av.,N/A,N/A,contemporains,contemporains
rv0486,78864,5144,15.3312597201,13,10,11.051867092,rv0486,LeRougeGuitton,male,Conspiration4,1900,1900,novel,blanche,n.av.,N/A,N/A,contemporains,contemporains
rv0487,164866,11187,14.7372843479,12,7,11.85927617,rv0487,Giono,male,HussardToit,1951,1951,novel,blanche,heterodiegetic,N/A,N/A,contemporains,contemporains
rv0488,64096,4056,15.8027613412,11,7,15.3291484814,rv0488,Giono,male,RoiSansDivertissement,1947,1947,novel,blanche,n.av.,N/A,N/A,contemporains,contemporains
rv0489,67454,6240,10.8099358974,8,4,9.8176693796,rv0489,Giono,male,GrandTroupeau,1931,1931,novel,blanche,n.av.,N/A,N/A,contemporains,contemporains
rv0490,81156,8010,10.131835206,8,4,9.1263347118,rv0490,Giono,male,ChantMonde,1934,1934,novel,blanche,n.av.,N/A,N/A,contemporains,contemporains
rv0491,96947,7004,13.8416619075,10,5,13.1558845815,rv0491,Malraux,male,ConditionHumaine,1933,1933,novel,blanche,n.av.,N/A,N/A,contemporains,contemporains
rv0492,153175,11186,13.6934561058,10,4,12.1793978168,rv0492,Malraux,male,Espoir,1937,1937,novel,blanche,n.av.,N/A,N/A,contemporains,contemporains
rv0493,73027,6264,11.6582056194,9,7,8.5525497739,rv0493,Giono,male,GrandsChemins,1951,1951,novel,blanche,n.av.,N/A,N/A,contemporains,contemporains
rv0494,58031,3237,17.9274019154,14,7,15.2389873174,rv0494,Malraux,male,NoyersAltenburg,1943,1943,novel,blanche,n.av.,N/A,N/A,contemporains,contemporains
rv0495,135205,6536,20.6861995104,18,1,15.7663836955,rv0495,Tournier,male,RoiAulnes,1970,1970,novel,blanche,n.av.,N/A,N/A,contemporains,contemporains
rv0496,70979,3600,19.7163888889,18,1,13.865138468,rv0496,Tournier,male,Vendredi,1967,1967,novel,blanche,n.av.,N/A,N/A,contemporains,contemporains
rv0497,172337,9373,18.3865357943,15,4,14.1251760938,rv0497,Tournier,male,Meteores,1975,1975,novel,blanche,n.av.,N/A,N/A,contemporains,contemporains
rv0498,56997,4200,13.5707142857,11,8,10.0321269389,rv0498,Tournier,male,GoutteOr,1985,1985,novel,blanche,n.av.,N/A,N/A,contemporains,contemporains
rv0499,77408,3899,19.8532957169,17,10,14.0372501648,rv0499,Tournier,male,Gaspard,1980,1980,novel,blanche,n.av.,N/A,N/A,contemporains,contemporains
rv0500,113271,16340,6.932129743,4,1,8.9457624928,rv0500,Celine,male,ChateauLAutre,1957,1957,novel,blanche,n.av.,N/A,N/A,contemporains,contemporains
rv0501,88828,14359,6.1862246675,4,1,7.5401104247,rv0501,Celine,male,GuignolsBand1,1944,1944,novel,blanche,n.av.,N/A,N/A,contemporains,contemporains
rv0502,193211,12858,15.0265204542,11,4,13.0299795401,rv0502,Celine,male,VoyageNuit,1932,1932,novel,blanche,n.av.,N/A,N/A,contemporains,contemporains
rv0503,148593,16571,8.967050872,4,1,13.5599968496,rv0503,Celine,male,Nord,1960,1960,novel,blanche,n.av.,N/A,N/A,contemporains,contemporains
rv0504,36750,2698,13.6212008895,10,5,12.1117368184,rv0504,Giono,male,SolitudePitie,1932,1932,novel,blanche,n.av.,N/A,N/A,contemporains,contemporains
rv0505,73913,6371,11.6014754356,9,6,10.8061437652,rv0505,Giono,male,DeuxCavaliersOrage,1965,1965,novel,blanche,n.av.,N/A,N/A,contemporains,contemporains
rv0506,88191,1770,49.8254237288,32,7,55.7843054287,rv0506,Butor,male,Modification,1957,1957,novel,blanche,n.av.,N/A,N/A,contemporains,contemporains
rv0507,43109,3127,13.7860569236,11,6,10.3084795012,rv0507,Khadra,male,HirondellesKaboul,2002,2002,novel,blanche,n.av.,N/A,N/A,contemporains,contemporains
rv0508,119315,9778,12.2023931274,10,6,9.180239167,rv0508,Khadra,male,PartDuMort,2004,2004,novel,policier,n.av.,N/A,N/A,contemporains,contemporains
rv0509,83185,6564,12.672912858,10,7,9.6206279109,rv0509,Khadra,male,SirenesBagdad,2006,2006,novel,blanche,n.av.,N/A,N/A,contemporains,contemporains
rv0510,67022,5037,13.3059360731,11,8,10.358623581,rv0510,Khadra,male,Attentat,2005,2005,novel,blanche,n.av.,N/A,N/A,contemporains,contemporains
rv0511,122971,9401,13.0806297202,10,6,10.3450052885,rv0511,Khadra,male,AngesMeurent,2013,2013,novel,blanche,n.av.,N/A,N/A,contemporains,contemporains
rv0512,78818,6607,11.9294687453,9,6,9.6293275576,rv0512,Khadra,male,AttendentSinges,2014,2014,novel,blanche,n.av.,N/A,N/A,contemporains,contemporains
rv0513,36735,888,41.3682432432,30.5,N/A,42.1168551414,rv0513,Toussaint,male,Fuir,2005,2005,novel,blanche,n.av.,N/A,N/A,contemporains,contemporains
rv0514,15267,1324,11.5309667674,9,4,9.5548081237,rv0514,Khadra,male,CousineK,2003,2003,novel,blanche,n.av.,N/A,N/A,contemporains,contemporains
rv0515,32919,951,34.6151419558,28,4,30.3277425538,rv0515,Toussaint,male,FaireAmour,2002,2002,novel,blanche,n.av.,N/A,N/A,contemporains,contemporains
rv0516,42124,986,42.7221095335,34,N/A,36.8238757819,rv0516,Toussaint,male,VeriteMarie,2009,2009,novel,blanche,n.av.,N/A,N/A,contemporains,contemporains
rv0517,22308,1394,16.0028694405,13,9,11.1515576088,rv0517,Toussaint,male,SalleBain,1985,1985,novel,blanche,n.av.,N/A,N/A,contemporains,contemporains
rv0518,24737,740,33.4283783784,29,27,23.5602506541,rv0518,Toussaint,male,AppareilPhoto,1988,1988,novel,blanche,n.av.,N/A,N/A,contemporains,contemporains
rv0519,55672,1507,36.9422694094,27,4,37.358607385,rv0519,Toussaint,male,Television,1997,1997,novel,blanche,n.av.,N/A,N/A,contemporains,contemporains
rv0520,74398,6789,10.9586095154,9,6,8.9335888677,rv0520,Khadra,male,RêventLoups,1999,1999,novel,blanche,n.av.,N/A,N/A,contemporains,contemporains
rv0521,18706,785,23.8292993631,20,19,18.133023192,rv0521,Toussaint,male,Monsieur,1986,1986,novel,blanche,n.av.,N/A,N/A,contemporains,contemporains
rv0522,93428,9075,10.2950964187,8,5,7.7544387487,rv0522,Manotti,male,SombreSentier,1995,1995,novel,blanche,n.av.,N/A,N/A,contemporains,contemporains
rv0523,72901,5836,12.4916038382,9,6,10.8475840763,rv0523,Manotti,male,CorpsNoir,2004,2004,novel,blanche,n.av.,N/A,N/A,contemporains,contemporains
rv0524,57856,4184,13.82791587,11,6,11.6381684337,rv0524,Manotti,male,BienConnuServices,2010,2010,novel,blanche,n.av.,N/A,N/A,contemporains,contemporains
rv0525,231936,26478,8.759573986,6,6,7.8495354569,rv0525,Celine,male,MortCredit,1936,1936,novel,blanche,n.av.,N/A,N/A,contemporains,contemporains
rv0526,31202,889,35.0978627672,27,N/A,31.5788599166,rv0526,Bon,male,Enterrement,1991,1991,novel,blanche,n.av.,N/A,N/A,contemporains,contemporains
rv0527,52593,2577,20.4086146682,15,8,18.6272248999,rv0527,Bon,male,Limite,1985,1985,novel,blanche,n.av.,N/A,N/A,contemporains,contemporains
rv0528,30244,702,43.0826210826,31,17,39.1569129149,rv0528,Bon,male,Mecanique,2001,2001,novel,blanche,n.av.,N/A,N/A,contemporains,contemporains
rv0529,37611,905,41.5591160221,30,16,39.7795456378,rv0529,Bon,male,TempsMachine,1993,1993,novel,blanche,n.av.,N/A,N/A,contemporains,contemporains
rv0530,37017,1364,27.1385630499,21,10,22.4521128003,rv0530,Bon,male,FaitDivers,1994,1994,novel,policier,mixed,N/A,N/A,contemporains,contemporains
rv0531,44244,1707,25.9191564148,18,8,25.0724649074,rv0531,Bon,male,SortieUsine,1982,1982,novel,blanche,n.av.,N/A,N/A,contemporains,contemporains
rv0532,69822,7947,8.7859569649,8,5,5.6063217387,rv0532,Pecherot,male,BoulevardBranques,2005,2005,novel,blanche,n.av.,N/A,N/A,contemporains,contemporains
rv0533,61963,7830,7.9135376756,7,6,5.5718511774,rv0533,Pecherot,male,Tranchecaille,2008,2008,novel,blanche,n.av.,N/A,N/A,contemporains,contemporains
rv0534,46760,5255,8.8981921979,8,7,5.8186440857,rv0534,Pecherot,male,BrouillardsButte,2001,2001,novel,blanche,n.av.,N/A,N/A,contemporains,contemporains
rv0535,65591,7159,9.1620338036,8,6,6.3407241622,rv0535,Pecherot,male,SoleilNoir,2007,2007,novel,blanche,n.av.,N/A,N/A,contemporains,contemporains
rv0536,178848,25791,6.9345120391,5,1,9.1597525026,rv0536,Celine,male,GuignolsBand2,1944,1944,novel,blanche,n.av.,N/A,N/A,contemporains,contemporains
rv0537,59391,3601,16.4929186337,13,8,12.3042977325,rv0537,Giono,male,Angelo,1958,1958,novel,blanche,n.av.,N/A,N/A,contemporains,contemporains
rv0538,36209,3764,9.6198193411,7,3,8.5986023362,rv0538,VianSullivan,male,EllesPasCompte,1950,1950,novel,policier,homodiegetic,N/A,N/A,contemporains,contemporains
rv0539,51223,4515,11.3450719823,8,5,9.4081840136,rv0539,VianSullivan,male,OnTueraAffreux,1948,1948,novel,policier,n.av.,N/A,N/A,contemporains,contemporains
rv0540,35815,3167,11.308809599,8,6,9.9871402032,rv0540,VianSullivan,male,JiraiCracher,1946,1946,novel,policier,homodiegetic,N/A,N/A,contemporains,contemporains
rv0541,54185,5437,9.9659738827,7,4,10.8057122984,rv0541,Vian,male,ArracheCoeur,1953,1953,novel,blanche,n.av.,N/A,N/A,contemporains,contemporains
rv0542,71040,7504,9.4669509595,7,4,9.3674244719,rv0542,Vian,male,AutomnePekin,1947,1947,novel,blanche,n.av.,N/A,N/A,contemporains,contemporains
rv0543,53323,5120,10.4146484375,8,5,9.2550735808,rv0543,Vian,male,EcumeJours,1947,1947,novel,blanche,n.av.,N/A,N/A,contemporains,contemporains
rv0544,39919,3520,11.340625,8,4,10.5772938441,rv0544,Vian,male,HerbeRouge,1950,1950,novel,blanche,n.av.,N/A,N/A,contemporains,contemporains
rv0545,32481,3480,9.3336206897,7,4,7.6217638013,rv0545,VianSullivan,male,MortMemePeau,1947,1947,novel,policier,homodiegetic,N/A,N/A,contemporains,contemporains
rv0546,97873,8263,11.8447295171,8,6,14.2146107969,rv0546,Queneau,male,Chiendent,1933,1933,novel,blanche,n.av.,N/A,N/A,contemporains,contemporains
rv0547,38396,3093,12.413837698,9,4,11.1562150433,rv0547,Queneau,male,Odile,1937,1937,novel,blanche,autodiegetic,N/A,N/A,contemporains,contemporains
rv0549,61227,5804,10.5491040662,7,4,10.6198568072,rv0549,Queneau,male,FleursBleues,1965,1965,novel,blanche,heterodiegetic,N/A,N/A,contemporains,contemporains
rv0550,29455,2621,11.2380770698,8,6,10.5807957728,rv0550,Queneau,male,RudeHiver,1939,1939,novel,blanche,n.av.,N/A,N/A,contemporains,contemporains
rv0551,32861,3138,10.4719566603,9,8,6.3899726305,rv0551,Pecherot,male,Tiurai,1996,1996,novel,blanche,n.av.,N/A,N/A,contemporains,contemporains
rv0552,54536,4485,12.1596432553,9,4,12.1806331965,rv0552,Queneau,male,PierrotMonAmi,1942,1942,novel,blanche,n.av.,N/A,N/A,contemporains,contemporains
rv0553,100505,6990,14.378397711,9,5,16.8645539938,rv0553,Queneau,male,EnfantsLimon,1938,1938,novel,blanche,n.av.,N/A,N/A,contemporains,contemporains
rv0554,88617,5312,16.6824171687,13,10,13.2021273569,rv0554,Camus,male,Peste,1947,1947,novel,blanche,n.av.,N/A,N/A,contemporains,contemporains
rv0555,55928,6415,8.7183164458,7,6,6.4855495926,rv0555,Pecherot,male,HommeCarabine,2011,2011,novel,blanche,n.av.,N/A,N/A,contemporains,contemporains
rv0556,39935,2567,15.5570705103,12,7,12.1231408909,rv0556,Camus,male,MortHeureuse,1938,1938,novel,blanche,n.av.,N/A,N/A,contemporains,contemporains
rv0557,54408,5610,9.6983957219,9,5,6.0603278116,rv0557,Pecherot,male,BellevilleBarcelone,2003,2003,novel,blanche,n.av.,N/A,N/A,contemporains,contemporains
rv0558,31552,2083,15.1473835814,13,12,11.1253874285,rv0558,Camus,male,Chute,1956,1956,novel,blanche,n.av.,N/A,N/A,contemporains,contemporains
rv0559,35099,2273,15.4417069952,14,11,9.64190622,rv0559,Camus,male,Etranger,1942,1942,novel,blanche,autodiegetic,N/A,N/A,contemporains,contemporains
rv0560,88046,4312,20.4188311688,12,4,28.7588640482,rv0560,Camus,male,PremierHomme,1960,1960,novel,blanche,n.av.,N/A,N/A,contemporains,contemporains
rv0573,85781,3394,25.2743076017,24,1,14.4005911007,rv0573,Roussel,female,ImpressionsAfrique,1910,1910,novel,blanche,heterodiegetic,N/A,N/A,contemporains,contemporains
rv0575,80569,2893,27.849637055,26,1,18.0727070975,rv0575,Roussel,male,LocusSolus,1914,1914,novel,blanche,heterodiegetic,N/A,N/A,contemporains,contemporains
rv0576,13431,1568,8.5656887755,8,6,2.9952379356,rv0576,Roussel,male,NouvellesImpressions,1932,1932,novel,blanche,n.av.,N/A,N/A,contemporains,contemporains
rv0578,94575,6359,14.8726214814,11,4,12.7616495251,rv0578,SouvAllain,male,MainCoupee,1911,1911,novel,policier,heterodiegetic,N/A,N/A,contemporains,contemporains
rv0579,105045,6538,16.0668400122,13,5,12.7986966808,rv0579,SouvAllain,male,MariageFantomas,1912,1912,novel,policier,heterodiegetic,N/A,N/A,contemporains,contemporains
rv0580,90519,6132,14.761741683,11,4,11.9263948901,rv0580,SouvAllain,male,TrainPerdu,1912,1912,novel,policier,heterodiegetic,N/A,N/A,contemporains,contemporains
rv0581,103391,8025,12.8836137072,10,5,10.5160390492,rv0581,SouvAllain,male,SouliersMort,1912,1912,novel,policier,n.av.,N/A,N/A,contemporains,contemporains
rv0582,121651,8095,15.0279184682,11,2,13.212735029,rv0582,SouvAllain,male,FaiseurReines,1913,1913,novel,policier,n.av.,N/A,N/A,contemporains,contemporains
rv0583,126886,7840,16.1844387755,12,7,13.6545915389,rv0583,SouvAllain,male,CadavreGeant,1913,1913,novel,policier,heterodiegetic,N/A,N/A,contemporains,contemporains
rv0584,125657,9080,13.838876652,10,2,12.4590751938,rv0584,SouvAllain,male,VoleurOr,1913,1913,novel,policier,heterodiegetic,N/A,N/A,contemporains,contemporains
rv0585,87722,6393,13.7215704677,9,1,13.5256411367,rv0585,SouvAllain,male,JuveFantomas,1911,1911,novel,policier,heterodiegetic,N/A,N/A,contemporains,contemporains
rv0587,94470,6074,15.5531774778,12,4,12.8572833015,rv0587,SouvAllain,male,EvadeeSaintLazare,1912,1912,novel,policier,n.av.,N/A,N/A,contemporains,contemporains
rv0603,99726,7060,14.1254957507,11,4,11.3802971401,rv0603,SouvAllain,male,GuepeRouge,1912,1912,novel,policier,heterodiegetic,N/A,N/A,contemporains,contemporains
rv0604,81352,5726,14.2074746769,10,1,12.9478083954,rv0604,SouvAllain,male,RoiPrisonnier,1911,1911,novel,policier,heterodiegetic,N/A,N/A,contemporains,contemporains
rv0659,48936,3470,14.1025936599,12,11,9.5449411236,rv0659,Ryck,male,ParisMourir,1969,1969,novel,policier,heterodiegetic,N/A,N/A,contemporains,contemporains
rv0660,51619,5006,10.3114262885,8,4,8.3603840855,rv0660,Ryck,male,HeuresOuvrables,1963,1963,novel,policier,n.av.,N/A,N/A,contemporains,contemporains
rv0661,79997,4918,16.2661651078,13,7,12.5412259564,rv0661,Ryck,male,ConseilFamille,1983,1983,novel,policier,homodiegetic,N/A,N/A,contemporains,contemporains
rv0662,51336,3478,14.7602070155,13,12,9.6953005911,rv0662,Ryck,male,DrolePistolet,1969,1969,novel,policier,heterodiegetic,N/A,N/A,contemporains,contemporains
rv0663,63055,4389,14.366598314,12,5,11.2275815799,rv0663,Ryck,male,AutobiographieTueur,1987,1987,novel,policier,homodiegetic,N/A,N/A,contemporains,contemporains
rv0664,43857,3024,14.5029761905,13,8,10.3761270379,rv0664,Ryck,male,PeauTorpedo,1968,1968,novel,policier,heterodiegetic,N/A,N/A,contemporains,contemporains
rv0665,50074,3313,15.1143978267,13,9,10.3072866425,rv0665,Ryck,male,Incroyant,1970,1970,novel,policier,heterodiegetic,N/A,N/A,contemporains,contemporains
rv0666,52633,4213,12.4929978638,10,6,9.7211176822,rv0666,Ryck,male,IntentionsPacifiques,1977,1977,novel,policier,heterodiegetic,N/A,N/A,contemporains,contemporains
rv0667,67274,5751,11.6977916884,9,4,9.6929091919,rv0667,Ryck,male,Piege,1981,1981,novel,policier,heterodiegetic,N/A,N/A,contemporains,contemporains
rv0668,46896,4141,11.3248007728,9,6,8.3127142265,rv0668,Ryck,male,VoulezVousMourir,1973,1973,novel,policier,heterodiegetic,N/A,N/A,contemporains,contemporains
rv0669,42475,3427,12.3942223519,11,8,7.7462003563,rv0669,Ryck,male,CimetiereDurs,1968,1968,novel,policier,heterodiegetic,N/A,N/A,contemporains,contemporains
rv0670,49717,3316,14.9930639324,13,7,10.8481797441,rv0670,Ryck,male,FeuVertPoissonsRouges,1967,1967,novel,policier,heterodiegetic,N/A,N/A,contemporains,contemporains
rv0672,39366,3696,10.650974026,9,6,7.7962375155,rv0672,Amila,male,BalconHiroshima,1985,1985,novel,policier,heterodiegetic,N/A,N/A,contemporains,contemporains
rv0673,75948,5961,12.7408152994,10,5,11.7297517422,rv0673,Pennac,male,Malaussene2FeeCarabine,1987,1987,novel,policier,homodiegetic,N/A,N/A,contemporains,contemporains
rv0674,14446,1480,9.7608108108,7,6,9.7319245835,rv0674,Pennac,male,Malaussene5ChretiensMaures,1996,1996,novel,policier,homodiegetic,N/A,N/A,contemporains,contemporains
rv0675,40932,3517,11.6383281206,8,5,15.7773457347,rv0675,Pennac,male,Malaussene6FruitsPassion,1999,1999,novel,policier,homodiegetic,N/A,N/A,contemporains,contemporains
rv0676,62811,5427,11.5737976783,9,6,10.6064253329,rv0676,Pennac,male,Malaussene1BonheurOgres,1985,1985,novel,policier,homodiegetic,N/A,N/A,contemporains,contemporains
rv0677,45021,4948,9.0988278092,7,2,7.5687988804,rv0677,Amila,male,BonneTisane,1955,1955,novel,policier,heterodiegetic,N/A,N/A,contemporains,contemporains
rv0678,138043,13837,9.9763677098,7,4,10.6568316999,rv0678,Pennac,male,Malaussene4MonsieurM,1995,1995,novel,policier,mixed,N/A,N/A,contemporains,contemporains
rv0679,50493,4691,10.7638030271,9,4,8.3940002245,rv0679,Amila,male,BoucherHurlus,1982,1982,novel,policier,heterodiegetic,N/A,N/A,contemporains,contemporains
rv0680,49031,4561,10.7500548125,8,6,9.038482158,rv0680,Amila,male,LuneOmaha,1964,1964,novel,policier,heterodiegetic,N/A,N/A,contemporains,contemporains
rv0681,51440,5099,10.0882525985,8,4,8.1774577423,rv0681,Amila,male,NocesSoufre,1964,1964,novel,policier,heterodiegetic,N/A,N/A,contemporains,contemporains
rv0682,94176,7746,12.1580170411,9,4,12.6730957929,rv0682,Pennac,male,Malaussene3PetiteMarchande,1989,1989,novel,policier,homodiegetic,N/A,N/A,contemporains,contemporains
rv0683,47500,5081,9.3485534344,8,5,7.1251045683,rv0683,Amila,male,PitieRats,1964,1964,novel,policier,heterodiegetic,N/A,N/A,contemporains,contemporains
rv0684,48414,4973,9.7353710034,8,5,7.4732547895,rv0684,Amila,male,NefDingues,1972,1972,novel,policier,n.av.,N/A,N/A,contemporains,contemporains
rv0685,47862,3113,15.3748795374,12,6,12.905143512,rv0685,Bourget,male,LaurenceAlbani,1919,1919,novel,blanche,n.av.,N/A,N/A,contemporains,contemporains
rv0686,47699,3152,15.1329314721,12,2,12.9735344344,rv0686,Bourget,male,DanseurMondain,1926,1926,novel,blanche,n.av.,N/A,N/A,contemporains,contemporains
rv0687,38056,2340,16.2632478632,13,11,12.5895058611,rv0687,Bourget,male,Laborantine,1934,1934,novel,blanche,n.av.,N/A,N/A,contemporains,contemporains
rv0688,49560,2677,18.5132611132,15,1,14.6475308616,rv0688,Bourget,male,DeuxSoeurs,1905,1905,novel,blanche,n.av.,N/A,N/A,contemporains,contemporains
rv0689,37462,3584,10.4525669643,8,6,8.0672386473,rv0689,Khadra,male,Morituri,1997,1997,novel,policier,homodiegetic,N/A,N/A,contemporains,contemporains
rv0690,36784,3453,10.652765711,9,7,7.8335320372,rv0690,Khadra,male,DoubleBlanc,1998,1998,novel,policier,homodiegetic,N/A,N/A,contemporains,contemporains
rv0691,38058,3318,11.4701627486,9,7,9.139705753,rv0691,Khadra,male,AutomneChimeres,1998,1998,novel,policier,homodiegetic,N/A,N/A,contemporains,contemporains
rv0692,118030,2379,49.613282892,24,3,65.9070454367,rv0692,Butor,male,EmploiTemps,1956,1956,novel,policier,homodiegetic,N/A,N/A,contemporains,contemporains
rv0694,18097,940,19.2521276596,10,2,24.1631697438,rv0694,Perec,male,CabinetAmateur,1979,1979,novel,blanche,n.av.,N/A,N/A,contemporains,contemporains
rv0695,25153,980,25.6663265306,16,N/A,31.6791937252,rv0695,Perec,male,HommeQuiDort,1967,1967,novel,blanche,n.av.,N/A,N/A,contemporains,contemporains
rv0696,77895,4957,15.7141416179,11,1,16.2365627854,rv0696,LeClezio,male,ProcesVerbal,1963,1963,novel,blanche,n.av.,N/A,N/A,contemporains,contemporains
rv0698,101054,5768,17.5197642164,15,12,11.9681714022,rv0698,LeClezio,male,EtoileErrante,1992,1992,novel,blanche,n.av.,N/A,N/A,contemporains,contemporains
rv0699,129935,6142,21.1551611853,19,17,13.7218325882,rv0699,LeClezio,male,Desert,1980,1980,novel,blanche,n.av.,N/A,N/A,contemporains,contemporains
rv0700,115265,7026,16.4054938799,14,14,11.1604359193,rv0700,LeClezio,male,ChercheurOr,1985,1985,novel,blanche,n.av.,N/A,N/A,contemporains,contemporains
rv0701,32434,2195,14.776309795,10,1,13.2418052728,rv0701,Colette,female,BleHerbe,1923,1923,novel,blanche,heterodiegetic,N/A,N/A,contemporains,contemporains
rv0702,78582,4850,16.2024742268,12,1,14.7795147327,rv0702,Colette,female,ClaudineEcole,1900,1900,novel,blanche,autodiegetic,N/A,N/A,contemporains,contemporains
rv0703,51147,3809,13.4279338409,10,1,11.9381497406,rv0703,Colette,female,ClaudineMenage,1902,1902,novel,blanche,autodiegetic,N/A,N/A,contemporains,contemporains
rv0704,55652,4527,12.2933510051,9,N/A,10.9299073115,rv0704,Colette,female,ClaudineParis,1901,1901,novel,blanche,autodiegetic,N/A,N/A,contemporains,contemporains
rv0706,32066,2598,12.3425712086,9,5,11.2936368076,rv0706,Colette,female,Duo,1934,1934,novel,blanche,heterodiegetic,N/A,N/A,contemporains,contemporains
rv0707,37739,2707,13.9412633912,10,4,12.2150364392,rv0707,Colette,female,FinDeCheri,1926,1926,novel,blanche,heterodiegetic,N/A,N/A,contemporains,contemporains
rv0708,53143,4203,12.644063764,9,1,11.5540863587,rv0708,Colette,female,IngenueLibertine,1909,1909,novel,blanche,heterodiegetic,N/A,N/A,contemporains,contemporains
rv0709,38050,3189,11.9316400125,9,6,11.2621363759,rv0709,Colette,female,JulieDeCarneilhan,1941,1941,novel,blanche,heterodiegetic,N/A,N/A,contemporains,contemporains
rv0710,37594,2253,16.6861961829,12,5,15.0462394377,rv0710,Colette,female,MaisonClaudine,1922,1922,novel,blanche,autodiegetic,N/A,N/A,contemporains,contemporains
rv0711,37904,2196,17.2604735883,13,5,14.5816745209,rv0711,Colette,female,NaissanceJour,1928,1928,novel,blanche,autodiegetic,N/A,N/A,contemporains,contemporains
rv0712,44576,2994,14.8884435538,10,1,15.0348597399,rv0712,Colette,female,RetraiteSentimentale,1907,1907,novel,blanche,autodiegetic,N/A,N/A,contemporains,contemporains
rv0713,40896,3577,11.4330444507,8,2,10.6493428293,rv0713,Colette,female,Seconde,1929,1929,novel,blanche,n.av.,N/A,N/A,contemporains,contemporains
rv0714,19447,1766,11.0118912797,8,4,9.8174951391,rv0714,Colette,female,Toutounier,1939,1939,novel,blanche,heterodiegetic,N/A,N/A,contemporains,contemporains
rv0715,30514,2020,15.1059405941,10,2,14.5569439847,rv0715,Colette,female,VrillesVigne,1908,1908,short_story,blanche,n.av.,N/A,N/A,contemporains,contemporains
rv0743,83864,4866,17.2346896835,12,1,17.5302098731,rv0743,Leroux,male,EtrangesNoces,1916,1916,novel,policier,heterodiegetic,N/A,N/A,contemporains,contemporains
rv0744,130669,6448,20.2650434243,13,1,21.5476923597,rv0744,Leroux,male,RouletabilleBohémiens,1922,1922,novel,policier,heterodiegetic,N/A,N/A,contemporains,contemporains
rv0745,221122,14746,14.99538858,10,1,15.5023212571,rv0745,Leroux,male,ReineSabbat,1911,1911,novel,policier,heterodiegetic,N/A,N/A,contemporains,contemporains
rv0748,38607,1064,36.2847744361,33,1,25.4338799515,rv0748,Loti,male,PrimeJeunesse,1919,1919,novel,blanche,n.av.,N/A,N/A,contemporains,contemporains
rv0762,34660,2532,13.6887835703,10,3,12.7254512525,rv0762,MduGard,male,Thibault1,1922,1922,novel,blanche,n.av.,N/A,N/A,contemporains,contemporains
rv0763,52656,3672,14.339869281,10,4,12.8069698133,rv0763,MduGard,male,Thibault2,1922,1922,novel,blanche,n.av.,N/A,N/A,contemporains,contemporains
rv0764,89018,6533,13.6258992806,10,3,13.0786789911,rv0764,MduGard,male,Thibault3,1923,1923,novel,blanche,n.av.,N/A,N/A,contemporains,contemporains
rv0765,30225,1997,15.1352028042,11,5,14.1167159824,rv0765,MduGard,male,Thibault4,1928,1928,novel,blanche,n.av.,N/A,N/A,contemporains,contemporains
rv0766,41987,3443,12.1948881789,9,4,12.0882637162,rv0766,MduGard,male,Thibault5,1928,1928,novel,blanche,n.av.,N/A,N/A,contemporains,contemporains
rv0767,52346,3392,15.4321933962,11,5,14.514310648,rv0767,MduGard,male,Thibault6,1929,1929,novel,blanche,n.av.,N/A,N/A,contemporains,contemporains
rv0768,135507,8378,16.1741465744,11,6,15.1953733023,rv0768,MduGard,male,Thibault7a,1936,1936,novel,blanche,n.av.,N/A,N/A,contemporains,contemporains
rv0769,142886,9616,14.8591930116,10,3,14.2547148524,rv0769,MduGard,male,Thibault7b,1936,1936,novel,blanche,n.av.,N/A,N/A,contemporains,contemporains
rv0770,92895,6407,14.4989854846,10,3,14.6044017527,rv0770,MduGard,male,Thibault8,1940,1940,novel,blanche,n.av.,N/A,N/A,contemporains,contemporains
rv0771,41198,2492,16.5321027287,12,5,14.3369007189,rv0771,Rolland,male,JeanChristophe01,1904,1904,novel,blanche,n.av.,N/A,N/A,contemporains,contemporains
rv0772,41422,2392,17.3168896321,13,4,14.945047021,rv0772,Rolland,male,JeanChristophe02,1904,1904,novel,blanche,n.av.,N/A,N/A,contemporains,contemporains
rv0773,54978,3723,14.7671232877,10,5,13.9049678936,rv0773,Rolland,male,JeanChristophe03,1904,1904,novel,blanche,n.av.,N/A,N/A,contemporains,contemporains
rv0774,97773,5773,16.9362549801,13,5,15.242542493,rv0774,Rolland,male,JeanChristophe04,1905,1905,novel,blanche,n.av.,N/A,N/A,contemporains,contemporains
rv0775,69725,3876,17.9889060888,13,6,16.2096249466,rv0775,Rolland,male,JeanChristophe05,1908,1908,novel,blanche,n.av.,N/A,N/A,contemporains,contemporains
rv0776,37818,1822,20.7563117453,16,6,19.0846775974,rv0776,Rolland,male,JeanChristophe06,1908,1908,novel,blanche,n.av.,N/A,N/A,contemporains,contemporains
rv0777,59130,3457,17.1044258027,12,4,16.1694214085,rv0777,Rolland,male,JeanChristophe07,1908,1908,novel,blanche,n.av.,N/A,N/A,contemporains,contemporains
rv0778,58954,3941,14.9591474245,11,5,13.7045937577,rv0778,Rolland,male,JeanChristophe08,1910,1910,novel,blanche,n.av.,N/A,N/A,contemporains,contemporains
rv0779,66432,4461,14.891728312,11,6,13.2240424262,rv0779,Rolland,male,JeanChristophe09,1911,1911,novel,blanche,n.av.,N/A,N/A,contemporains,contemporains
rv0780,60074,4156,14.4547641963,10,5,12.8005964098,rv0780,Rolland,male,JeanChristophe10,1912,1912,novel,blanche,n.av.,N/A,N/A,contemporains,contemporains
rv0785,105575,5659,18.6561229899,17,13,12.470433776,rv0785,Verne,male,BoursesVoyage,1903,1903,novel,blanche,n.av.,N/A,N/A,contemporains,contemporains
rv0789,61531,3066,20.0688193085,18,1,14.1286891184,rv0789,Verne,male,ChasseMeteoreV1,1901,1901,novel,blanche,n.av.,N/A,N/A,contemporains,contemporains
rv0790,72655,4271,17.0112385858,14,8,12.832325181,rv0790,Verne,male,ChasseMeteoreV2,1908,1908,novel,blanche,n.av.,N/A,N/A,contemporains,contemporains
rv0791,37013,3029,12.2195444041,10,7,9.2241269139,rv0791,Nothomb,female,Attentat,1997,1997,novel,blanche,autodiegetic,N/A,N/A,contemporains,contemporains
rv0792,20974,2034,10.3117010816,8,6,7.7895873036,rv0792,Nothomb,female,TuerPere,2011,2011,novel,blanche,autodiegetic,N/A,N/A,contemporains,contemporains
rv0793,27992,2088,13.4061302682,11,5,10.0989264236,rv0793,Nothomb,female,FormeVie,2010,2010,novel,blanche,autodiegetic,N/A,N/A,contemporains,contemporains
rv0794,25873,2366,10.9353338969,9,5,8.6389763844,rv0794,Nothomb,female,Petronille,2014,2014,novel,blanche,autodiegetic,N/A,N/A,contemporains,contemporains
rv0795,34575,3314,10.4330114665,9,5,8.1420629487,rv0795,Nothomb,female,Peplum,1996,1996,novel,blanche,dialogic,N/A,N/A,contemporains,contemporains
rv0796,37520,3066,12.2374429224,10,6,9.5616436799,rv0796,Nothomb,female,NiEveNiAdam,2007,2007,novel,blanche,autodiegetic,N/A,N/A,contemporains,contemporains
rv0797,21010,1575,13.3396825397,11,5,14.2711445986,rv0797,Nothomb,female,VoyageHiver,2009,2009,novel,blanche,autodiegetic,N/A,N/A,contemporains,contemporains
rv0798,35495,3094,11.4722042663,9,7,8.5353576479,rv0798,Nothomb,female,Catilinaires,1995,1995,novel,blanche,autodiegetic,N/A,N/A,contemporains,contemporains
rv0799,32687,2353,13.8916277093,11,N/A,11.2680768507,rv0799,Nothomb,female,SabotageAmoureux,1993,1993,novel,blanche,autodiegetic,N/A,N/A,contemporains,contemporains
rv0800,26997,2583,10.4518002323,9,7,7.41794053,rv0800,Nothomb,female,FaitPrince,2008,2008,novel,blanche,autodiegetic,N/A,N/A,contemporains,contemporains
rv0801,19203,1627,11.8027043639,9,6,9.6787891862,rv0801,Nothomb,female,CrimeComteNeville,2015,2015,novel,blanche,heterodiegetic,N/A,N/A,contemporains,contemporains
rv0802,47960,4276,11.2160898036,9,6,9.7044772466,rv0802,Nothomb,female,HygieneAssassin,1992,1992,novel,blanche,dialogic,N/A,N/A,contemporains,contemporains
rv0803,46711,3862,12.0950284827,10,5,9.5280681129,rv0803,Pelot,male,BalladePresqueHomme,1974,1974,novel,sciencefiction,diegetic,N/A,N/A,contemporains,contemporains
rv0804,81771,6960,11.7487068966,9,2,9.9640985454,rv0804,Pelot,male,DeliriumCircus,1977,1977,novel,sciencefiction,diegetic,N/A,N/A,contemporains,contemporains
rv0805,35296,3541,9.9678057046,8,2,7.9202522262,rv0805,Pelot,male,PlombNeige,1974,1974,novel,policier,diegetic,N/A,N/A,contemporains,contemporains
rv0806,37336,3701,10.0880843015,8,5,7.851246113,rv0806,Pelot,male,JeSuisLaBrume,1973,1973,novel,fantastic,diegetic,N/A,N/A,contemporains,contemporains
rv0807,46394,3067,15.1268340398,10,2,14.6798645232,rv0807,Pelot,male,BonheurSardines,1993,1993,novel,policier,diegetic,N/A,N/A,contemporains,contemporains
rv0808,36620,3115,11.7560192616,9,6,9.8694296663,rv0808,Pelot,male,BruitAutres,1985,1985,novel,sciencefiction,diegetic,N/A,N/A,contemporains,contemporains
rv0809,44777,3420,13.0926900585,10,2,11.9527532033,rv0809,Pelot,male,ChantHommeMort,2014,2014,novel,sciencefiction,diegetic,N/A,N/A,contemporains,contemporains
rv0850,52634,2830,18.5985865724,17,14,11.8374143979,rv0850,Verne,male,MaitreMonde,1904,1904,novel,blanche,n.av.,N/A,N/A,contemporains,contemporains
rv0851,92498,2306,40.1118820468,29,1,39.2327606968,rv0851,Proust,male,CombrayR1a,1913,1913,novel,blanche,n.av.,N/A,N/A,contemporains,contemporains
rv0852,89491,2500,35.7964,25,1,35.6318249187,rv0852,Proust,male,AmourSwannR1b,1913,1913,novel,blanche,n.av.,N/A,N/A,contemporains,contemporains
rv0853,74380,2119,35.1014629542,27,12,30.9018998078,rv0853,Proust,male,JeunesFillesR2a,1913,1913,novel,blanche,n.av.,N/A,N/A,contemporains,contemporains
rv0854,70426,1840,38.275,27,8,35.6697171677,rv0854,Proust,male,JeunesFillesR2b,1913,1913,novel,blanche,n.av.,N/A,N/A,contemporains,contemporains
rv0855,79071,2123,37.2449364107,28,N/A,33.0297303456,rv0855,Proust,male,JeunesFillesR2c,1913,1913,novel,blanche,n.av.,N/A,N/A,contemporains,contemporains
rv1010,17034,1043,16.3317353787,13,6,11.8923430476,rv1010,Daeninckx,male,CrimeSaintAdresse,2004,2004,novel,policier,heterodiegetic,N/A,N/A,contemporains,contemporains
rv1011,34130,2129,16.0310004697,14,8,11.2443703146,rv1011,Daeninckx,male,Galadio,2010,2010,novel,policier,n.av.,N/A,N/A,contemporains,contemporains
rv1012,85010,4507,18.8617705791,16,4,14.4161799483,rv1012,Daeninckx,male,Itineraire,2006,2006,novel,policier,heterodiegetic,N/A,N/A,contemporains,contemporains
rv1013,18667,991,18.8365287588,17,N/A,12.2230166854,rv1013,Daeninckx,male,JeTue,2003,2003,novel,policier,autodiegetic,N/A,N/A,contemporains,contemporains
rv1014,28693,1679,17.0893388922,13,N/A,14.0710906513,rv1014,Daeninckx,male,LouerCommission,2011,2011,novel,policier,n.av.,N/A,N/A,contemporains,contemporains
rv1015,53586,3879,13.8143851508,12,6,8.8123626705,rv1015,Daeninckx,male,Meurtres,1984,1984,novel,policier,mixed,N/A,N/A,contemporains,contemporains
rv1016,47193,3685,12.8067842605,11,7,9.0598257401,rv1016,Daeninckx,male,MortNOublie,1989,1989,novel,policier,heterodiegetic,N/A,N/A,contemporains,contemporains
rv1017,54158,2924,18.5218878249,15,11,13.692434519,rv1017,Daeninckx,male,MortPremier,1997,1997,novel,policier,heterodiegetic,N/A,N/A,contemporains,contemporains
rv1018,39822,4176,9.5359195402,9,1,6.0498925782,rv1018,Daeninckx,male,NazisMetro,1996,1996,novel,policier,heterodiegetic,N/A,N/A,contemporains,contemporains
rv1019,42007,4277,9.821603928,9,1,5.9426155353,rv1019,Daeninckx,male,RouteRom,2003,2003,novel,policier,heterodiegetic,N/A,N/A,contemporains,contemporains
rv1030,37435,3934,9.5157600407,8,1,7.9158725257,rv1030,Japrisot,male,AdieuAmi,1968,1968,film-script,policier,n.av.,N/A,N/A,contemporains,contemporains
rv1031,85755,10415,8.2337974076,8,4,4.954325259,rv1031,Japrisot,male,DameAuto,1966,1966,novel,policier,mixed,N/A,N/A,contemporains,contemporains
rv1032,132160,8077,16.3625108332,13,10,11.970614056,rv1032,Japrisot,male,EteMeurtrier,1977,1977,novel,policier,homodiegetic,N/A,N/A,contemporains,contemporains
rv1033,34539,4116,8.3913994169,6,1,7.2688957462,rv1033,Japrisot,male,CourseLievre,1972,1972,film-script,policier,n.av.,N/A,N/A,contemporains,contemporains
rv1034,34125,3362,10.1502082094,8,3,8.2636353682,rv1034,Japrisot,male,PassagerPluie,1992,1992,novel,policier,heterodiegetic,N/A,N/A,contemporains,contemporains
rv1035,49622,4243,11.6950271035,9,4,9.1636259116,rv1035,Japrisot,male,Piège pour Cendrillon,1963,1963,novel,policier,other,N/A,N/A,contemporains,contemporains
rv1036,58783,4406,13.3415796641,10,5,12.3513303519,rv1036,Japrisot,male,CompartimentTueurs,1962,1962,novel,policier,heterodiegetic,N/A,N/A,contemporains,contemporains
rv1037,64665,7687,8.4122544556,7,1,5.726685082,rv1037,Leblanc,male,AiguilleCreuse,1909,1909,novel,policier,heterodiegetic,N/A,N/A,contemporains,contemporains
rv1038,76016,6126,12.4087495919,8,4,11.6424062693,rv1038,Leblanc,male,BouchonCristal,1912,1912,novel,policier,heterodiegetic,N/A,N/A,contemporains,contemporains
rv1039,53716,4485,11.9768115942,9,4,10.8977572116,rv1039,Leblanc,male,CagliostroSeVenge,1935,1935,novel,policier,heterodiegetic,N/A,N/A,contemporains,contemporains
rv1040,48064,4257,11.2905802208,8,4,10.0337877897,rv1040,Leblanc,male,ChapeletRouge,1934,1934,novel,policier,heterodiegetic,N/A,N/A,contemporains,contemporains
rv1041,58001,4754,12.2004627682,9,4,10.948784652,rv1041,Leblanc,male,Frontiere,1911,1911,novel,policier,heterodiegetic,N/A,N/A,contemporains,contemporains
rv1042,61363,4732,12.9676669484,10,3,10.7869169238,rv1042,Leblanc,male,GentlemanCambrioleur,1907,1907,novel,policier,n.av.,N/A,N/A,contemporains,contemporains
rv1043,69128,5324,12.9842223892,9,4,11.0144420142,rv1043,Leblanc,male,HuitCoups,1923,1923,short_story,policier,n.av.,N/A,N/A,contemporains,contemporains
rv1044,114265,14682,7.7826590383,6,1,5.4808397109,rv1044,Leblanc,male,HuitCentTreize,1910,1910,novel,policier,heterodiegetic,N/A,N/A,contemporains,contemporains
rv1045,46950,4139,11.3433196424,8,4,10.6771364382,rv1045,Leblanc,male,MillardsLupin,1941,1941,novel,policier,heterodiegetic,N/A,N/A,contemporains,contemporains
rv1046,52651,4574,11.5109313511,8,3,10.5886945989,rv1046,Leblanc,male,Victor,1933,1933,novel,policier,heterodiegetic,N/A,N/A,contemporains,contemporains
rv1047,92838,4389,21.1524265208,15,1,20.2273984463,rv1047,Leroux,male,BatailleInvisible,1917,1917,novel,policier,homodiegetic,N/A,N/A,contemporains,contemporains
rv1048,85912,4171,20.597458643,15,1,19.770555937,rv1048,Leroux,male,CapitaineHyx,1917,1917,novel,policier,homodiegetic,N/A,N/A,contemporains,contemporains
rv1049,115230,6609,17.4353154789,12,1,17.3971725448,rv1049,Leroux,male,ChateauNoir,1914,1914,novel,policier,heterodiegetic,N/A,N/A,contemporains,contemporains
rv1050,87960,5660,15.5406360424,11,4,15.3049430438,rv1050,Leroux,male,Tenebreuses1FinMonde,1924,1924,novel,policier,heterodiegetic,N/A,N/A,contemporains,contemporains
rv1051,112607,11847,9.5051067781,8,1,6.1635200638,rv1051,Leroux,male,FilsTroisPeres,1925,1925,novel,policier,heterodiegetic,N/A,N/A,contemporains,contemporains
rv1052,59189,3122,18.9586803331,13,1,18.8879638738,rv1052,Leroux,male,RouletabilleKrupp,1917,1917,novel,policier,n.av.,N/A,N/A,contemporains,contemporains
rv1053,71175,3167,22.4739501105,13,1,25.0985276703,rv1053,Leroux,male,MachineAssassiner,1923,1923,novel,policier,heterodiegetic,N/A,N/A,contemporains,contemporains
rv1054,91474,5035,18.1676266137,13,2,17.2227680254,rv1054,Leroux,male,MystereChambre,1907,1907,novel,policier,homodiegetic,N/A,N/A,contemporains,contemporains
rv1055,71713,6194,11.5778172425,12,18,6.835738108,rv1055,Leroux,male,Poupee,1923,1923,novel,policier,heterodiegetic,N/A,N/A,contemporains,contemporains
rv1056,88058,5823,15.1224454748,10,1,14.6591340334,rv1056,Leroux,male,Tenebreuses2SangNeva,1925,1925,novel,policier,heterodiegetic,N/A,N/A,contemporains,contemporains
rv1057,44985,4005,11.2322097378,8,6,9.9135595478,rv1057,Malet,male,Abattoir,1972,1972,novel,policier,homodiegetic,N/A,N/A,contemporains,contemporains
rv1058,55248,4777,11.5654176261,9,4,10.250267993,rv1058,Malet,male,BurmaBercail,1967,1967,novel,policier,homodiegetic,N/A,N/A,contemporains,contemporains
rv1059,58190,8199,7.0972069765,7,1,4.399180617,rv1059,Malet,male,CentVingtRueGare,1943,1943,novel,policier,homodiegetic,N/A,N/A,contemporains,contemporains
rv1060,48319,4134,11.6881954523,8,6,10.9986484187,rv1060,Malet,male,BurmaCourtPoupee,1971,1971,novel,policier,homodiegetic,N/A,N/A,contemporains,contemporains
rv1061,44928,3904,11.5081967213,8,7,10.9876483571,rv1061,Malet,male,CroqueMort,1969,1969,novel,policier,homodiegetic,N/A,N/A,contemporains,contemporains
rv1062,57698,5122,11.2647403358,8,2,10.5746912255,rv1062,Malet,male,BurmaEnDirect,1962,1962,novel,policier,homodiegetic,N/A,N/A,contemporains,contemporains
rv1063,52367,4728,11.0759306261,8,4,10.1219900678,rv1063,Malet,male,DroleEpreuve,1968,1968,novel,policier,homodiegetic,N/A,N/A,contemporains,contemporains
rv1064,50678,4721,10.7345901292,8,4,9.9669485726,rv1064,Malet,male,FievreMarais,1955,1955,novel,policier,homodiegetic,N/A,N/A,contemporains,contemporains
rv1065,36429,3233,11.2678626663,8,6,10.6118136045,rv1065,Malet,male,BurmaDansIle,1970,1970,novel,policier,homodiegetic,N/A,N/A,contemporains,contemporains
rv1066,40271,3489,11.5422757237,8,5,11.1510900072,rv1066,Malet,male,Soleil,1949,1949,novel,policier,homodiegetic,N/A,N/A,contemporains,contemporains
rv1067,47522,3803,12.4959242703,9,6,11.9869844265,rv1067,Manchette,male,AffaireNGustro,1971,1971,novel,policier,mixed,N/A,N/A,contemporains,contemporains
rv1068,30193,2582,11.6936483346,9,5,9.4688669163,rv1068,Manchette,male,Fatale,1977,1977,novel,policier,heterodiegetic,N/A,N/A,contemporains,contemporains
rv1069,16141,1156,13.9628027682,10,5,13.8785949711,rv1069,Manchette,male,Iris,1997,1997,novel,policier,heterodiegetic,N/A,N/A,contemporains,contemporains
rv1070,54495,5050,10.7910891089,8,5,9.21718798,rv1070,Manchette,male,MorguePleine,1973,1973,novel,policier,homodiegetic,N/A,N/A,contemporains,contemporains
rv1071,42149,3798,11.097682991,8,4,9.5992468275,rv1071,Manchette,male,Nada,1972,1972,novel,policier,heterodiegetic,N/A,N/A,contemporains,contemporains
rv1072,37635,4183,8.9971312455,7,4,6.8189237181,rv1072,Manchette,male,DingosChateaux,1972,1972,novel,policier,heterodiegetic,N/A,N/A,contemporains,contemporains
rv1073,39296,4677,8.4019670729,8,1,5.2573762166,rv1073,Manchette,male,PetitBleu,1976,1976,novel,policier,heterodiegetic,N/A,N/A,contemporains,contemporains
rv1074,44249,3746,11.8123331554,9,5,10.1974509525,rv1074,Manchette,male,PositionTireur,1981,1981,novel,policier,heterodiegetic,N/A,N/A,contemporains,contemporains
rv1075,43844,3168,13.8396464646,10,4,11.8963396831,rv1075,Manchette,male,PrincesseSang,1996,1996,novel,policier,heterodiegetic,N/A,N/A,contemporains,contemporains
rv1076,54424,3935,13.8307496823,10,6,11.7057450603,rv1076,Manchette,male,QuedOs,1976,1976,novel,policier,homodiegetic,N/A,N/A,contemporains,contemporains
rv1077,34550,2585,13.3655705996,9,3,12.9951268322,rv1077,Pouy,male,MilleDeuxCent,2000,2000,novel,policier,homodiegetic,N/A,N/A,contemporains,contemporains
rv1078,23345,2223,10.5015744489,7,4,10.2729668632,rv1078,Pouy,male,ASec,1998,1998,novel,blanche,mixed,N/A,N/A,contemporains,contemporains
rv1079,64840,3371,19.2346484723,14,9,17.7433948508,rv1079,Pouy,male,BelleFontenay,1992,1992,novel,policier,homodiegetic,N/A,N/A,contemporains,contemporains
rv1080,28463,1493,19.064300067,13,4,21.091575079,rv1080,Pouy,male,ChasseTatou,1993,1993,short_story,policier,n.av.,N/A,N/A,contemporains,contemporains
rv1081,36787,3042,12.0930309007,9,4,10.7674399038,rv1081,Pouy,male,PetiteEcuyere,1995,1995,novel,policier,heterodiegetic,N/A,N/A,contemporains,contemporains
rv1082,44585,4469,9.9765048109,7,4,9.1376012101,rv1082,Pouy,male,Nus,2007,2007,novel,policier,heterodiegetic,N/A,N/A,contemporains,contemporains
rv1093,114178,10307,11.0777141748,9,6,8.1680393773,rv1093,Vargas,female,ArmeeFurieuse,1996,1996,novel,policier,heterodiegetic,N/A,N/A,contemporains,contemporains
rv1094,108250,10266,10.5445158777,9,4,8.0336458618,rv1094,Vargas,female,BoisEternels,2006,2006,novel,policier,heterodiegetic,N/A,N/A,contemporains,contemporains
rv1095,80781,8051,10.0336604149,8,4,8.2252166717,rv1095,Vargas,female,HommeEnvers,1999,1999,novel,policier,heterodiegetic,N/A,N/A,contemporains,contemporains
rv1096,56243,4982,11.2892412686,9,5,7.9366748436,rv1096,Vargas,female,JeuxAmourMort,1986,1986,novel,policier,heterodiegetic,N/A,N/A,contemporains,contemporains
rv1097,101271,10465,9.6771141902,8,4,7.6388623966,rv1097,Vargas,female,LieuIncertain,2008,2008,novel,policier,heterodiegetic,N/A,N/A,contemporains,contemporains
rv1098,113599,10784,10.5340318991,9,4,7.6537983814,rv1098,Vargas,female,VentsNeptune,2004,2004,novel,policier,heterodiegetic,N/A,N/A,contemporains,contemporains
rv1099,96933,8903,10.8876783107,8,4,8.9782749654,rv1099,Vargas,female,ParsVite,2001,2001,novel,policier,heterodiegetic,N/A,N/A,contemporains,contemporains
rv1100,54032,4940,10.9376518219,9,2,8.8093711233,rv1100,Dard,male,AlicePaysMerguez,1986,1986,novel,policier,mixed,N/A,N/A,contemporains,contemporains
rv1101,54403,4600,11.8267391304,10,4,8.9328523013,rv1101,Dard,male,LaissezTomber,1950,1950,novel,policier,homodiegetic,N/A,N/A,contemporains,contemporains
rv1102,42972,4128,10.4098837209,8,2,8.5531636099,rv1102,Dard,male,SiropGuepes,1960,1960,novel,policier,homodiegetic,N/A,N/A,contemporains,contemporains
rv1103,61546,6205,9.9187751813,8,4,8.1721709202,rv1103,Dard,male,MoiVousConnaissez,1971,1971,novel,policier,homodiegetic,N/A,N/A,contemporains,contemporains
rv1104,69172,6377,10.84710679,9,2,8.9470409615,rv1104,Dard,male,CochonsLaches,1991,1991,novel,policier,heterodiegetic,N/A,N/A,contemporains,contemporains
rv1105,36840,3189,11.5522107244,9,5,8.5928160087,rv1105,Dard,male,HommagesDonzelle,1952,1952,novel,policier,homodiegetic,N/A,N/A,contemporains,contemporains
rv1106,54231,4572,11.8615485564,9,6,9.8680418661,rv1106,Dard,male,SanAntonioMac,1961,1961,novel,policier,homodiegetic,N/A,N/A,contemporains,contemporains
rv1107,67239,6504,10.338099631,8,4,8.2187901493,rv1107,Dard,male,JaiEssaye,1973,1973,novel,policier,homodiegetic,N/A,N/A,contemporains,contemporains
rv1108,57714,4691,12.3031336602,10,6,9.784753844,rv1108,Dard,male,FaisMoi,1978,1978,novel,policier,homodiegetic,N/A,N/A,contemporains,contemporains
rv1109,50989,4384,11.6307025547,10,2,8.546287497,rv1109,Dard,male,CeciPipe,1999,1999,novel,policier,homodiegetic,N/A,N/A,contemporains,contemporains
rv1120,93843,5447,17.2283825959,12,3,15.9787809778,rv1120,Leroux,male,DoubleVie,1903,1903,novel,policier,heterodiegetic,N/A,N/A,contemporains,contemporains
rv1121,102808,6282,16.3654886979,11,1,15.9477559476,rv1121,Leroux,male,ParfumDameNoir,1908,1908,novel,policier,heterodiegetic,N/A,N/A,contemporains,contemporains
rv1122,155365,8568,18.1331699346,12,4,18.5117970724,rv1122,Leroux,male,RoiMystere,1909,1909,novel,policier,heterodiegetic,N/A,N/A,contemporains,contemporains
rv1123,100841,6406,15.7416484546,11,1,15.5630881912,rv1123,Leroux,male,Balaoo,1911,1911,novel,policier,heterodiegetic,N/A,N/A,contemporains,contemporains
rv1124,106785,6670,16.0097451274,11,1,16.7954104469,rv1124,Leroux,male,RouletabilleTsar,1913,1913,novel,policier,heterodiegetic,N/A,N/A,contemporains,contemporains
rv1126,66082,3058,21.6095487247,15,1,21.9033178004,rv1126,Leroux,male,HommeRevientLoin,1917,1917,novel,policier,heterodiegetic,N/A,N/A,contemporains,contemporains
rv1128,53372,3157,16.9059233449,11,1,17.1984362133,rv1128,Leroux,male,FauteuilHanté,1909,1909,novel,policier,heterodiegetic,N/A,N/A,contemporains,contemporains
rv1130,62277,4608,13.5149739583,10,6,11.4769447978,rv1130,Malet,male,CinquiemeProcede,1948,1948,novel,policier,homodiegetic,N/A,N/A,contemporains,contemporains
rv1131,43512,3829,11.3638025594,9,7,10.0193104626,rv1131,Malet,male,VieDegueulasse,1948,1948,novel,policier,n.av.,N/A,N/A,contemporains,contemporains
rv1132,29575,2389,12.3796567602,9,5,10.1482244418,rv1132,Malet,male,Macchabee,1949,1949,novel,policier,homodiegetic,N/A,N/A,contemporains,contemporains
rv1133,49651,5230,9.493499044,7,4,8.8152622622,rv1133,Malet,male,SoleilNait,1954,1954,novel,policier,homodiegetic,N/A,N/A,contemporains,contemporains
rv1134,48900,4435,11.0259301015,8,4,9.8424570726,rv1134,Malet,male,RatsMontsouris,1955,1955,novel,policier,homodiegetic,N/A,N/A,contemporains,contemporains
rv1135,52407,4770,10.9867924528,8,4,9.3814591214,rv1135,Malet,male,Corrida,1956,1956,novel,policier,n.av.,N/A,N/A,contemporains,contemporains
rv1136,62902,5935,10.598483572,8,2,9.538819603,rv1136,Malet,male,PasDeBavards,1956,1956,novel,policier,n.av.,N/A,N/A,contemporains,contemporains
rv1137,62360,5940,10.4983164983,8,4,9.2730101749,rv1137,Malet,male,CassePipe,1957,1957,novel,policier,n.av.,N/A,N/A,contemporains,contemporains
rv1138,49823,4603,10.824027808,8,4,9.2763058728,rv1138,Malet,male,MicmacMoche,1957,1957,novel,policier,n.av.,N/A,N/A,contemporains,contemporains
rv1139,58833,5773,10.1910618396,7,4,9.7824088946,rv1139,Malet,male,EnvahissantCadavre,1959,1959,novel,policier,homodiegetic,N/A,N/A,contemporains,contemporains
rv1140,80936,6100,13.2681967213,9,4,11.8754964015,rv1140,Leblanc,male,EclatObus,1916,1916,novel,policier,heterodiegetic,N/A,N/A,contemporains,contemporains
rv1141,94267,7367,12.7958463418,9,4,11.9901488505,rv1141,Leblanc,male,IleTrenteCercueils,1920,1920,novel,policier,heterodiegetic,N/A,N/A,contemporains,contemporains
rv1142,61689,4012,15.3761216351,11,6,13.8702633535,rv1142,Leblanc,male,TroisYeux,1919,1919,novel,blanche,homodegetic,N/A,N/A,contemporains,contemporains
rv1143,57520,3991,14.4124279629,10,4,12.9774503614,rv1143,Leblanc,male,FormidableEvenement,1921,1921,novel,blanche,heterodiegetic,N/A,N/A,contemporains,contemporains
rv1144,68995,5203,13.2606188737,11,6,10.4698995699,rv1144,Leblanc,male,CercleRouge,1917,1917,novel,policier,heterodiegetic,N/A,N/A,contemporains,contemporains
rv1145,68027,5368,12.6726900149,9,4,11.2328517787,rv1145,Leblanc,male,DemoiselleYeuxVerts,1927,1927,novel,policier,heterodiegetic,N/A,N/A,contemporains,contemporains
rv1146,58486,4922,11.8825680618,8,5,10.797441684,rv1146,Leblanc,male,DemeureMysterieuse,1929,1929,novel,policier,heterodiegetic,N/A,N/A,contemporains,contemporains
rv1147,52776,4059,13.0022172949,9,3,11.6489145909,rv1147,Leblanc,male,BarreYVa,1931,1931,novel,policier,heterodiegetic,N/A,N/A,contemporains,contemporains
rv1148,55273,4365,12.6627720504,9,4,11.3961027126,rv1148,Leblanc,male,MinuitSeptHeures,1931,1931,novel,policier,heterodiegetic,N/A,N/A,contemporains,contemporains
rv1149,63279,5323,11.8878452001,8,3,10.9213371277,rv1149,Leblanc,male,FemmeDeuxSourires,1933,1933,novel,policier,heterodiegetic,N/A,N/A,contemporains,contemporains
rv1180,37503,3427,10.9433907207,8,5,9.4333318386,rv1180,Pouy,male,TrainPerdu,2003,2003,novel,policier,homodiegetic,N/A,N/A,contemporains,contemporains
rv1181,23935,2086,11.4741131352,9,8,9.3620606355,rv1181,Pouy,male,SpinozaHegel,1983,1983,novel,policier,homodiegetic,N/A,N/A,contemporains,contemporains
rv1182,27378,1997,13.7095643465,7,5,36.6453010739,rv1182,Pouy,male,RoubignolesDestin,2001,2001,novel,policier,homodiegetic,N/A,N/A,contemporains,contemporains
rv1183,49210,4118,11.9499757164,8,4,13.7466291952,rv1183,Pouy,male,Larchmutz,1999,1999,novel,policier,homodiegetic,N/A,N/A,contemporains,contemporains
rv1185,75505,7573,9.9702891853,8,4,8.4190893983,rv1185,Vargas,female,DeboutMorts,1995,1995,novel,policier,heterodiegetic,N/A,N/A,contemporains,contemporains
rv1186,65898,5330,12.3636022514,10,4,10.2021899098,rv1186,Vargas,female,HommeCerclesBleus,1996,1996,novel,policier,heterodiegetic,N/A,N/A,contemporains,contemporains
rv1187,71393,6696,10.662037037,9,5,8.0318975596,rv1187,Vargas,female,SansFeu,1997,1997,novel,policier,heterodiegetic,N/A,N/A,contemporains,contemporains
rv1188,76534,6350,12.0525984252,10,6,8.8415129653,rv1188,Vargas,female,PeuPlusLoin,1996,1996,novel,policier,heterodiegetic,N/A,N/A,contemporains,contemporains
rv1189,37582,3383,11.1090747857,9,7,8.7234373878,rv1189,Dard,male,AngesPlumer,1957,1957,novel,policier,homodiegetic,N/A,N/A,contemporains,contemporains
rv1190,66170,5581,11.8562981545,9,3,9.5686651819,rv1190,Dard,male,ValsezPouffiasses,1989,1989,novel,policier,homodiegetic,N/A,N/A,contemporains,contemporains
rv1191,37671,3580,10.5226256983,8,3,8.478878907,rv1191,Dard,male,SanAntonioRenvoie,1960,1960,novel,policier,n.av.,N/A,N/A,contemporains,contemporains
rv1192,66864,4856,13.7693574959,11,8,10.5630771914,rv1192,Dard,male,ReglezLuiCompte,1949,1949,novel,policier,homodiegetic,N/A,N/A,contemporains,contemporains
rv1193,44242,3707,11.9347181009,10,7,9.1302093863,rv1193,Dard,male,PlombTripes,1953,1953,novel,policier,homodiegetic,N/A,N/A,contemporains,contemporains
rv1194,40670,3671,11.078725143,9,5,8.300509652,rv1194,Dard,male,PassezMoiJoconde,1954,1954,novel,policier,n.av.,N/A,N/A,contemporains,contemporains
rv1195,41079,3871,10.6119865668,8,4,8.6814101925,rv1195,Dard,male,GalaEmplumes,1963,1963,novel,policier,n.av.,N/A,N/A,contemporains,contemporains
rv1196,38858,3408,11.4019953052,10,2,8.2090366307,rv1196,Dard,male,TrempePain,1999,1999,novel,policier,homodiegetic,N/A,N/A,contemporains,contemporains
rv1197,43915,4028,10.9024329692,9,4,8.5329063399,rv1197,Dard,male,ClientesMorgue,1953,1953,novel,policier,n.av.,N/A,N/A,contemporains,contemporains
rv1198,70614,6284,11.2371101209,9,4,9.5636723968,rv1198,Dard,male,Concerto,1976,1976,novel,policier,homodiegetic,N/A,N/A,contemporains,contemporains
rv1201,33837,2931,11.5445240532,10,6,8.279263817,rv1201,Dard,male,Delivrez,1956,1956,novel,policier,n.av.,N/A,N/A,contemporains,contemporains
rv1202,46937,4664,10.0636792453,8,4,7.518845495,rv1202,Dard,male,Initiation,1971,1971,novel,policier,heterodiegetic,N/A,N/A,contemporains,contemporains
rv1203,35567,3320,10.7129518072,9,6,7.5960802168,rv1203,Dard,male,Accident,1961,1961,novel,policier,homodiegetic,N/A,N/A,contemporains,contemporains
rv1204,34931,3261,10.7117448635,9,7,7.564362291,rv1204,Dard,male,BourreauPleure,1956,1956,novel,policier,homodiegetic,N/A,N/A,contemporains,contemporains
rv1205,35177,3136,11.2171556122,9,6,8.1246490707,rv1205,Dard,male,PainFossoyeurs,1956,1956,novel,policier,homodiegetic,N/A,N/A,contemporains,contemporains
rv1206,33688,3446,9.7759721416,8,6,6.791203438,rv1206,Dard,male,TueurTriste,1958,1958,novel,policier,n.av.,N/A,N/A,contemporains,contemporains
rv1207,30830,2730,11.293040293,10,5,7.6930482811,rv1207,Dard,male,SalePeau,1958,1958,novel,policier,n.av.,N/A,N/A,contemporains,contemporains
rv1208,38494,3687,10.4404665039,9,5,7.5120494907,rv1208,Dard,male,OnMeurtPas,1956,1956,novel,policier,homodiegetic,N/A,N/A,contemporains,contemporains
rv1209,31091,3327,9.3450556057,8,2,6.3568341646,rv1209,Dard,male,MarchaitTombe,1963,1963,novel,policier,heterodiegetic,N/A,N/A,contemporains,contemporains
rv1220,38632,3347,11.5422766657,9,5,8.8661117639,rv1220,Malet,male,Johnny,1941,1941,novel,policier,homodiegetic,N/A,N/A,contemporains,contemporains
rv1221,53834,4072,13.2205304519,10,5,11.9062518006,rv1221,Malet,male,HommeSangBleu,1942,1942,novel,policier,homodiegetic,N/A,N/A,contemporains,contemporains
rv1222,17432,1276,13.6614420063,10,6,12.2305998562,rv1222,Malet,male,AubergeBanlieue,1945,1945,novel,policier,homodiegetic,N/A,N/A,contemporains,contemporains
rv1223,51138,4775,10.7095287958,8,5,9.550835236,rv1223,Malet,male,Sueur,1949,1949,novel,policier,homodiegetic,N/A,N/A,contemporains,contemporains
rv1224,20854,1667,12.5098980204,9,6,12.3602345014,rv1224,Malet,male,Cite,1950,1950,novel,policier,n.av.,N/A,N/A,contemporains,contemporains
rv1225,23148,1366,16.9458272328,10.5,4,21.1778702839,rv1225,Malet,male,GangMysterieux,1952,1952,novel,policier,homodiegetic,N/A,N/A,contemporains,contemporains
rv1226,56012,5200,10.7715384615,8,5,9.2616100496,rv1226,Malet,male,Nuit,1955,1955,novel,policier,n.av.,N/A,N/A,contemporains,contemporains
rv1227,49794,4346,11.4574321215,8,5,10.1429114544,rv1227,Malet,male,Brouillard,1956,1956,novel,policier,homodiegetic,N/A,N/A,contemporains,contemporains
rv1228,49990,4555,10.9747530187,8,4,10.0841911098,rv1228,Malet,male,Ossements,1957,1957,novel,policier,n.av.,N/A,N/A,contemporains,contemporains
rv1229,57379,5751,9.9772213528,7,2,9.2235138338,rv1229,Malet,male,RebeccaRosiers,1957,1957,novel,policier,homodiegetic,N/A,N/A,contemporains,contemporains
rv1231,59991,3756,15.9720447284,11,6,14.3268374279,rv1231,Echenoz,male,Cherokee,1983,1983,novel,policier,heterodiegetic,N/A,N/A,contemporains,contemporains
rv1234,71897,4113,17.4804279115,13,5,15.7942080565,rv1234,Echenoz,male,MeridienGreenwich,1979,1979,novel,policier,heterodiegetic,N/A,N/A,contemporains,contemporains
rv1240,56525,3135,18.0303030303,15,8,12.8014916547,rv1240,Daeninckx,male,DouzeRueMeckert,2001,2001,novel,policier,homodiegetic,N/A,N/A,contemporains,contemporains
rv1241,48807,3757,12.9909502262,11,7,8.7397179759,rv1241,Daeninckx,male,Bourreau,1986,1986,novel,policier,heterodiegetic,N/A,N/A,contemporains,contemporains
rv1242,16769,1151,14.5690703736,12,6,10.7025277309,rv1242,Daeninckx,male,CrimeSainte,2012,2012,novel,policier,n.av.,N/A,N/A,contemporains,contemporains
rv1243,59863,4719,12.6855265946,11,8,8.6461767518,rv1243,Daeninckx,male,DerDesDers,1984,1984,novel,policier,homodiegetic,N/A,N/A,contemporains,contemporains
rv1244,53835,3428,15.7044924154,13,7,11.5851025282,rv1244,Daeninckx,male,FacteurFatal,1990,1990,novel,policier,heterodiegetic,N/A,N/A,contemporains,contemporains
rv1245,55484,3962,14.0040383645,12,8,9.0428607468,rv1245,Daeninckx,male,GeantInacheve,1984,1984,novel,policier,heterodiegetic,N/A,N/A,contemporains,contemporains
rv1246,48331,3394,14.2401296405,12,6,10.3923515451,rv1246,Daeninckx,male,LumiereNoire,1987,1987,novel,policier,mixed,N/A,N/A,contemporains,contemporains
rv1247,47279,3997,11.8286214661,10,7,8.1128765244,rv1247,Daeninckx,male,Metropolice,1985,1985,novel,policier,heterodiegetic,N/A,N/A,contemporains,contemporains
rv1248,48037,3393,14.1576775715,12,6,10.088010037,rv1248,Daeninckx,male,PlayBack,1986,1986,novel,policier,homodiegetic,N/A,N/A,contemporains,contemporains
rv1249,51751,3387,15.2793032182,13,7,10.6759413909,rv1249,Daeninckx,male,ChateauBoheme,1994,1994,novel,policier,heterodiegetic,N/A,N/A,contemporains,contemporains
rv1250,45253,4737,9.5530926747,8,4,7.8772900667,rv1250,BoilNarc,male,OmbreProie,1951,1951,novel,policier,heterodiegetic,N/A,N/A,contemporains,contemporains
rv1251,50158,5753,8.7185816096,7,6,6.491452129,rv1251,BoilNarc,male,CoeurPerdu,1959,1959,novel,policier,heterodiegetic,N/A,N/A,contemporains,contemporains
rv1252,47019,5437,8.6479676292,7,7,6.7002371772,rv1252,BoilNarc,male,IngenieurChiffres,1958,1958,novel,policier,heterodiegetic,N/A,N/A,contemporains,contemporains
rv1253,51919,5042,10.2973026577,8,5,8.0115117407,rv1253,BoilNarc,male,Louves,1955,1955,novel,policier,n.av.,N/A,N/A,contemporains,contemporains
rv1254,50679,5290,9.5801512287,7,6,8.1499013166,rv1254,BoilNarc,male,Magiciennes,1957,1957,novel,policier,heterodiegetic,N/A,N/A,contemporains,contemporains
rv1255,24040,1634,14.7123623011,12,6,11.6523176098,rv1255,BoilNarc,male,BoisDormant,1956,1956,novel,policier,homodiegetic,N/A,N/A,contemporains,contemporains
rv1256,32900,3630,9.0633608815,7,5,7.2867181145,rv1256,BoilNarc,male,MauvaisOeil,1956,1956,novel,policier,heterodiegetic,N/A,N/A,contemporains,contemporains
rv1257,48807,4941,9.8779599271,8,7,7.8759278047,rv1257,BoilNarc,male,EntreMorts,1954,1954,novel,policier,heterodiegetic,N/A,N/A,contemporains,contemporains
rv1258,50329,5363,9.384486295,8,5,7.2576666628,rv1258,BoilNarc,male,VisagesOmbre,1953,1953,novel,policier,heterodiegetic,N/A,N/A,contemporains,contemporains
rv1259,46495,5161,9.0089130014,7,4,7.0981928814,rv1259,BoilNarc,male,CelleQui,1952,1952,novel,policier,heterodiegetic,N/A,N/A,contemporains,contemporains
rv1260,47675,5121,9.3097051357,7,4,7.5163144522,rv1260,BoilNarc,male,Poudriere,1987,1987,novel,policier,heterodiegetic,N/A,N/A,contemporains,contemporains
rv1261,47866,4902,9.7645858833,8,4,7.8544533999,rv1261,BoilNarc,male,SecondVisageLupin,1986,1986,novel,policier,heterodiegetic,N/A,N/A,contemporains,contemporains
rv1262,52005,5307,9.7993216507,8,4,8.1297106193,rv1262,BoilNarc,male,SecretEunerville,1986,1986,novel,policier,heterodiegetic,N/A,N/A,contemporains,contemporains
rv1263,45494,4664,9.7542881647,8,5,7.8040761856,rv1263,BoilNarc,male,SermentLupin,1987,1987,novel,policier,heterodiegetic,N/A,N/A,contemporains,contemporains
rv1265,48926,5161,9.4799457469,8,7,7.7788431015,rv1265,BoilNarc,male,MortDit,1967,1967,novel,policier,heterodiegetic,N/A,N/A,contemporains,contemporains
rv1266,56842,5567,10.2105263158,8,5,7.5390041786,rv1266,BoilNarc,male,Malefices,1961,1961,novel,policier,autodiegetic,N/A,N/A,contemporains,contemporains
rv1267,48547,4564,10.6369412796,8,4,8.5120347306,rv1267,BoilNarc,male,PorteLarge,1969,1969,novel,policier,heterodiegetic,N/A,N/A,contemporains,contemporains
rv1268,51231,5028,10.1891408115,8,7,7.7007361937,rv1268,BoilNarc,male,Victimes,1964,1964,novel,policier,autodiegetic,N/A,N/A,contemporains,contemporains
rv1269,51147,5048,10.1321315372,8,6,7.6879882985,rv1269,BoilNarc,male,Maldonne,1962,1962,novel,policier,autodiegetic,N/A,N/A,contemporains,contemporains
rv1270,75264,9767,7.7059486024,6,4,5.3822597118,rv1270,Izzo,male,Chourmo,1996,1996,novel,policier,heterodiegetic,N/A,N/A,contemporains,contemporains
rv1271,74312,10020,7.4163672655,6,4,4.8808039382,rv1271,Izzo,male,Kheops,1995,1995,novel,policier,n.av.,N/A,N/A,contemporains,contemporains
rv1272,58315,7290,7.9993141289,6,4,6.3318278108,rv1272,Izzo,male,Solea,1998,1998,novel,policier,autodiegetic,N/A,N/A,contemporains,contemporains
rv1273,74396,6735,11.0461766889,9,6,8.9714108245,rv1273,Khadra,male,Revent,1999,1999,novel,blanche,autodiegetic,N/A,N/A,contemporains,contemporains
rv1274,43053,3124,13.7813700384,11,6,10.2919867972,rv1274,Khadra,male,Hirondelles,2002,2002,novel,blanche,n.av.,N/A,N/A,contemporains,contemporains
rv1275,122863,8888,13.823469847,11,6,11.1986603538,rv1275,Khadra,male,JourNuit,2008,2008,novel,blanche,homodiegetic,N/A,N/A,contemporains,contemporains
rv1276,100500,8752,11.4830895795,9,2,8.8193549179,rv1276,Magnan,male,Charbonniers,1988,1988,novel,policier,heterodiegetic,N/A,N/A,contemporains,contemporains
rv1277,64989,5775,11.2535064935,9,2,9.6177403408,rv1277,Magnan,male,Commissaire,1978,1978,novel,policier,heterodiegetic,N/A,N/A,contemporains,contemporains
rv1278,66985,5133,13.0498733684,10,5,10.9200487152,rv1278,Magnan,male,Laure,2006,2006,novel,blanche,heterodiegetic,N/A,N/A,contemporains,contemporains
rv1279,139724,9096,15.3610378188,12,8,12.5787858007,rv1279,Magnan,male,Chronique,2008,2008,novel,policier,heterodiegetic,N/A,N/A,contemporains,contemporains
rv1280,63004,5242,12.0190766883,9,2,11.1446567965,rv1280,Magnan,male,SangAtrides,1977,1977,novel,policier,heterodiegetic,N/A,N/A,contemporains,contemporains
rv1281,77108,4618,16.6972715461,12,6,14.9645660996,rv1281,RobbeGrillet,male,Gommes,1953,1953,novel,policier,heterodiegetic,N/A,N/A,contemporains,contemporains
