idno,words,sents,mean,median,stdev,author-short,author-gender,title,year,genre,subgenre,cf-class
fr0001,41786,2237,18.68,16,12.9371643998,Simenon,male,AbriNotreArbre,1976,essay,autob,Simenon
fr0002,38984,2670,14.6,12,12.1859561598,Simenon,male,AQuoiBonJurer,1977,essay,autob,Simenon
fr0003,46029,2484,18.53,16,11.9441591165,Simenon,male,PorteFenetre,1977,essay,autob,Simenon
fr0004,43861,2345,18.7,16,13.4856254754,Simenon,male,CaveGrenier,1976,essay,autob,Simenon
fr0005,88954,5859,15.18,13,10.2988287728,Simenon,male,TracesPas,1974,essay,autob,Simenon
fr0006,42466,1872,22.68,20,14.8264181725,Simenon,male,Destinees,1979,essay,autob,Simenon
fr0007,65969,4772,13.82,10,12.5031386614,Simenon,male,JeMeSouviens,1941,essay,autob,Simenon
fr0008,39693,2146,18.5,17,11.8389013577,Simenon,male,ResteEnfantChoeur,1977,essay,autob,Simenon
fr0009,37888,1741,21.76,21,13.5065570718,Simenon,male,JourNuit,1979,essay,autob,Simenon
fr0010,37336,1673,22.32,21,12.9940005934,Simenon,male,FemmeEndormie,1979,essay,autob,Simenon
fr0011,41396,2197,18.84,16,12.5699172334,Simenon,male,MainDansMain,1976,essay,autob,Simenon
fr0012,44079,2209,19.95,18,13.2578355945,Simenon,male,PrixHomme,1978,essay,autob,Simenon
fr0013,38122,1816,20.99,20,12.5925186706,Simenon,male,LibertesReste,1978,essay,autob,Simenon
fr0014,39230,2304,17.03,15,11.9296318529,Simenon,male,PetitsHommes,1975,essay,autob,Simenon
fr0015,19050,1191,15.99,14,10.618487821,Simenon,male,LettreMere,1974,essay,autob,Simenon
fr0016,45064,2386,18.89,17,12.3850531616,Simenon,male,SoixanteQuinzeAns,1978,essay,autob,Simenon
fr0017,48871,2645,18.48,16,12.028633451,Simenon,male,PointVirgule,1977,essay,autob,Simenon
fr0018,122793,8955,13.71,11,11.292929314,Simenon,male,QuandEtaisVieux,1963,essay,autob,Simenon
fr0019,39444,2193,17.99,16,12.0557602053,Simenon,male,QuandVientFroid,1978,essay,autob,Simenon
fr0020,42890,2116,20.27,18,13.0810411226,Simenon,male,TantVivant,1976,essay,autob,Simenon
fr0021,55516,2711,20.48,18,14.0726948114,Simenon,male,BancSoleil,1976,essay,autob,Simenon
fr0022,99486,6704,14.84,13,10.1536961283,Simenon,male,HommeCommeAutre,1974,essay,autob,Simenon
fr0023,43497,2342,18.57,16,13.0718170011,Simenon,male,VacancesObligatoires,1976,essay,autob,Simenon
fr0024,57165,3072,18.61,16,13.3872838758,Simenon,male,VentNordSud,1975,essay,autob,Simenon
fr0025,60768,5961,10.19,7,9.6793330853,Simenon,male,LivreMarieJo,1980,essay,autob,Simenon
fr0026,367867,23725,15.51,13,12.0373261127,Simenon,male,MemoiresIntimes,1980,essay,autob,Simenon
rv0001,37701,3396,11.1,8,8.9884750088,Simenon,male,Ecluse,1933,novel,policier,Simenon
rv0002,46249,3502,13.21,10,10.3734622504,Simenon,male,HommePetitChien,1964,novel,roman,Simenon
rv0003,44714,3953,11.31,8,9.6620566702,Simenon,male,InspecteurCadavre,1943,novel,policier,Simenon
rv0004,40746,2835,14.37,11,11.111946857,Simenon,male,OursPeluche,1960,novel,roman,Simenon
rv0005,54325,4185,12.98,10,10.6659102636,Simenon,male,JumentPerdue,1948,novel,roman,Simenon
rv0006,29412,3107,9.47,7,8.6367012635,Simenon,male,MaisonSeptFilles,1941,novel,roman,Simenon
rv0007,40652,4158,9.78,8,7.9892737893,Simenon,male,MaisonJuge,1940,novel,policier,Simenon
rv0008,48464,3525,13.75,10,11.1480470077,Simenon,male,MortBelle,1951,novel,policier,Simenon
rv0009,36121,3744,9.65,7,7.7713436494,Simenon,male,NuitCarrefour,1931,novel,policier,Simenon
rv0010,40004,3415,11.71,9,9.8802057643,Simenon,male,PatienceMaigret,1965,novel,policier,Simenon
rv0011,39565,2911,13.59,10,10.9845672965,Simenon,male,Porte,1962,novel,roman,Simenon
rv0012,37771,3483,10.84,7,10.3414801839,Simenon,male,Felicie,1942,novel,policier,Simenon
rv0013,43252,4189,10.33,8,8.5338297633,Simenon,male,VeriteBebeDonge,1942,novel,policier,Simenon
rv0014,60722,4942,12.29,9,10.2795323347,Simenon,male,JumentPerdue,1948,novel,roman,Simenon
rv0015,37903,3801,9.97,8,7.9405510803,Simenon,male,ChienJaune,1931,novel,policier,Simenon
rv0016,43317,3698,11.71,9,9.2285114015,Simenon,male,CoupLune,1933,novel,roman,Simenon
rv0017,43187,3125,13.82,9,13.8835334974,Simenon,male,FuiteMonde,1945,novel,roman,Simenon
rv0018,47625,3242,14.69,11,11.4350276318,Simenon,male,Horloger,1954,novel,roman,Simenon
rv0019,44310,3012,14.71,11,11.9619347735,Simenon,male,Negre,1957,novel,roman,Simenon
rv0020,43521,2748,15.84,13,11.7142451956,Simenon,male,Dimanche,1958,novel,roman,Simenon
rv0021,38078,3026,12.58,9,10.1389446171,Simenon,male,Betty,1961,novel,roman,Simenon
rv0022,40755,2797,14.57,11,11.4929081158,Simenon,male,MortAuguste,1966,novel,roman,Simenon
rv0023,46214,3909,11.82,9,8.7589706663,Simenon,male,MaigretEcole,1954,novel,policier,Simenon
rv0024,37352,3165,11.8,9,9.7274288844,Simenon,male,MaigreVoleur,1961,novel,policier,Simenon
rv0025,44035,3115,14.14,10,12.4406909436,Simenon,male,MonsieurGallet,1931,novel,policier,Simenon
rv0026,44573,3364,13.25,10,11.7860529186,Simenon,male,MaigretHesite,1968,novel,policier,Simenon
rv0027,36428,3395,10.73,8,8.840683096,Simenon,male,MaigretClient,1962,novel,policier,Simenon
rv0028,44900,4086,10.99,8,9.1685618403,Simenon,male,MaigretLognon,1952,novel,policier,Simenon
rv0029,50992,3345,15.24,11,13.9634741515,Simenon,male,MaigretNewYork,1947,novel,policier,Simenon
rv0030,39855,3675,10.84,8,8.9091803426,Simenon,male,PietrLetton,1930,novel,policier,Simenon
rv0031,41399,3186,12.99,9,11.4567458985,Simenon,male,AffaireNahour,1966,novel,policier,Simenon
rv0032,41422,4092,10.12,9,6.8287317693,Simenon,male,FolleMaigret,1970,novel,policier,Simenon
rv0033,40085,3088,12.98,10,10.8997117055,Simenon,male,TeteHomme,1931,novel,policier,Simenon
rv0034,34963,3048,11.47,8.5,10.3656477826,Simenon,male,MaigretFlamands,1932,novel,policier,Simenon
rv0035,36165,3268,11.07,8,9.5521917304,Simenon,male,FouBergerac,1932,novel,policier,Simenon
rv0036,54650,4678,11.68,9,10.3494516951,Simenon,male,MaigretMort,1947,novel,policier,Simenon
rv0037,48116,3727,12.91,10,9.5272600945,Simenon,male,AmieMmeMaigret,1950,novel,policier,Simenon
rv0038,41900,4074,10.28,8,8.3507678745,Simenon,male,MaigretGrandePerche,1951,novel,policier,Simenon
rv0039,45492,3377,13.47,11,10.0074806932,Simenon,male,ScrupulesMaigret,1957,novel,policier,Simenon
rv0040,39599,2736,14.47,10,13.6655975762,Simenon,male,ConfidenceMaigret,1959,novel,policier,Simenon
rv0041,38158,2701,14.13,11,10.1932491413,Simenon,male,MaigretAssises,1959,novel,policier,Simenon
rv0042,38328,3149,12.17,9,9.5825771952,Simenon,male,MaigretVieillards,1960,novel,policier,Simenon
rv0043,41780,2635,15.86,12,13.0371997209,Simenon,male,TrainVenise,1965,novel,roman,Simenon
rv0044,43699,3308,13.21,9,11.4493387913,Simenon,male,Vieille,1959,novel,roman,Simenon
rv0045,44292,4755,9.31,7,7.3374957798,Simenon,male,Prison,1967,novel,roman,Simenon
rv0046,41107,3600,11.42,8,8.9407331457,Simenon,male,Demenagement,1967,novel,roman,Simenon
rv0047,57045,4473,12.75,10,10.2446653068,Simenon,male,DestinMalou,1947,novel,roman,Simenon
rv0048,48258,4389,11,9,9.0114089293,Simenon,male,FondBouteille,1949,novel,roman,Simenon
rv0049,42722,4190,10.2,8,7.961493529,Simenon,male,Locataire,1934,novel,roman,Simenon
rv0050,50352,3299,15.26,12,11.9012704523,Simenon,male,Temoins,1955,novel,roman,Simenon
rv0051,47974,3865,12.41,9,11.0358770903,Simenon,male,TempsAnais,1951,novel,roman,Simenon
rv0052,37575,3842,9.78,8,7.7716156348,Simenon,male,RelaisAlsace,1931,novel,roman,Simenon
rv0053,43124,3940,10.95,8,9.453763497,Simenon,male,RapportGendarme,1944,novel,roman,Simenon
rv0054,39447,3520,11.21,8,9.1899903816,Simenon,male,PassagerPolarlys,1932,novel,roman,Simenon
rv0055,74202,5305,13.99,11,10.4729905148,Simenon,male,AnneauxBicetre,1963,novel,roman,Simenon
rv0056,50127,4480,11.19,9,8.7620944993,Simenon,male,VacancesMaigret,1948,novel,policier,Simenon
rv0057,43961,2975,14.78,11,11.9184314526,Simenon,male,Complices,1956,novel,roman,Simenon
rv0058,36495,3314,11.01,8,9.0727046048,Simenon,male,DemoisellesConcarneau,1936,novel,roman,Simenon
rv0059,43948,4081,10.77,9,7.7498741241,Simenon,male,EncoreNoisetiers,1969,novel,roman,Simenon
rv0060,34821,3231,10.78,9,7.9397989133,Simenon,male,Maigret,1934,novel,policier,Simenon
rv0061,34698,3874,8.96,7,7.2212385819,Simenon,male,LibertyBar,1932,novel,policier,Simenon
rv0062,35264,3400,10.37,8,8.4637998943,Simenon,male,MaigretClochard,1963,novel,policier,Simenon
rv0063,37173,3816,9.74,7,8.592933122,Simenon,male,EchecMaigret,1956,novel,policier,Simenon
rv0064,60722,4942,12.29,9,10.2795323347,Simenon,male,BourgmestreFurnes,1938,novel,roman,Simenon
rv0065,38315,3228,11.87,9,9.2335471519,Simenon,male,MaigretFantome,1964,novel,policier,Simenon
rv0066,38481,3785,10.17,7,9.1532065622,Simenon,male,SignePicpus,1941,novel,policier,Simenon
rv0067,41328,3122,13.24,10,10.7623809523,Simenon,male,Malempin,1940,novel,roman,Simenon
rv0068,40095,3293,12.18,9,10.2146295334,Simenon,male,MaigretTendPiege,1955,novel,policier,Simenon
rv0069,41862,3899,10.74,8,9.1216520636,Simenon,male,QuartierNegre,1935,novel,roman,Simenon
rv0070,42471,3722,11.41,9,8.9774762309,Simenon,male,MaigretCoroner,1949,novel,policier,Simenon
rv0071,42788,3988,10.73,8,8.9961197833,Simenon,male,MaigretPeur,1953,novel,policier,Simenon
rv0072,43022,3458,12.44,9,10.1902745541,Simenon,male,MonsieurLaSouris,1937,novel,policier,Simenon
rv0073,42843,3992,10.73,8,9.0941514991,Simenon,male,CecileMorte,1940,novel,policier,Simenon
rv0074,44020,4216,10.44,8,8.0299104599,Simenon,male,Maigret tueur,1969,novel,policier,Simenon
rv0075,46512,4255,10.93,8,8.700079338,Simenon,male,MonAmiMaigret,1949,novel,policier,Simenon
rv0076,49187,4104,11.99,8,11.2994213712,Simenon,male,TouristeBananes,1938,novel,roman,Simenon
rv0077,51819,3417,15.17,11,12.517461118,Simenon,male,NouveauVille,1950,novel,roman,Simenon
rv0078,55136,4115,13.4,10,11.1647618057,Simenon,male,AntoineJulie,1953,novel,roman,Simenon
rv0079,102498,9722,10.54,8,8.6405547726,Simenon,male,LongCours,1936,novel,roman,Simenon
rv0080,74898,6169,12.14,9,10.0025228288,Simenon,male,VoyageurToussaint,1941,novel,roman,Simenon
rv0081,42741,4324,9.88,8,6.7760088257,Simenon,male,CageVerre,1971,novel,roman,Simenon
rv0082,40701,4061,10.02,8,6.9463941182,Simenon,male,Innocents,1971,novel,roman,Simenon
rv0083,41139,2737,15.03,12,11.2888054714,Simenon,male,Train,1961,novel,roman,Simenon
rv0084,48130,4387,10.97,8,9.0209002245,Simenon,male,MaigretPicratts,1950,novel,policier,Simenon
rv0085,38793,4063,9.55,8,6.9690861117,Simenon,male,MaigretIndicateur,1971,novel,policier,Simenon
rv0086,38507,4091,9.41,8,6.7398041117,Simenon,male,MaigretMonsieurCharles,1972,novel,policier,Simenon
rv0087,46867,3805,12.32,8,11.3090398234,Simenon,male,MarieQuiLouche,1951,novel,roman,Simenon
rv0088,68650,5480,12.53,8,12.845175002,Simenon,male,Pedigree1,1941,novel,autob,Simenon
rv0089,65303,4170,15.66,10,15.0158788204,Simenon,male,Pedigree2,1942,novel,autob,Simenon
rv0090,65383,4359,15,10,14.6107403063,Simenon,male,Pedigree3,1943,novel,autob,Simenon
rv0091,37221,2596,14.34,10,13.5755706754,Simenon,male,TroisCrimesAmis,1937,novel,policier,Simenon
rv0092,39515,3406,11.6,9,9.1929526903,Simenon,male,MaigretSeFache,1945,novel,policier,Simenon
rv0093,41087,4281,9.6,8,6.8186289639,Simenon,male,DisparitionOdile,1970,novel,roman,Simenon
rv0094,42173,4163,10.13,8,7.1701159708,Simenon,male,MaigretHommeSeul,1971,novel,policier,Simenon
rv0095,43969,4425,9.94,8,8.0124642408,Simenon,male,VoleurMaigret,1966,novel,policier,Simenon
rv0096,118123,10518,11.23,8,9.9842712343,Simenon,male,TestamentDonadieu,1936,novel,roman,Simenon
rv0097,42232,3878,10.89,9,7.7361599077,Simenon,male,RicheHomme,1970,novel,roman,Simenon
rv0098,52689,2805,18.78,16,13.9643431598,Simenon,male,Fils,1956,novel,roman,Simenon
rv0099,52041,4350,11.96,8,10.8905441245,Simenon,male,BilanMaletras,1943,novel,roman,Simenon
rv0100,97401,7699,12.65,9,11.0406381184,Simenon,male,AineFerchaux,1943,novel,roman,Simenon
rv0101,50584,3199,15.81,9,17.2761027919,Simenon,male,FenetreRouet,1942,novel,roman,Simenon
rv0126,17079,655,26.07,25,13.8907039238,Echenoz,male,UnAn,1975,novel,blanche,contemporains
rv0166,192174,6031,31.86,22,31.4695533707,Perec,male,Vie,1978,novel,blanche,contemporains
rv0179,63089,2335,27.02,14,85.0799930205,Beckett,male,Innommable,1953,novel,blanche,contemporains
rv0180,52429,2861,18.33,13,17.6397802263,Beckett,male,Malone,1951,novel,blanche,contemporains
rv0181,36134,3625,9.97,7,10.2710344374,Beckett,male,MercierCamier,1970,novel,blanche,contemporains
rv0182,82655,5108,16.18,12,14.6393124521,Beckett,male,Molloy,1951,novel,blanche,contemporains
rv0183,65056,4178,15.57,12,13.7703014953,Beckett,male,Murphy,1947,novel,blanche,contemporains
rv0184,113049,1936,58.39,16,102.7162953388,Simon,male,Histoire,1967,novel,blanche,contemporains
rv0185,62588,1812,34.54,27,31.1067908687,Simon,male,Tryptique,1973,novel,blanche,contemporains
rv0187,59693,732,81.55,12,154.1898416779,Simon,male,Palace,1962,novel,blanche,contemporains
rv0189,72513,2231,32.5,17,74.8396155627,Simon,male,Bataille,1969,novel,blanche,contemporains
rv0190,62481,1227,50.92,8,144.9332153454,Simon,male,Herbe,1958,novel,blanche,contemporains
rv0192,95070,1281,74.22,12,175.7272177599,Simon,male,RouteFlandres,1960,novel,blanche,contemporains
rv0195,37341,1860,20.08,17,14.5643974382,RobbeGrillet,male,Jalousie,1957,novel,blanche,contemporains
rv0196,43993,3225,13.64,9,14.590619425,RobbeGrillet,male,Marienbad,1961,film-script,blanche,contemporains
rv0198,49968,1674,29.85,22,28.1063442257,RobbeGrillet,male,Souvenirs,1978,novel,blanche,contemporains
rv0199,75782,3750,20.21,17,15.490650315,RobbeGrillet,male,Voyeur,1953,novel,blanche,contemporains
rv0200,54953,5836,9.42,8,7.4423075383,BoilNarc,male,EtMonTout,1965,novel,blanche,contemporains
rv0203,29599,1403,21.1,14,21.7677892256,Perec,male,Choses,1965,novel,blanche,contemporains
rv0211,48699,3069,15.87,14,11.1131441416,Audoux,female,DouceLumiere,1937,novel,blanche,contemporains
rv0212,39489,3462,11.41,8,10.8846849096,Duras,female,Ravissement,1964,novel,blanche,contemporains
rv0213,88579,6587,13.45,11,10.2600957838,Duras,female,BarragePacifique,1950,novel,blanche,contemporains
rv0214,19372,1712,11.32,9,8.4105266463,Duras,female,ModeratoCantabile,1958,novel,blanche,contemporains
rv0217,17602,2912,6.04,5,4.5810091004,Duras,female,Detruire,1969,novel,blanche,contemporains
rv0218,57875,5544,10.44,9,7.1840561575,Duras,female,PetitsChevaux,1953,novel,blanche,contemporains
rv0219,112713,10296,10.95,9,8.3912345275,Duras,female,MarinGibraltar,1952,novel,blanche,contemporains
rv0220,51334,3844,13.35,12,8.5458520026,Duras,female,VieTranquille,1944,novel,blanche,contemporains
rv0221,48064,3598,13.36,10,11.4504211148,Duras,female,JourneesEntieres,1954,novel,blanche,contemporains
rv0223,33287,2098,15.87,12,12.6690920385,Bernanos,male,Mouchette,1937,novel,blanche,contemporains
rv0225,60390,3888,15.53,12,14.2159990424,Bernanos,male,MauvaisReve,1950,novel,blanche,contemporains
rv0233,34938,3201,10.91,9,8.1661846659,Modiano,male,Boulevards,1972,novel,blanche,contemporains
rv0236,46822,4510,10.38,8,9.1501215759,Modiano,male,RueBoutiques,1978,novel,blanche,contemporains
rv0240,45898,3878,11.84,9,9.3386109168,Modiano,male,VillaTriste,1975,novel,blanche,contemporains
rv0436,91369,6507,14.04,10,13.3937297016,Renard,male,MaitreLumiere,1933,novel,blanche,contemporains
rv0487,165451,11728,14.11,11,11.9044622541,Giono,male,HussardToit,1951,novel,blanche,contemporains
rv0488,64101,4154,15.43,11,15.0210797885,Giono,male,RoiSansDivertissement,1947,novel,blanche,contemporains
rv0489,67528,6348,10.64,8,9.7543607189,Giono,male,GrandTroupeau,1931,novel,blanche,contemporains
rv0490,81243,8106,10.02,8,9.0929682246,Giono,male,ChantMonde,1934,novel,blanche,contemporains
rv0491,97516,7803,12.5,9,12.5752620359,Malraux,male,ConditionHumaine,1933,novel,blanche,contemporains
rv0492,153343,11602,13.22,10,11.9722534063,Malraux,male,Espoir,1937,novel,blanche,contemporains
rv0493,73094,6369,11.48,9,8.5555892009,Giono,male,GrandsChemins,1951,novel,blanche,contemporains
rv0494,58226,3631,16.04,12,14.8163953196,Malraux,male,NoyersAltenburg,1943,novel,blanche,contemporains
rv0495,135163,6571,20.57,18,15.6363371141,Tournier,male,RoiAulnes,1970,novel,blanche,contemporains
rv0496,71013,3617,19.63,18,13.7409799208,Tournier,male,Vendredi,1967,novel,blanche,contemporains
rv0497,172424,9483,18.18,15,14.0463011386,Tournier,male,Meteores,1975,novel,blanche,contemporains
rv0499,77492,3925,19.74,17,13.9892327129,Tournier,male,Gaspard,1980,novel,blanche,contemporains
rv0500,112942,22225,5.08,4,4.4762311982,Celine,male,ChateauLAutre,1957,novel,blanche,contemporains
rv0501,89010,17721,5.02,4,5.0990623645,Celine,male,GuignolsBand1,1944,novel,blanche,contemporains
rv0502,193565,13743,14.08,11,12.4451516776,Celine,male,VoyageNuit,1932,novel,blanche,contemporains
rv0503,149149,27539,5.42,4,5.0888473518,Celine,male,Nord,1960,novel,blanche,contemporains
rv0504,36777,2781,13.22,10,11.994305059,Giono,male,SolitudePitie,1932,novel,blanche,contemporains
rv0505,74002,6428,11.51,9,10.7595343774,Giono,male,DeuxCavaliersOrage,1965,novel,blanche,contemporains
rv0506,88345,1848,47.81,30,54.9306196557,Butor,male,Modification,1957,novel,blanche,contemporains
rv0525,231507,31471,7.36,6,5.6984338692,Celine,male,MortCredit,1936,novel,blanche,contemporains
rv0536,180020,35967,5.01,4,4.4784667464,Celine,male,GuignolsBand2,1944,novel,blanche,contemporains
rv0537,59568,3772,15.79,13,12.3308604199,Giono,male,Angelo,1958,novel,blanche,contemporains
rv0538,36225,4045,8.96,7,7.9651277983,VianSullivan,male,EllesPasCompte,1950,novel,policier,contemporains
rv0539,51278,5073,10.11,8,8.5112928482,VianSullivan,male,OnTueraAffreux,1948,novel,policier,contemporains
rv0540,35842,3206,11.18,8,9.9525780451,VianSullivan,male,JiraiCracher,1946,novel,policier,contemporains
rv0541,54241,5565,9.75,7,10.5161344902,Vian,male,ArracheCoeur,1953,novel,blanche,contemporains
rv0542,71081,7728,9.2,6,9.3073142136,Vian,male,AutomnePekin,1947,novel,blanche,contemporains
rv0543,53623,5588,9.6,7,9.18129844,Vian,male,EcumeJours,1947,novel,blanche,contemporains
rv0544,39919,3723,10.72,8,10.0110176221,Vian,male,HerbeRouge,1950,novel,blanche,contemporains
rv0545,32538,3574,9.1,7,7.5698441642,VianSullivan,male,MortMemePeau,1947,novel,policier,contemporains
rv0546,97954,8304,11.8,8,14.1818054692,Queneau,male,Chiendent,1933,novel,blanche,contemporains
rv0547,38431,3140,12.24,9,11.0059535401,Queneau,male,Odile,1937,novel,blanche,contemporains
rv0549,61384,5904,10.4,7,10.5624625168,Queneau,male,FleursBleues,1965,novel,blanche,contemporains
rv0550,29493,2703,10.91,8,10.3256751486,Queneau,male,RudeHiver,1939,novel,blanche,contemporains
rv0552,54618,4567,11.96,8,12.0866735647,Queneau,male,PierrotMonAmi,1942,novel,blanche,contemporains
rv0553,100432,7199,13.95,9,16.3238538001,Queneau,male,EnfantsLimon,1938,novel,blanche,contemporains
rv0554,88720,5396,16.44,13,13.1017623401,Camus,male,Peste,1947,novel,blanche,contemporains
rv0556,40034,2688,14.89,12,12.1178729965,Camus,male,MortHeureuse,1938,novel,blanche,contemporains
rv0558,31559,2102,15.01,13,11.0936803206,Camus,male,Chute,1956,novel,blanche,contemporains
rv0559,35164,2305,15.26,13,9.7253496605,Camus,male,Etranger,1942,novel,blanche,contemporains
rv0560,88016,4523,19.46,11,27.8873455701,Camus,male,PremierHomme,1960,novel,blanche,contemporains
rv0576,13425,1595,8.42,8,3.0339503147,Roussel,male,NouvellesImpressions,1932,novel,blanche,contemporains
rv0659,49015,3523,13.91,12,9.3732978966,Ryck,male,ParisMourir,1969,novel,policier,contemporains
rv0660,51630,5106,10.11,8,8.1582272794,Ryck,male,HeuresOuvrables,1963,novel,policier,contemporains
rv0662,51352,3545,14.49,13,9.5956844232,Ryck,male,DrolePistolet,1969,novel,policier,contemporains
rv0664,43859,3088,14.2,12,10.2631138685,Ryck,male,PeauTorpedo,1968,novel,policier,contemporains
rv0665,50147,3377,14.85,13,10.1135335036,Ryck,male,Incroyant,1970,novel,policier,contemporains
rv0666,52730,4356,12.11,10,9.6159236815,Ryck,male,IntentionsPacifiques,1977,novel,policier,contemporains
rv0668,47008,4211,11.16,9,8.2191388625,Ryck,male,VoulezVousMourir,1973,novel,policier,contemporains
rv0669,42498,3438,12.36,11,7.7376883268,Ryck,male,CimetiereDurs,1968,novel,policier,contemporains
rv0670,49593,3354,14.79,13,10.7461038912,Ryck,male,FeuVertPoissonsRouges,1967,novel,policier,contemporains
rv0677,45095,5103,8.84,7,7.3588401155,Amila,male,BonneTisane,1955,novel,policier,contemporains
rv0680,49057,4725,10.38,8,8.5371016235,Amila,male,LuneOmaha,1964,novel,policier,contemporains
rv0681,51521,5285,9.75,8,7.7574732929,Amila,male,NocesSoufre,1964,novel,policier,contemporains
rv0683,47521,5210,9.12,7,6.8871988621,Amila,male,PitieRats,1964,novel,policier,contemporains
rv0684,48449,5129,9.45,8,7.0899485655,Amila,male,NefDingues,1972,novel,policier,contemporains
rv0687,38156,2431,15.7,12,12.4900740994,Bourget,male,Laborantine,1934,novel,blanche,contemporains
rv0692,118223,2594,45.58,20,64.2499326954,Butor,male,EmploiTemps,1956,novel,policier,contemporains
rv0694,18121,969,18.7,9,23.5766586549,Perec,male,CabinetAmateur,1979,novel,blanche,contemporains
rv0695,25202,980,25.72,16,31.766063569,Perec,male,HommeQuiDort,1967,novel,blanche,contemporains
rv0696,78248,5487,14.26,9,15.6377068273,LeClezio,male,ProcesVerbal,1963,novel,blanche,contemporains
rv0699,130283,6426,20.27,19,13.9605693532,LeClezio,male,Desert,1980,novel,blanche,contemporains
rv0706,32183,2937,10.96,8,10.5211618507,Colette,female,Duo,1934,novel,blanche,contemporains
rv0709,38431,3826,10.04,7,10.0931282655,Colette,female,JulieDeCarneilhan,1941,novel,blanche,contemporains
rv0714,19490,1982,9.83,7,8.9347069704,Colette,female,Toutounier,1939,novel,blanche,contemporains
rv0768,136582,9619,14.2,10,14.2458488606,MduGard,male,Thibault7a,1936,novel,blanche,contemporains
rv0769,143951,10999,13.09,9,13.3696272396,MduGard,male,Thibault7b,1936,novel,blanche,contemporains
rv0770,93253,6994,13.33,9,13.59089183,MduGard,male,Thibault8,1940,novel,blanche,contemporains
rv1030,37711,4145,9.1,7,7.7816125569,Japrisot,male,AdieuAmi,1968,film-script,policier,contemporains
rv1031,85888,10573,8.12,7,4.9719269955,Japrisot,male,DameAuto,1966,novel,policier,contemporains
rv1032,132247,9104,14.53,12,10.6821371566,Japrisot,male,EteMeurtrier,1977,novel,policier,contemporains
rv1033,34539,4123,8.38,6,7.2520628221,Japrisot,male,CourseLievre,1972,film-script,policier,contemporains
rv1035,49655,4274,11.62,9,9.1028165864,Japrisot,male,Pi√®ge pour Cendrillon,1963,novel,policier,contemporains
rv1036,58947,4532,13.01,9,12.266700056,Japrisot,male,CompartimentTueurs,1962,novel,policier,contemporains
rv1039,53716,4670,11.5,8,10.5646523284,Leblanc,male,CagliostroSeVenge,1935,novel,policier,contemporains
rv1040,48035,4406,10.9,8,9.8061191384,Leblanc,male,ChapeletRouge,1934,novel,policier,contemporains
rv1045,46960,4215,11.14,8,10.4897510654,Leblanc,male,MillardsLupin,1941,novel,policier,contemporains
rv1046,52970,5065,10.46,7,10.2721249874,Leblanc,male,Victor,1933,novel,policier,contemporains
rv1057,45039,4058,11.1,8,9.6710990231,Malet,male,Abattoir,1972,novel,policier,contemporains
rv1058,55241,4866,11.35,9,10.0204123347,Malet,male,BurmaBercail,1967,novel,policier,contemporains
rv1059,58284,8254,7.06,6,4.3951172929,Malet,male,CentVingtRueGare,1943,novel,policier,contemporains
rv1060,48388,4206,11.5,8,10.6190398423,Malet,male,BurmaCourtPoupee,1971,novel,policier,contemporains
rv1061,44993,4043,11.13,8,10.6232576691,Malet,male,CroqueMort,1969,novel,policier,contemporains
rv1062,57808,5172,11.18,8,10.478772502,Malet,male,BurmaEnDirect,1962,novel,policier,contemporains
rv1063,52437,4813,10.89,8,9.9923802597,Malet,male,DroleEpreuve,1968,novel,policier,contemporains
rv1064,51041,5010,10.19,7,9.8264811603,Malet,male,FievreMarais,1955,novel,policier,contemporains
rv1065,36503,3277,11.14,8,10.560700446,Malet,male,BurmaDansIle,1970,novel,policier,contemporains
rv1066,40593,3780,10.74,7,10.9274336015,Malet,male,Soleil,1949,novel,policier,contemporains
rv1067,47555,3828,12.42,9,11.9476420705,Manchette,male,AffaireNGustro,1971,novel,policier,contemporains
rv1068,30205,2597,11.63,9,9.441934252,Manchette,male,Fatale,1977,novel,policier,contemporains
rv1070,54651,5086,10.75,8,9.1624829855,Manchette,male,MorguePleine,1973,novel,policier,contemporains
rv1071,42204,3819,11.05,8,9.4929728728,Manchette,male,Nada,1972,novel,policier,contemporains
rv1072,37694,4201,8.97,7,6.8045074455,Manchette,male,DingosChateaux,1972,novel,policier,contemporains
rv1073,39307,4703,8.36,8,5.2578976207,Manchette,male,PetitBleu,1976,novel,policier,contemporains
rv1076,54356,3997,13.6,10,11.5581214732,Manchette,male,QuedOs,1976,novel,policier,contemporains
rv1101,54508,4699,11.6,10,8.5800046675,Dard,male,LaissezTomber,1950,novel,policier,contemporains
rv1102,43041,4248,10.13,8,8.3181912308,Dard,male,SiropGuepes,1960,novel,policier,contemporains
rv1103,61631,6293,9.79,8,8.0950461929,Dard,male,MoiVousConnaissez,1971,novel,policier,contemporains
rv1105,36908,3309,11.15,9,8.3568909237,Dard,male,HommagesDonzelle,1952,novel,policier,contemporains
rv1106,54281,4685,11.59,9,9.7291220595,Dard,male,SanAntonioMac,1961,novel,policier,contemporains
rv1107,67306,6648,10.12,8,8.1181239649,Dard,male,JaiEssaye,1973,novel,policier,contemporains
rv1108,57717,4725,12.22,10,9.7108034842,Dard,male,FaisMoi,1978,novel,policier,contemporains
rv1130,62403,4664,13.38,10,11.3082921012,Malet,male,CinquiemeProcede,1948,novel,policier,contemporains
rv1131,43761,3985,10.98,8,9.909080102,Malet,male,VieDegueulasse,1948,novel,policier,contemporains
rv1132,29664,2411,12.3,9,10.0217465453,Malet,male,Macchabee,1949,novel,policier,contemporains
rv1133,49747,5269,9.44,7,8.7060905128,Malet,male,SoleilNait,1954,novel,policier,contemporains
rv1134,49065,4545,10.8,8,9.7491948044,Malet,male,RatsMontsouris,1955,novel,policier,contemporains
rv1135,52500,4851,10.82,8,9.2059755564,Malet,male,Corrida,1956,novel,policier,contemporains
rv1136,63025,5984,10.53,8,9.4216776939,Malet,male,PasDeBavards,1956,novel,policier,contemporains
rv1137,62481,5975,10.46,8,9.2173634468,Malet,male,CassePipe,1957,novel,policier,contemporains
rv1138,49932,4654,10.73,8,9.1761610564,Malet,male,MicmacMoche,1957,novel,policier,contemporains
rv1139,58926,5821,10.12,7,9.6471321411,Malet,male,EnvahissantCadavre,1959,novel,policier,contemporains
rv1147,53116,4564,11.64,8,11.1705176158,Leblanc,male,BarreYVa,1931,novel,policier,contemporains
rv1148,55257,4515,12.24,9,11.1016255367,Leblanc,male,MinuitSeptHeures,1931,novel,policier,contemporains
rv1149,63735,5930,10.75,7,10.6328272322,Leblanc,male,FemmeDeuxSourires,1933,novel,policier,contemporains
rv1189,37616,3648,10.31,8,7.8603882406,Dard,male,AngesPlumer,1957,novel,policier,contemporains
rv1191,37722,3666,10.29,8,8.2379431356,Dard,male,SanAntonioRenvoie,1960,novel,policier,contemporains
rv1192,66983,4928,13.59,11,10.5062016903,Dard,male,ReglezLuiCompte,1949,novel,policier,contemporains
rv1193,44328,3784,11.71,10,9.0338767341,Dard,male,PlombTripes,1953,novel,policier,contemporains
rv1194,40763,3769,10.82,9,8.0668715076,Dard,male,PassezMoiJoconde,1954,novel,policier,contemporains
rv1195,41177,3968,10.38,8,8.5024639098,Dard,male,GalaEmplumes,1963,novel,policier,contemporains
rv1197,43996,4194,10.49,9,8.1703095316,Dard,male,ClientesMorgue,1953,novel,policier,contemporains
rv1198,70672,6375,11.09,9,9.4855767932,Dard,male,Concerto,1976,novel,policier,contemporains
rv1201,33901,3068,11.05,9,7.9031245358,Dard,male,Delivrez,1956,novel,policier,contemporains
rv1202,47093,4764,9.89,8,7.4755435813,Dard,male,Initiation,1971,novel,policier,contemporains
rv1203,35638,3356,10.62,9,7.6002502193,Dard,male,Accident,1961,novel,policier,contemporains
rv1204,34976,3424,10.21,8,7.2253810654,Dard,male,BourreauPleure,1956,novel,policier,contemporains
rv1205,35242,3356,10.5,9,7.5828164067,Dard,male,PainFossoyeurs,1956,novel,policier,contemporains
rv1206,33743,3625,9.31,8,6.3536509923,Dard,male,TueurTriste,1958,novel,policier,contemporains
rv1207,30852,2835,10.88,9,7.3633796616,Dard,male,SalePeau,1958,novel,policier,contemporains
rv1208,38535,4004,9.62,8,6.6271719423,Dard,male,OnMeurtPas,1956,novel,policier,contemporains
rv1209,31237,3352,9.32,8,6.3283297019,Dard,male,MarchaitTombe,1963,novel,policier,contemporains
rv1220,38564,3389,11.38,9,8.7005148224,Malet,male,Johnny,1941,novel,policier,contemporains
rv1221,53933,4156,12.98,10,11.6057802759,Malet,male,HommeSangBleu,1942,novel,policier,contemporains
rv1222,17457,1302,13.41,10,11.9333286164,Malet,male,AubergeBanlieue,1945,novel,policier,contemporains
rv1223,51499,5092,10.11,8,9.5269201745,Malet,male,Sueur,1949,novel,policier,contemporains
rv1224,20874,1688,12.37,9,12.2205187783,Malet,male,Cite,1950,novel,policier,contemporains
rv1225,23177,1427,16.24,10,19.7850323675,Malet,male,GangMysterieux,1952,novel,policier,contemporains
rv1226,56383,5513,10.23,8,9.2031136237,Malet,male,Nuit,1955,novel,policier,contemporains
rv1227,49891,4383,11.38,8,10.0858010826,Malet,male,Brouillard,1956,novel,policier,contemporains
rv1228,50079,4598,10.89,8,9.6190921979,Malet,male,Ossements,1957,novel,policier,contemporains
rv1229,57478,5794,9.92,7,9.1653882968,Malet,male,RebeccaRosiers,1957,novel,policier,contemporains
rv1234,72030,4113,17.51,13,15.8014791851,Echenoz,male,MeridienGreenwich,1979,novel,policier,contemporains
rv1250,45358,5295,8.57,7,7.1171307629,BoilNarc,male,OmbreProie,1951,novel,policier,contemporains
rv1251,50350,6212,8.11,7,6.005137675,BoilNarc,male,CoeurPerdu,1959,novel,policier,contemporains
rv1252,47116,5841,8.07,7,6.2029013089,BoilNarc,male,IngenieurChiffres,1958,novel,policier,contemporains
rv1253,51990,5384,9.66,8,7.5573626093,BoilNarc,male,Louves,1955,novel,policier,contemporains
rv1254,50793,5636,9.01,7,7.709369504,BoilNarc,male,Magiciennes,1957,novel,policier,contemporains
rv1255,24075,1714,14.05,11,11.4419890094,BoilNarc,male,BoisDormant,1956,novel,policier,contemporains
rv1256,32960,3940,8.37,7,6.644636507,BoilNarc,male,MauvaisOeil,1956,novel,policier,contemporains
rv1257,48945,5423,9.03,7,7.2028188221,BoilNarc,male,EntreMorts,1954,novel,policier,contemporains
rv1258,50460,5741,8.79,7,6.8787290069,BoilNarc,male,VisagesOmbre,1953,novel,policier,contemporains
rv1259,46564,5473,8.51,7,6.7599316093,BoilNarc,male,CelleQui,1952,novel,policier,contemporains
rv1265,49037,5795,8.46,7,6.7164994576,BoilNarc,male,MortDit,1967,novel,policier,contemporains
rv1266,56913,5812,9.79,8,7.2986665215,BoilNarc,male,Malefices,1961,novel,policier,contemporains
rv1267,48656,5061,9.61,8,7.6797125421,BoilNarc,male,PorteLarge,1969,novel,policier,contemporains
rv1268,51304,5309,9.66,8,7.3961851459,BoilNarc,male,Victimes,1964,novel,policier,contemporains
rv1269,51238,5332,9.61,8,7.3250415228,BoilNarc,male,Maldonne,1962,novel,policier,contemporains
rv1277,65373,6314,10.35,8,9.3990584491,Magnan,male,Commissaire,1978,novel,policier,contemporains
rv1280,63251,5686,11.12,8,10.90091907,Magnan,male,SangAtrides,1977,novel,policier,contemporains
rv1281,77222,4845,15.94,12,14.638214764,RobbeGrillet,male,Gommes,1953,novel,policier,contemporains
