;idno;fievre_idno;tc_author-classify;tc_author-short;tc_author-full;tc_title-full;tc_year-premiere;tc_year-print;year_reference;tc_subgenre;tc_form;tc_inspiration;tc_structure;count
tc0001;tc0001;ABEILLE_LYNCEE;OTHER;ABEILLE;ABEILLE, Gaspard;LYNCÉE, TRAGÉDIE.;1678;1681;1678;Tragédie;vers;mythe grec;Cinq actes;1
tc0007;tc0007;ALLAINVAL_ECOLEDESBOURGEOIS;OTHER;ALLAINVAL;SOULAS d'ALLAINVAL, Abbé Léonor Jean Christine;L'ÉCOLE DES BOURGEOIS, COMÉDIE.;N/A;1728;1728;Comédie;prose;moeurs françaises;Trois actes;1
tc0034;tc0034;AURE_DIPNE;OTHER;AURE;AURE, François d';DIPNÉ, INFANTE D'IRLANDE. TRAGÉDIE.;N/A;1668;1668;Tragédie;vers;histoire chrétienne;Cinq actes;1
tc0036;tc0036;AURE_GENEVIEVE70;OTHER;AURE;AURE, François d';GENEVIÈVE OU L'INNOCENCE RECONNUE. TRAGÉDIE.;N/A;1670;1670;Tragédie;vers;histoire chrétienne;Cinq actes;1
tc0037;tc0037;BACULARD_COLIGNI;OTHER;BACULARD;BACULARD, François Thomas-Marie;LE COLIGNY, TRAGDIE;N/A;1744;1744;Tragédie;prose;histoire française;Trois actes;1
tc0041;tc0041;BARANTE_ARLEQUINMISANTHROPE;OTHER;BARANTE;BARANTE, Claude Ignace Brugière de;ARLEQUIN MISANTHROPE, COMÉDIE;N/A;1697;1697;Comédie;mixte;moeurs françaises;Trois actes;1
tc0040;tc0040;BARANTEDUFRESNY_PASQUINMARFORIO;OTHER;BARANTEDUFRESNY;BARANTE et DUFESNY;PASQUIN ET MARFORIO. MÉDECINS DES MOEURS. COMÉDIE EN TROIS ACTES.;N/A;1697;1697;Comédie;mixte;moeurs françaises;Trois actes;1
tc0053;tc0053;BENSERADE_CLEOPATRE;OTHER;BENSERADE;BENSÉRADE, Isaac de;CLÉOPÂTRE, TRAGÉDIE;N/A;1636;1636;Tragédie;vers;histoire romaine;Cinq actes;1
tc0054;tc0054;BENSERADE_MORTACHILLE;OTHER;BENSERADE;BENSÉRADE, Isaac de;LA MORT D'ACHILLE et la DISPUTE DES ARMES, TRAGEDIE;N/A;1636;1636;Tragédie;vers;mythe grec;Cinq actes;1
tc0056;tc0056;BERNARD_BRUTUS;OTHER;BERNARD;BERNARD, CaTherine;BRUTUS, TRAGÉDIE.;N/A;1691;1691;Tragédie;vers;moeurs françaises;Trois actes;1
tc0057;tc0057;BEYS_CELINE;OTHER;BEYS;BEYS, Charles de;CÉLINE ou LES FRÈRES RIVAUX, TRAGI-COMÉDIE;N/A;1637;1637;Tragi-comédie;vers;histoire danoise;Cinq actes;1
tc0059;tc0059;BIANCOLELLI_ECOLEGALANTE;OTHER;BIANCOLELLI;BIANCOLELLI, Pierre François;L'ÉCOLE GALANTE OU L'ART D'AIMER, COMÉDIE;N/A;1711;1711;Comédie;vers;moeurs françaises;Trois actes;1
tc0064;tc0064;BIANCOLLELLI_ARLEQUINGENTILHOMME;OTHER;BIANCOLLELLI;BIANCOLELLI, Pierre François;ARLEQUIN GENTILHOMME PAR HASARD, COMÉDIE.;N/A;1712;1712;Comédie;mixte;moeurs françaises;Trois actes;1
tc0068;tc0068;BIEVRE_SEDUCTEUR;OTHER;BIEVRE;BIÈVRE, François George Maréchal, marquis de;LE SÉDUCTEUR, COMÉDIE.;N/A;1783;1783;Comédie;vers;moeurs françaises;Cinq actes;1
tc0070;tc0070;BLANC_DRUIDES;OTHER;BLANC;BLANC, Marc Antoine;LES DRUIDES, TRAGÉDIE.;N/A;1783;1783;Tragédie;vers;histoire française;Cinq actes;1
tc0072;tc0072;BOHAIRE_SIEGEDEPARIS;OTHER;BOHAIRE;BOHAIRE-DUTHEIL, Nicolas de;LE SIÈGE DE PARIS, TRAGÉDIE;N/A;1780;1780;Tragédie;vers;histoire française;Cinq actes;1
tc0074;tc0074;BOISROBERT_CASSANDRE;OTHER;BOISROBERT;BOISROBERT, François Le Métel de ;CASSANDRE COMTESSE DE BARCELONE, TRAGI-COMÉDIE;N/A;1654;1654;Tragi-comédie;prose;moeurs françaises;Cinq actes;1
tc0075;tc0075;BOISROBERT_RIVAUXAMIS;OTHER;BOISROBERT;BOISROBERT, François Le Métel de ;LES RIVAUX AMIS, TRAGI-COMÉDIE;N/A;1668;1668;Tragi-comédie;prose;moeurs françaises;Cinq actes;1
tc0076;tc0076;BOISSY_APOLOGIEDUSIECLE;BOISSY;BOISSY;BOISSY, Louis de;L'APOLOGIE DU SIÈCLE, OU MOMUS CORRIGÉ, COMÉDIE.;1732;1734;1732;Comédie;vers;moeurs françaises;Trois actes;1
tc0080;tc0080;BOISSY_DEHORSTROMPEURS;BOISSY;BOISSY;BOISSY, Louis de;LES DEHORS TROMPEURS ou L'HOMME DU JOUR, COMÉDIE .;1735;1740;1735;Comédie;vers;moeurs françaises;Cinq actes;1
tc0085;tc0085;BOISSY_MEDECINPAROCCASION;BOISSY;BOISSY;BOISSY, Louis de;LE MÉDECIN PAR OCCASION, COMÉDIE.;1735;1745;1735;Comédie;vers;moeurs françaises;Cinq actes;1
tc0086;tc0086;BOISSY_PLAGIAIRE;BOISSY;BOISSY;BOISSY, Louis de;LE PLAGIAIRE, COMÉDIE.;1732;1746;1732;Comédie;vers;moeurs françaises;Trois actes;1
tc0091;tc0091;BOURSAULT_DEUXFRERESGEMEAUX;BOURSAULT;BOURSAULT;BOURSAULT, Edme;LES DEUX FRÈRES GÉMEAUX OU LES MENTEURS QUI NE MENTENT POINT, COMÉDIE.;N/A;1665;1665;Comédie;vers;moeurs françaises;Cinq actes;1
tc0094;tc0094;BOURSAULT_GERMANICUS;BOURSAULT;BOURSAULT;BOURSAULT, Edme;GERMANICUS, TRAGÉDIE;1673;1694;1673;Tragédie;vers;histoire romaine;Cinq actes;1
tc0096;tc0096;BOURSAULT_MARIESTUARD;BOURSAULT;BOURSAULT;BOURSAULT, Edme;MARIE STUARD, reine d'Écosse, TRAGÉDIE.;1691;1691;1691;Tragédie;vers;histoire écossaise;Cinq actes;1
tc0098;tc0098;BOURSAULT_MORTVIVANT;BOURSAULT;BOURSAULT;BOURSAULT, Edme;LE MORT VIVANT, COMÉDIE.;N/A;1662;1662;Comédie;vers;moeurs espagnoles;Trois actes;1
tc0103;tc0103;BOYER_AGAMEMNON;BOYER;BOYER;BOYER, Claude;AGAMEMNON, TRAGÉDIE.;1648;1680;1648;Tragédie;vers;mythe grec;Cinq actes;1
tc0105;tc0105;BOYER_ARISTODEME;BOYER;BOYER;BOYER, Claude;ARISTODÈME;1648;1648;1648;Tragédie;vers;histoire grecque;Cinq actes;1
tc0106;tc0106;BOYER_ARTAXERCE;BOYER;BOYER;BOYER, Claude;ARTAXERCE, TRAGÉDIE;N/A;1683;1683;Tragédie;vers;histoire perse;Cinq actes;1
tc0107;tc0107;BOYER_FEDERIC;BOYER;BOYER;BOYER, Claude;FÉDÉRIC, TRAGI-COMÉDIE;N/A;1660;1660;Tragi-comédie;vers;moeurs italiennes;Cinq actes;1
tc0108;tc0108;BOYER_JUDITH;BOYER;BOYER;BOYER, Claude;JUDITH, TRAGÉDIE;N/A;1695;1695;Tragédie;vers;bible;Cinq actes;1
tc0110;tc0110;BOYER_MORTENFANTSBRUTE;BOYER;BOYER;BOYER, CLaude;LA MORT DES ENFANTS DE BRUTE, TRAGÉDIE.;1648;1648;1648;Tragédie;vers;histoire romaine;Cinq actes;1
tc0111;tc0111;BOYER_OROPASTE;BOYER;BOYER;BOYER, Claude;OROPASTE OU LE FAUX TONAXARE;1663;1663;1663;Tragédie;vers;histoire orientale;Cinq actes;1
tc0112;tc0112;BOYER_PORCIEROMAINE;BOYER;BOYER;BOYER, Claude;LA PORCIE ROMAINE;1646;1646;1646;Tragédie;vers;histoire romaine;Cinq actes;1
tc0113;tc0113;BOYER_PORUS;BOYER;BOYER;BOYER, Claude;PORUS OU LA GÉNÉROSITÉ D'ALEXANDRE, TRAGÉDIE.;N/A;1648;1648;Tragédie;vers;histoire grecque;Cinq actes;1
tc0114;tc0114;BOYER_TIRIDATE;BOYER;BOYER;BOYER, Claude;TYRIDATE, TRAGÉDIE;N/A;1649;1649;Tragédie;vers;histoire romaine;Cinq actes;1
tc0102;tc0102;BOYERA_CATON;OTHER;BOYERA;BOYER, Abel;CATON, TRAGÉDIE.;1646;1713;1646;Tragédie;prose;histoire romaine;Cinq actes;1
tc0116;tc0116;BROSSE_AVEUGLECLAIRVOYANT;OTHER;BROSSE;BROSSE, Abraham;L'AVEUGLE CLAIRVOYANT. COMÉDIE;N/A;1650;1650;Comédie;vers;moeurs françaises;Cinq actes;1
tc0117;tc0117;BRUEYSPALAPRAT_AVOCATPATELIN;OTHER;BRUEYSPALAPRAT;BRUEYS et PALAPRAT;L'AVOCAT PATELIN, COMÉDIE EN TROIS ACTES ET EN PROSE.;N/A;1706;1706;Comédie;prose;moeurs françaises;Trois actes;1
tc0118;tc0118;CAILHAVA_EGOISME;OTHER;CAILHAVA;CAILHAVA D'ESTENDOUX, Jean-François;L'ÉGOÏSME, COMÉDIÉ EN CINQ ACTES ET EN VERS.;N/A;1777;1777;Comédie;vers;moeurs françaises;Cinq actes;1
tc0119;tc0119;CAILLEAU_TRAGEDIESVOLTAIRE;OTHER;CAILLEAU;CAILLEAU, André-Charles (1731-1798);LES TRAGÉDIES DE M. DE VOLTAIRE, ou TANCRÈDE JUGÉE PAR SES SOEURS, COMÉDIE NOUVELLE;N/A;1760;1760;Tragédie;vers;histoire orientale;Cinq actes;1
tc0122;tc0122;CAMPISTRON_ADRIEN;CAMPISTRON;CAMPISTRON;CAMPISTRON, Jean Galbert de;ADRIEN, TRAGÉDIE;N/A;1683;1683;Tragédie;vers;histoire chrétienne;Cinq actes;1
tc0123;tc0123;CAMPISTRON_ALCIBIADE;CAMPISTRON;CAMPISTRON;CAMPISTRON, Jean Galbert de;ALCIBIADE, TRAGÉDIE;N/A;1685;1685;Tragédie;vers;histoire grecque;Cinq actes;1
tc0124;tc0124;CAMPISTRON_ANDRONIC;CAMPISTRON;CAMPISTRON;CAMPISTRON, Jean G. de;ANDRONIC, TRAGÉDIE;N/A;1685;1685;Tragédie;vers;histoire romaine;Cinq actes;1
tc0125;tc0125;CAMPISTRON_ARMINIUSC;CAMPISTRON;CAMPISTRON;CAMPISTRON, Jean G. de;ARMINUS, TRAGÉDIE;N/A;1685;1685;Tragédie;vers;histoire romaine;Cinq actes;1
tc0126;tc0126;CAMPISTRON_PHOCION;CAMPISTRON;CAMPISTRON;CAMPISTRON, Jean G. de;PHOCION, TRAGÉDIE;N/A;1688;1688;Tragédie;vers;histoire grecque;Cinq actes;1
tc0127;tc0127;CAMPISTRON_VIRGINIE;CAMPISTRON;CAMPISTRON;CAMPISTRON, Jean G. de;VIRGINIE, TRAGÉDIE;N/A;1683;1683;Tragédie;vers;histoire romaine;Cinq actes;1
tc0157;tc0157;CHABANON_EUDOXIE;OTHER;CHABANON;CHABANON, Michel Paul Guy de;EUDOXIE, TRAGÉDIE.;N/A;1769;1769;Tragédie;vers;histoire romaine;Cinq actes;1
tc0158;tc0158;CHABANON_FAUXNOBLE;OTHER;CHABANON;CHABANON, Michel Paul Guy de;LE FAUX NOBLE, COMÉDIE.;N/A;1788;1788;Comédie;vers;moeurs françaises;Cinq actes;1
tc0161;tc0161;CHAMFORT_MUSTAPHAZEANGIR;OTHER;CHAMFORT;CHAMFORT, Sébatien-Roch-Nicolas de ;MUSTAPHA et ZÉANGIR, TRAGÉDIE;1777;1777;1777;Tragédie;vers;moeurs ottomanes;Cinq actes;1
tc0167;tc0167;CHEVALIER_AMOURSDECALOTIN;OTHER;CHEVALIER;CHEVALIER, Jean Simonin dit;LES AMOURS DE CALOTIN, COMÉDIE;N/A;1664;1664;Comédie;vers;moeurs françaises;Trois actes;1
tc0168;tc0168;CHEVREAU_AVOCATDUPE;OTHER;CHEVREAU;CHEVREAU, Urbain;L'AVOCAT DUPÉ, COMÉDIE;N/A;1637;1637;Comédie;vers;moeurs françaises;Cinq actes;1
tc0169;tc0169;COLARDEAU_ASTARBE;OTHER;COLARDEAU;COLARDEAU, Charles-Pierre;ASTARBÉ, TRAGÉDIE;N/A;1758;1758;Tragédie;vers;histoire romaine;Cinq actes;1
tc0173;tc0173;CORNEILLEP_AGESILAS;CORNEILLEP;CORNEILLEP;CORNEILLE, Pierre;AGÉSILAS, TRAGÉDIE;N/A;1666;1666;Tragédie;vers;histoire grecque;Cinq actes;1
tc0175;tc0175;CORNEILLEP_ATTILA;CORNEILLEP;CORNEILLEP;CORNEILLE, Pierre;ATTILA, ROI DES HUNS, TRAGÉDIE;1667;1668;1667;Tragédie;vers;histoire médiévale;Cinq actes;1
tc0176;tc0176;CORNEILLEP_CID;CORNEILLEP;CORNEILLEP;CORNEILLE, Pierre;LE CID, TRAGÉDIE;N/A;1682;1682;Tragédie;vers;histoire espagnole;Cinq actes;1
tc0179;tc0179;CORNEILLEP_CINNA43;CORNEILLEP;CORNEILLEP;CORNEILLE, Pierre;CINNA ou LA CLÉMENCE D'AUGUSTE, TRAGÉDIE;N/A;1643;1643;Tragédie;vers;histoire romaine;Cinq actes;1
tc0180;tc0180;CORNEILLEP_CLITANDRE;CORNEILLEP;CORNEILLEP;CORNEILLE, Pierre;CLITANDRE, COMÉDIE;1631;1682;1631;Tragédie;vers;histoire écossaise;Cinq actes;1
tc0182;tc0182;CORNEILLEP_GALERIEDUPALAIS;CORNEILLEP;CORNEILLEP;CORNEILLE, Pierre;LA GALERIE DU PALAIS ou L'AMIE RIVALE;1633;1637;1633;Comédie;vers;moeurs françaises;Cinq actes;1
tc0183;tc0183;CORNEILLEP_HERACLIUS;CORNEILLEP;CORNEILLEP;CORNEILLE, Pierre;HÉRACLIUS, EMPEREUR D'ORIENT, TRAGÉDIE;N/A;1647;1647;Tragédie;vers;histoire romaine;Cinq actes;1
tc0184;tc0184;CORNEILLEP_HORACE;CORNEILLEP;CORNEILLEP;CORNEILLE, Pierre;HORACE, TRAGÉDIE;N/A;1641;1641;Tragédie;vers;histoire romaine;Cinq actes;1
tc0185;tc0185;CORNEILLEP_ILLUSIONCOMIQUE;CORNEILLEP;CORNEILLEP;CORNEILLE, Pierre;L'ILLUSION COMIQUE, COMÉDIE;1636;1639;1636;Comédie;vers;moeurs françaises;Cinq actes;1
tc0186;tc0186;CORNEILLEP_MEDEE;CORNEILLEP;CORNEILLEP;CORNEILLE, Pierre;MÉDÉE, TRAGÉDIE;1634;1682;1634;Tragédie;vers;mythe grec;Cinq actes;1
tc0188;tc0188;CORNEILLEP_MELITE;CORNEILLEP;CORNEILLEP;CORNEILLE, Pierre;MÉLITE, COMÉDIE;1630;1682;1630;Comédie;vers;moeurs françaises;Cinq actes;1
tc0189;tc0189;CORNEILLEP_MENTEUR;CORNEILLEP;CORNEILLEP;CORNEILLE, Pierre;LE MENTEUR, COMÉDIE;1644;1644;1644;Comédie;vers;moeurs françaises;Cinq actes;1
tc0190;tc0190;CORNEILLEP_MORTPOMPEE;CORNEILLEP;CORNEILLEP;CORNEILLE, Pierre;LA MORT DE POMPÉE, TRAGÉDIE;1643;1644;1643;Tragédie;vers;histoire romaine;Cinq actes;1
tc0191;tc0191;CORNEILLEP_NICOMEDE;CORNEILLEP;CORNEILLEP;CORNEILLE, Pierre;NICOMÈDE, TRAGÉDIE;1651;1651;1651;Tragédie;vers;histoire romaine;Cinq actes;1
tc0192;tc0192;CORNEILLEP_OEDIPE;CORNEILLEP;CORNEILLEP;CORNEILLE, Pierre;OEDIPE, TRAGÉDIE;N/A;1659;1659;Tragédie;vers;mythe grec;Cinq actes;1
tc0193;tc0193;CORNEILLEP_OTHON;CORNEILLEP;CORNEILLEP;CORNEILLE, Pierre;OTHON, TRAGÉDIE;N/A;1665;1665;Tragédie;vers;histoire romaine;Cinq actes;1
tc0194;tc0194;CORNEILLEP_PERTHARITE;CORNEILLEP;CORNEILLEP;CORNEILLE, Pierre;PERTHARITE ROI DES LOMBARDS, TRAGÉDIE;1653;1653;1653;Tragédie;vers;histoire médiévale;Cinq actes;1
tc0195;tc0195;CORNEILLEP_PLACEROYALE;CORNEILLEP;CORNEILLEP;CORNEILLE, Pierre;LA PLACE ROYALE ou L'AMOUREUX EXTRAVAGANT, COMÉDIE;1634;1637;1634;Comédie;vers;moeurs françaises;Cinq actes;1
tc0196;tc0196;CORNEILLEP_POLYEUCTE;CORNEILLEP;CORNEILLEP;CORNEILLE, Pierre;POLYEUCTE MARTYR, TRAGÉDIE;1643;1643;1643;Tragédie;vers;histoire chrétienne;Cinq actes;1
tc0198;tc0198;CORNEILLEP_RODOGUNE;CORNEILLEP;CORNEILLEP;CORNEILLE, Pierre;RODOGUNE, TRAGÉDIE;N/A;1647;1647;Tragédie;vers;histoire romaine;Cinq actes;1
tc0199;tc0199;CORNEILLEP_SERTORIUS;CORNEILLEP;CORNEILLEP;CORNEILLE, Pierre;SERTORIUS, TRAGÉDIE;1662;1662;1662;Tragédie;vers;histoire romaine;Cinq actes;1
tc0200;tc0200;CORNEILLEP_SOPHONISBE;CORNEILLEP;CORNEILLEP;CORNEILLE, Pierre;SOPHONISBE, TRAGÉDIE;1663;1663;1663;Tragédie;vers;histoire romaine;Cinq actes;1
tc0201;tc0201;CORNEILLEP_SUITEMENTEUR;CORNEILLEP;CORNEILLEP;CORNEILLE, Pierre;LA SUITE DU MENTEUR, COMÉDIE;1645;1645;1645;Comédie;vers;moeurs françaises;Cinq actes;1
tc0202;tc0202;CORNEILLEP_SUIVANTE;CORNEILLEP;CORNEILLEP;CORNEILLE, Pierre;LA SUIVANTE, COMÉDIE;1634;1637;1634;Comédie;vers;moeurs françaises;Cinq actes;1
tc0203;tc0203;CORNEILLEP_SURENA;CORNEILLEP;CORNEILLEP;CORNEILLE, Pierre;SURENA GÉNERAL DES PARTHES, TRAGÉDIE;1674;1675;1674;Tragédie;vers;histoire orientale;Cinq actes;1
tc0204;tc0204;CORNEILLEP_THEODORE;CORNEILLEP;CORNEILLEP;CORNEILLE, Pierre;THÉODORE, VIERGE ET MARTYRE, TRAGÉDIE CHRÉTIENNE;1645;1646;1645;Tragédie;vers;histoire chrétienne;Cinq actes;1
tc0208;tc0208;CORNEILLEP_VEUVE34;CORNEILLEP;CORNEILLEP;CORNEILLE, Pierre;LA VEUVE OU LE TRAÎTRE TRAHI, COMÉDIE;1631;1634;1631;Comédie;vers;moeurs françaises;Cinq actes;1
tc0209;tc0209;CORNEILLET_AMOURALAMODE;CORNEILLET;CORNEILLET;CORNEILLE, Thomas;L'AMOUR À LA MODE, COMÉDIE. ;N/A;1651;1651;Comédie;vers;moeurs espagnoles;Cinq actes;1
tc0210;tc0210;CORNEILLET_ARIANE;CORNEILLET;CORNEILLET;CORNEILLE, Thomas;ARIANE, TRAGÉDIE;1672;1672;1672;Tragédie;vers;mythe grec;Cinq actes;1
tc0211;tc0211;CORNEILLET_BERENICE;CORNEILLET;CORNEILLET;CORNEILLE, Thomas;BÉRÉNICE, TRAGÉDIE.;N/A;1709;1709;Tragédie;vers;histoire grecque;Cinq actes;1
tc0213;tc0213;CORNEILLET_BRADAMANTE;CORNEILLET;CORNEILLET;CORNEILLE, Thomas;BRADAMANTE, TRAGÉDIE;1695;1695;1695;Tragédie;vers;histoire française;Cinq actes;1
tc0214;tc0214;CORNEILLET_CAMMA;CORNEILLET;CORNEILLET;CORNEILLE, Thomas;CAMMA, REINE DE GALATIE, TRAGÉDIE;1661;1661;1661;Tragédie;vers;mythe grec;Cinq actes;1
tc0215;tc0215;CORNEILLET_CHARMEDELAVOIX;CORNEILLET;CORNEILLET;CORNEILLE, Thomas;LE CHARME DE LA VOIX, COMÉDIE;N/A;1658;1658;Comédie;vers;moeurs italiennes;Cinq actes;1
tc0217;tc0217;CORNEILLET_COMTEDESSEX;CORNEILLET;CORNEILLET;CORNEILLE, Thomas;LE COMTE d'ESSEX, TRAGÉDIE;1678;1678;1678;Tragédie;vers;histoire anglaise;Cinq actes;1
tc0218;tc0218;CORNEILLET_COMTESSEORGUEIL;CORNEILLET;CORNEILLET;CORNEILLE, Thomas;LA COMTESSE D'ORGUEIL, COMÉDIE;1653;1690;1653;Comédie;vers;moeurs françaises;Cinq actes;1
tc0219;tc0219;CORNEILLET_DARIUS;CORNEILLET;CORNEILLET;CORNEILLE, Thomas;DARIUS, TRAGÉDIE;1659;1659;1659;Tragédie;vers;histoire perse;Cinq actes;1
tc0220;tc0220;CORNEILLET_DOMBERTRANDECIGARRAL;CORNEILLET;CORNEILLET;CORNEILLE, Thomas;DON BERTRAN DE CIGARRAL, COMÉDIE;1651;1709;1651;Comédie;vers;moeurs espagnoles;Cinq actes;1
tc0221;tc0221;CORNEILLET_DOMCESARDAVALOS;CORNEILLET;CORNEILLET;CORNEILLE, Thomas;DON CÉSAR D'AVALOS, COMÉDIE.;1661;1661;1661;Comédie;vers;moeurs espagnoles;Cinq actes;1
tc0222;tc0222;CORNEILLET_ENGAGEMENTSDUHASARD;CORNEILLET;CORNEILLET;CORNEILLE, Thomas;LES ENGAGEMENTS DU HASARD, COMÉDIE.;1649;1662;1649;Comédie;vers;histoire anglaise;Cinq actes;1
tc0223;tc0223;CORNEILLET_FEINTASTROLOGUE;CORNEILLET;CORNEILLET;CORNEILLE, Thomas;LE FEINT ASTROLOGUE, COMÉDIE;1636;1651;1636;Comédie;vers;moeurs françaises;Cinq actes;1
tc0224;tc0224;CORNEILLET_FESTINPIERRE;CORNEILLET;CORNEILLET;CORNEILLE, Thomas;LE FESTIN DE PIERRE, COMÉDIE;1677;1677;1677;Comédie;vers;moeurs espagnoles;Cinq actes;1
tc0225;tc0225;CORNEILLET_GALANTDOUBLE;CORNEILLET;CORNEILLET;CORNEILLE, Thomas;LE GALANT DOUBLÉ, COMÉDIE. ;1659;1659;1659;Comédie;vers;moeurs espagnoles;Cinq actes;1
tc0226;tc0226;CORNEILLET_GEOLIERDESOISMEME;CORNEILLET;CORNEILLET;CORNEILLE, Thomas;LE GEÔLIER DE SOI-MÊME, COMÉDIE.;1695;1655;1695;Comédie;vers;moeurs italiennes;Cinq actes;1
tc0227;tc0227;CORNEILLET_ILLUSTRESENNEMIS;CORNEILLET;CORNEILLET;CORNEILLE, Thomas;LES ILLUSTRES ENNEMIS, COMÉDIE;1657;1657;1657;Comédie;vers;moeurs espagnoles;Cinq actes;1
tc0228;tc0228;CORNEILLET_INCONNU;CORNEILLET;CORNEILLET;CORNEILLE, Thomas;L'INCONNU, COMÉDIE.;1675;1675;1675;Comédie;vers;moeurs françaises;Cinq actes;1
tc0229;tc0229;CORNEILLET_MAXIMIAN;CORNEILLET;CORNEILLET;CORNEILLE, Thomas;MAXIMIAN, TRAGÉDIE;1662;1662;1662;Tragédie;vers;histoire romaine;Cinq actes;1
tc0231;tc0231;CORNEILLET_MORTANNIBAL;CORNEILLET;CORNEILLET;CORNEILLE, Thomas;LA MORT D'ANNIBAL, TRAGÉDIE;1669;1669;1669;Tragédie;vers;histoire romaine;Cinq actes;1
tc0232;tc0232;CORNEILLET_MORTDACHILLE;CORNEILLET;CORNEILLET;CORNEILLE, Thomas;LA MORT D'ACHILLE, TRAGÉDIE;1673;1673;1673;Tragédie;vers;mythe grec;Cinq actes;1
tc0233;tc0233;CORNEILLET_MORTEMPEREURCOMMODE;CORNEILLET;CORNEILLET;CORNEILLE, Thomas;LA MORT DE L'EMPEREUR COMMODE, TRAGÉDIE;N/A;1657;1657;Tragédie;vers;histoire romaine;Cinq actes;1
tc0234;tc0234;CORNEILLET_PERSEEDEMETRIUS;CORNEILLET;CORNEILLET;CORNEILLE, Thomas;PERSÉE ET DÉMÉTRIUS, TRAGÉDIE.;N/A;1662;1662;Tragédie;vers;histoire romaine;Cinq actes;1
tc0235;tc0235;CORNEILLET_PYRRHUS;CORNEILLET;CORNEILLET;CORNEILLE, Thomas;PYRRHUS, ROI D'ÉPIRE, TRAGÉDIE.;N/A;1661;1661;Tragédie;vers;mythe grec;Cinq actes;1
tc0236;tc0236;CORNEILLET_STLICON;CORNEILLET;CORNEILLET;CORNEILLE, Thomas;STILICON, TRAGÉDIE;1660;1664;1660;Tragédie;vers;histoire romaine;Cinq actes;1
tc0237;tc0237;CORNEILLET_THEODAT;CORNEILLET;CORNEILLET;CORNEILLE, Thomas;THÉODAT, TRAGÉDIE;N/A;1673;1673;Tragédie;vers;histoire médiévale;Cinq actes;1
tc0238;tc0238;CORNEILLET_TIMOCRATE;CORNEILLET;CORNEILLET;CORNEILLE, Thomas;TIMOCRATE, TRAGÉDIE;1662;1662;1662;Tragédie;vers;histoire grecque;Cinq actes;1
tc0242;tc0242;CREBILLON_ATREETHYESTE;CREBILLON;CREBILLON;CRÉBILLON, Prosper J. de;ATRÉE et THYESTE, TRAGÉDIE.;1707;1707;1707;Tragédie;vers;mythe grec;Cinq actes;1
tc0243;tc0243;CREBILLON_CATILINA;CREBILLON;CREBILLON;CRÉBILLON, Prosper J. de;CATILINA, TRAGÉDIE;1749;1749;1749;Tragédie;vers;histoire romaine;Cinq actes;1
tc0244;tc0244;CREBILLON_ELECTRE;CREBILLON;CREBILLON;CRÉBILLON, Prosper J. de;ÉLECTRE, TRAGÉDIE;1708;1709;1708;Tragédie;vers;mythe grec;Cinq actes;1
tc0245;tc0245;CREBILLON_IDOMENEE;CREBILLON;CREBILLON;CRÉBILLON, Prosper J. de;IDOMÉNÉE, TRAGÉDIE.;1703;1703;1703;Tragédie;vers;histoire grecque;Cinq actes;1
tc0246;tc0246;CREBILLON_PYRRHUS;CREBILLON;CREBILLON;CRÉBILLON, Prosper J. de;PYRRHUS, TRAGÉDIE;1708;1726;1708;Tragédie;vers;mythe grec;Cinq actes;1
tc0248;tc0248;CREBILLON_TRIUMVIRAT;CREBILLON;CREBILLON;CRÉBILLON, Prosper J. de;LE TRIUMVIRAT ou LA MORT DE CICÉRON, TRAGÉDIE;1754;1754;1754;Tragédie;vers;histoire romaine;Cinq actes;1
tc0249;tc0249;CREBILLON_XERXES;CREBILLON;CREBILLON;CRÉBILLON, Prosper J. de;XERCÈS, TRAGÉDIE;1749;1749;1749;Tragédie;vers;histoire perse;Cinq actes;1
tc0252;tc0252;CUBIERES-PALMEZEAUX_DILIGENCEDELYON;OTHER;CUBIERES-PALMEZEAUX;CUBIÈRES-PALMÉZEAUX, Michel de;LA DILIGENCE DE LYON, COMÉDIE;N/A;1786;1786;Comédie;prose;moeurs françaises;Trois actes;1
tc0255;tc0255;CUBIERES-PALMEZEAUX_LACRYMANIE;OTHER;CUBIERES-PALMEZEAUX;CUBIÈRES-PALMÉZEAUX, Michel de;LA LACRYMANIE, PIÈCE EN TROIS ACTES, EN VERS.;N/A;1775;1775;Comédie;vers;moeurs françaises;Trois actes;1
tc0256;tc0256;CUBIERES-PALMEZEAUX_MORTDEMOLIERE3A;OTHER;CUBIERES-PALMEZEAUX;CUBIÈRES-PALMÉZEAUX, Michel de;LA MORT DE MOLIÈRE, PIÈCE EN TROIS ACTES, EN VERS.;N/A;1788;1788;Comédie;vers;moeurs françaises;Trois actes;1
tc0259;tc0259;CYRANO_LAMORTDAGRIPPINE;OTHER;CYRANO;CYRANO, Hercule Savinien, dit CYRANO de BERGERAC;LA MORT D'AGRIPPINE, veuve de GERMANICUS, TRAGÉDIE.;N/A;1654;1654;Tragédie;vers;histoire romaine;Cinq actes;1
tc0260;tc0260;CYRANO_PEDANTJOUE;OTHER;CYRANO;CYRANO, Hercule Savinien, dit CYRANO de BERGERAC;LE PÉDANT JOUÉ, COMÉDIE.;N/A;1654;1654;Comédie;prose;moeurs françaises;Cinq actes;1
tc0262;tc0262;DANCOURT_AGIOTEURS;DANCOURT;DANCOURT;DANCOURT, Florent CARTON dit;LES AGIOTEURS, COMÉDIE;N/A;1710;1710;Comédie;prose;moeurs françaises;Trois actes;1
tc0265;tc0265;DANCOURT_BOURGEOISESALAMODE;DANCOURT;DANCOURT;DANCOURT, Florent CARTON dit;LES BOURGEOISES À LA MODE, COMÉDIE;N/A;1692;1692;Comédie;prose;moeurs françaises;Cinq actes;1
tc0266;tc0266;DANCOURT_CEPHALEPROCRIS;DANCOURT;DANCOURT;DANCOURT, Florent CARTON dit;CÉPHALE ET PROCRIS, COMÉDIE;N/A;1711;1711;Comédie;mixte;moeurs françaises;Cinq actes;1
tc0270;tc0270;DANCOURT_COMEDIECOMEDIENS;DANCOURT;DANCOURT;DANCOURT, Florent CARTON dit;LA COMÉDIE DES COMÉDIENS, COMÉDIE;N/A;1710;1710;Comédie;mixte;moeurs françaises;Cinq actes;1
tc0278;tc0278;DANCOURT_ENFANTSDEPARIS;DANCOURT;DANCOURT;DANCOURT, Florent CARTON dit;LES ENFANTS DE PARIS, COMÉDIE;N/A;1699;1699;Comédie;vers;moeurs françaises;Cinq actes;1
tc0280;tc0280;DANCOURT_FEES;DANCOURT;DANCOURT;DANCOURT, Florent CARTON dit;LES FÉES, COMÉDIE;N/A;1699;1699;Comédie;mixte;féérie;Trois actes;1
tc0281;tc0281;DANCOURT_FEMMEDINTRIGUES;DANCOURT;DANCOURT;DANCOURT, Florent CARTON dit;LA FEMME D'INTRIGUES, COMÉDIE;N/A;1692;1692;Comédie;prose;moeurs françaises;Cinq actes;1
tc0282;tc0282;DANCOURT_FETEDEVILLAGE;DANCOURT;DANCOURT;DANCOURT, Florent CARTON dit;LA FÊTE DE VILLAGE, COMÉDIE.;N/A;1700;1700;Comédie;prose;moeurs françaises;Trois actes;1
tc0287;tc0287;DANCOURT_FONDSPERDUS;DANCOURT;DANCOURT;DANCOURT, Florent CARTON dit;LES FONDS PERDUS, COMÉDIE EN TROIS ACTES;N/A;1686;1686;Comédie;prose;moeurs françaises;Trois actes;1
tc0290;tc0290;DANCOURT_IMPROMPTUDEGARNISON;DANCOURT;DANCOURT;DANCOURT, Florent CARTON dit;L’IMPROMPTU DE GARNISON, COMÉDIE.;N/A;1692;1692;Comédie;prose;moeurs françaises;Cinq actes;1
tc0295;tc0295;DANCOURT_MADAMEARTUS;DANCOURT;DANCOURT;DANCOURT, Florent CARTON dit;MADAME ARTUS, COMÉDIE;N/A;1707;1707;Comédie;vers;moeurs françaises;Cinq actes;1
tc0299;tc0299;DANCOURT_MOULINDEJAVELLE;DANCOURT;DANCOURT;DANCOURT, Florent CARTON dit;LE MOULIN DE JAVELLE, COMÉDIE;N/A;1692;1692;Comédie;prose;moeurs françaises;Cinq actes;1
tc0304;tc0304;DANCOURT_RENAUDARMIDE;DANCOURT;DANCOURT;DANCOURT, Florent CARTON dit;RENAUD ET ARMIDE, COMÉDIE;N/A;1692;1692;Comédie;mixte;moeurs françaises;Cinq actes;1
tc0306;tc0306;DANCOURT_SANCHO;DANCOURT;DANCOURT;DANCOURT, Florent CARTON dit;SANCHO PANÇA, GOUVERNEUR, COMÉDIE;N/A;1712;1712;Comédie;vers;moeurs françaises;Cinq actes;1
tc0307;tc0307;DANCOURT_TRAHISONPUNIE;DANCOURT;DANCOURT;DANCOURT, Florent CARTON dit;LA TRAHISON PUNIE, COMÉDIE;N/A;1707;1707;Comédie;vers;moeurs espagnoles;Cinq actes;1
tc0313;tc0313;DECAUX_MARIUS;OTHER;DECAUX;CAUX de MONTLEBERT, Gilles de;MARIUS, TRAGÉDIE.;N/A;1702;1702;Tragédie;vers;histoire romaine;Cinq actes;1
tc0316;tc0316;DESFONTAINES_EURIMEDON;DESFONTAINES;DESFONTAINES;DESFONTAINES, Nicolas-Marie dit;EURIMÉDON OU L'ILLUSTRE PIRATE. TRAGI-COMÉDIE.;N/A;1637;1637;Tragi-comédie;vers;histoire grecque;Cinq actes;1
tc0317;tc0317;DESFONTAINES_PERSIDE;DESFONTAINES;DESFONTAINES;DESFONTAINES, Nicolas Marie dit;PERSIDE OU LA SUITE D'IBRAHIM BASSA, TRAGÉDIE.;N/A;1644;1644;Tragédie;vers;histoire ottomane;Cinq actes;1
tc0318;tc0318;DESFONTAINES_SAINTGENEST;DESFONTAINES;DESFONTAINES;DESFONTAINES, Nicolas-Marc;L'ILLUSTRE COMÉDIEN, ou LE MARTYRE DE SAINT-GENEST. TRAGÉDIE.;N/A;1645;1645;Tragédie;vers;histoire romaine;Cinq actes;1
tc0319;tc0319;DESFONTAINES_VERITABLESEMIRAMIS;DESFONTAINES;DESFONTAINES;DESFONTAINES, Nicolas Marie dit;LA VÉRITABLE SÉMIRAMIS, TRAGÉDIE.;N/A;1647;1647;Tragédie;vers;histoire balylonienne;Cinq actes;1
tc0320;tc0320;DESHOULIERES_GENSERIC;OTHER;DESHOULIERES;DESHOULIÈRES, Antoinette du Ligier de la Garde;GENSERIC, TRAGÉDIE;N/A;1680;1680;Tragédie;vers;histoire romaine;Cinq actes;1
tc0322;tc0322;DESJARDINS_FAVORI;OTHER;DESJARDINS;DESJARDINS, Marie-Catherine-Hortense;LE FAVORI, TRAGICOMÉDIE.;N/A;1665;1665;Tragi-comédie;vers;moeurs espagnoles;Cinq actes;1
tc0323;tc0323;DESJARDINS_MANLIUS;OTHER;DESJARDINS;DESJARDINS, Marie-Catherine-Hortense de, Mademoisele de Villedieu;MANLIUS, TRAGÉDIE.;N/A;1662;1662;Tragi-comédie;vers;histoire romaine;Cinq actes;1
tc0324;tc0324;DESMARETS_VISIONNAIRES;OTHER;DESMARETS;DESMARETS de SAINT-SORLIN, Jean dit De Boisval;LES VISIONNAIRES, COMÉDIE.;1639;1639;1639;Comédie;vers;moeurs françaises;Cinq actes;1
tc0327;tc0327;DIDEROT_FILSNATUREL;OTHER;DIDEROT;DIDEROT, Denis;LE FILS NATUREL ou Les ÉPREUVES DE LA VERTU.;1757;1757;1757;Tragi-comédie;prose;moeurs françaises;Cinq actes;1
tc0328;tc0328;DIDEROT_PEREDEFAMILLE;OTHER;DIDEROT;DIDEROT, Denis;LE PÈRE DE FAMILLE, COMÉDIE.;N/A;1758;1758;Comédie;prose;moeurs françaises;Cinq actes;1
tc0329;tc0329;DIDEROT_PIECEPROLOGUE;OTHER;DIDEROT;DIDEROT, Denis;LA PIÈCE ET LE PROLOGUE OU CELUI QUI LES SERT TOUS ET QUI N'EN CONTENTE AUCUN, COMÉDIE.;N/A;1771;1771;Comédie;prose;moeurs françaises;Cinq actes;1
tc0330;tc0330;DISCRET_NOCESDEVAUGIRARD;OTHER;DISCRET;DISCRET, L.C.;LES NOCES DE VAUGIRARD, OU LES NAÏVETÉS CHAMPÊTRES, PASTORALE DÉDIÉE À CEUX QUI VEULENT RIRE.;N/A;1688;1688;Comédie;vers;pastorale;Cinq actes;1
tc0335;tc0335;DORAT_CELIBATAIRE;OTHER;DORAT;DORAT, Claude-Joseph;LE CÉLIBATAIRE, COMÉDIE EN CINQ ACTES ET EN VERS;1776;1776;1776;Comédie;vers;moeurs françaises;Cinq actes;1
tc0336;tc0336;DORAT_REGULUS;OTHER;DORAT;DORAT, Claude-Joseph;RÉGULUS, TRAGÉDIE EN TROIS ACTES ET EN VERS.;N/A;1765;1765;Tragédie;vers;histoire romaine;Trois actes;1
tc0347;tc0347;DUBOSC_BALANCEDETAT;OTHER;DUBOSC;DU BOSC de MONTANDRE, Claude;LA BALANCE D'ÉTAT, TRAGI-COMÉDIE.;1652;1652;1652;Tragi-comédie;vers;histoire française;Cinq actes;1
tc0348;tc0348;DUCHE_ABSALON;OTHER;DUCHE;DUCHE de VANCY, Jospeh-François;ABSALON, TRAGÉDIE;1702;1702;1702;Tragédie;vers;bible;Cinq actes;1
tc0356;tc0356;DUFRESNY_COQUETTEDUVILLAGE;DUFRESNY;DUFRESNY;DUFRESNY, Charles;LA COQUETTE DE VILLAGE OU LE LOT SUPPOSÉ, COMÉDIE EN TROIS ACTES.;N/A;1715;1715;Comédie;vers;moeurs françaises;Trois actes;1
tc0362;tc0362;DUFRESNY_FAUXHONNETEHOMME;DUFRESNY;DUFRESNY;DUFRESNY, Charles;LE FAUX HONNÊTE HOMME, COMÉDIE EN TROIS ACTES.;N/A;1703;1703;Comédie;prose;moeurs françaises;Trois actes;1
tc0363;tc0363;DUFRESNY_FAUXINSTINCT;DUFRESNY;DUFRESNY;DU FRESNY, Charles Rivière;LE FAUX INSTINCT, COMÉDIE;1707;1707;1707;Comédie;prose;moeurs françaises;Cinq actes;1
tc0364;tc0364;DUFRESNY_FAUXSINCERE;DUFRESNY;DUFRESNY;DUFRESNY, Charles;LE FAUX SINCÈRE, COMÉDIE.;N/A;1731;1731;Comédie;vers;moeurs françaises;Cinq actes;1
tc0365;tc0365;DUFRESNY_JALOUXHONTEUX;DUFRESNY;DUFRESNY;DUFRESNY, Charles Rivière;LE JALOUX HONTEUX, COMÉDIE;1699;1708;1699;Comédie;prose;moeurs françaises;Cinq actes;1
tc0366;tc0366;DUFRESNY_JOUEUSE;DUFRESNY;DUFRESNY;DUFRESNY, Charles Rivière;LA JOUEUSE, COMÉDIE;N/A;1699;1699;Comédie;prose;moeurs françaises;Cinq actes;1
tc0367;tc0367;DUFRESNY_MALADESANSMALADIE;DUFRESNY;DUFRESNY;DU FRESNY, Charles Rivière;LA MALADE SANS MALADIE, COMÉDIE;1699;1699;1699;Comédie;prose;moeurs françaises;Cinq actes;1
tc0369;tc0369;DUFRESNY_MARIAGEFAITETROMPU;DUFRESNY;DUFRESNY;DUFRESNY, Charles;LE MARIAGE FAIT ET ROMPU, COMÉDIE;N/A;1721;1721;Comédie;vers;moeurs françaises;Trois actes;1
tc0372;tc0372;DUFRESNY_RECONCILIATIONNORMANDE;DUFRESNY;DUFRESNY;DUFRESNY, Charles;LA RÉCONCILIATION NORMANDE, COMÉDIE.;N/A;1719;1719;Comédie;vers;moeurs françaises;Cinq actes;1
tc0389;tc0389;DURYER_ALCIMEDON;DURYER;DURYER;DU RYER, Pierre;ALCIMÉDON, TRAGI-COMÉDIE;1636;1636;1636;Tragi-comédie;vers;mythe grec;Cinq actes;1
tc0390;tc0390;DURYER_ALCIONEE;DURYER;DURYER;DU RYER, Pierre;ALCIONÉE ou LE COMBAT de L'HONNEUR et de L'AMOUR, TRAGÉDIE;1640;1640;1640;Tragédie;vers;mythe grec;Cinq actes;1
tc0391;tc0391;DURYER_ANAXANDRE;DURYER;DURYER;DU RYER, Pierre;ANAXANDRE. TRAGI-COMÉDIE.;1655;1655;1655;Tragi-comédie;vers;mythe grec;Cinq actes;1
tc0392;tc0392;DURYER_ARGENISPOLIARQUE;DURYER;DURYER;DU RYER, Pierre;ARGENIS ET POLIARQUE ou THÉOCRINE, TRAGI-COMÉDIE;1630;1630;1630;Tragi-comédie;vers;mythe grec;Cinq actes;1
tc0393;tc0393;DURYER_BERENICE;DURYER;DURYER;DU RYER, Pierre;BÉRÉNICE, TRAGI-COMÉDIE EN PROSE.;1642;1635;1642;Tragi-comédie;prose;moeurs antiques;Cinq actes;1
tc0394;tc0394;DURYER_CLARIGENE;DURYER;DURYER;DU RYER, Pierre;CLARIGÈNE, TRAGICOMÉDIE.;N/A;1639;1639;Tragi-comédie;vers;bible;Cinq actes;1
tc0395;tc0395;DURYER_CLEOMEDON;DURYER;DURYER;DU RYER, Pierre;CLÉOMÉDON, TRAGI-COMÉDIE.;1644;1636;1644;Tragi-comédie;vers;Astrée;Cinq actes;1
tc0396;tc0396;DURYER_CLITOPHON;DURYER;DURYER;DU RYER, Pierre;CLITOPHON, TRAGI-COMÉDIE;1636;1632;1636;Tragi-comédie;vers;mythe grec;Cinq actes;1
tc0397;tc0397;DURYER_DYNAMIS;DURYER;DURYER;DU RYER, Pierre;DYNAMIS, REINE DE CARIE. TRAGI-COMÉDIE;1653;1653;1653;Tragi-comédie;vers;moeurs françaises;Cinq actes;1
tc0398;tc0398;DURYER_ESTHER;DURYER;DURYER;DU RYER, Pierre;ESTHER, TRAGÉDIE.;N/A;1644;1644;Tragédie;vers;bible;Cinq actes;1
tc0399;tc0399;DURYER_LISANDRECALISTE;DURYER;DURYER;DU RYER, Pierre;LISANDRE et CALISTE, TRAGI-COMÉDIE;N/A;1632;1632;Tragi-comédie;vers;moeurs françaises;Cinq actes;1
tc0400;tc0400;DURYER_LUCRECE;DURYER;DURYER;DU RYER, Pierre;LUCRÈCE. TRAGÉDIE;1638;1638;1638;Tragédie;vers;histoire romaine;Cinq actes;1
tc0401;tc0401;DURYER_NITOCRIS;DURYER;DURYER;DU RYER, Pierre;NITOCRIS, REINE DE BABYLONE. TRAGI-COMÉDIE;1650;1650;1650;Tragi-comédie;vers;histoire romaine;Cinq actes;1
tc0402;tc0402;DURYER_SAUL;DURYER;DURYER;DU RYER, Pierre;SAÜL, TRAGÉDIE.;1642;1642;1642;Tragédie;vers;bible;Cinq actes;1
tc0403;tc0403;DURYER_SCEVOLE;DURYER;DURYER;DU RYER, Pierre;SCÉVOLE, TRAGÉDIE.;1647;1647;1647;Tragédie;vers;histoire romaine;Cinq actes;1
tc0404;tc0404;DURYER_THEMISTOCLE;DURYER;DURYER;DU RYER, Pierre;THÉMISTOCLE, TRAGÉDIE.;1647;1648;1647;Tragédie;vers;histoire grecque;Cinq actes;1
tc0405;tc0405;DURYER_VENDANGESDESURESNES;DURYER;DURYER;DU RYER, Pierre;LES VENDANGES DE SURESNES, COMÉDIE;1636;1636;1636;Comédie;vers;moeurs françaises;Cinq actes;1
tc0419;tc0419;FENELON_ALEXANDRE;OTHER;FENELON;FÉNELON, Francois-Louis de Salignac de La Mothe de;ALEXANDRE, TRAGÉDIE.;N/A;1754;1754;Tragédie;vers;histoire grecque;Cinq actes;1
tc0425;tc0425;FOLARD_THEMISTOCLE;OTHER;FOLARD;FOLARD, Melchior de;THÉMISTOCLE, TRAGÉDIE ;N/A;1729;1729;Tragédie;vers;histoire grecque;Cinq actes;1
tc0433;tc0433;GENEST_PENELOPE;OTHER;GENEST;GENEST, Claude-Charles;PÉNÉLOPE, TRAGÉDIE EN CINQ ACTES.;N/A;1684;1684;Tragédie;vers;mythe grec;Cinq actes;1
tc0434;tc0434;GILBERT_RODOGUNE;OTHER;GILBERT;GILBERT, Gabriel;RODOGUNE, TRAGI-COMÉDIE.;1732;1646;1732;Tragi-comédie;vers;histoire antique;Cinq actes;1
tc0435;tc0435;GILBERT_TELEPHONTE;OTHER;GILBERT;GILBERT, Gabriel;TÉLÉPHONTE, TRAGI-COMÉDIE.;1732;1662;1732;Tragi-comédie;vers;histoire antique;Cinq actes;1
tc0436;tc0436;GILLET_ARTDEREGNER;OTHER;GILLET;GILLET DE LA TESSONERIE;L'ART DE RÉGNER OU LE SAGE GOUVERNEUR, TRAGI-COMÉDIE;N/A;1645;1645;Tragi-comédie;vers;moeurs françaises;Cinq actes;1
tc0437;tc0437;GILLET_CAMPAGNARD;OTHER;GILLET;GILLET DE LA TESSONERIE;LE CAMPAGNARD, COMÉDIE EN CINQ ACTES;N/A;1657;1657;Comédie;vers;moeurs françaises;Cinq actes;1
tc0438;tc0438;GILLET_DENIAISE;OTHER;GILLET;GILLET DE LA TESSONERIE;LE DÉNIAISÉ, COMÉDIE;N/A;1647;1647;Comédie;vers;moeurs françaises;Cinq actes;1
tc0444;tc0444;GRESSET_EDOUARDIII;OTHER;GRESSET;GRESSET, Jean-Baptiste-Louis;ÉDOUARD III, TRAGÉDIE ;1673;1740;1673;Tragédie;vers;histoire anglaise;Cinq actes;1
tc0445;tc0445;GUDIN_LOTHAIRE;OTHER;GUDIN;GUDIN de la BRENELLERIE, Paul-Philippe;LOTHAIRE, ROI DE LORRAINE, TRAGÉDIE;N/A;1759;1759;Tragédie;vers;histoire française;Cinq actes;1
tc0447;tc0447;GUERINDEBOUSCAL_DOMQUIXOTE2;OTHER;GUERINDEBOUSCAL;GUERIN de BOUSCAL, Daniel;DON QUICHOTTE DE LA MANCHE, COMÉDIE.;N/A;1640;1640;Tragi-comédie;vers;moeurs espagnoles;Cinq actes;1
tc0448;tc0448;GUERINDEBOUSCAL_FILSDESAVOUE;OTHER;GUERINDEBOUSCAL;GUERIN de BOUSCAL, Daniel;LE FILS DÉSAVOUÉ, TRAGI-COMÉDIE.;N/A;1642;1642;Tragi-comédie;vers;histoire romaine;Cinq actes;1
tc0451;tc0451;GUEULLETTE_ARLEQUINPLUTON;OTHER;GUEULLETTE;GUEULLETTE, Thomas-Simon;ARLEQUIN-PLUTON, COMÉDIE INÉDITE EN TROIS ACTES;N/A;1719;1719;Comédie;prose;mythe grec;Trois actes;1
tc0464;tc0464;HAREN_AGON;OTHER;HAREN;VAN HAREN, Onno Zvier;AGON, SULTAN de BANTAM, TRAGÉDIE;N/A;1770;1770;Tragédie;vers;Histoire hollandaise;Cinq actes;1
tc0468;tc0468;HENAULT_MARIUSACIRTE;OTHER;HENAULT;HENAULT d'ARMOREZAN, Charles-Jean-François;MARIUS, TRAGÉDIE;1677;1702;1677;Tragédie;vers;histoire romaine;Cinq actes;1
tc0478;tc0478;LACALPRENEDE_BRADAMANTE;LACALPRENEDE;LACALPRENEDE;LA CALPRENEDE, Gautier Costes de;LA BRADAMANTE, TRAGI-COMÉDIE.;1732;1637;1732;Tragi-comédie;vers;histoire médiévale;Cinq actes;1
tc0479;tc0479;LACALPRENEDE_CLARIONTE;LACALPRENEDE;LACALPRENEDE;LA CALPRENEDE, Gautier Costes de;LE CLARIONTE OU LE SACRIFICE SANGLANT, TRAGI-COMÉDIE. ;1732;1637;1732;Tragi-comédie;vers;histoire médiévale;Cinq actes;1
tc0480;tc0480;LACALPRENEDE_COMTEDESSEX;LACALPRENEDE;LACALPRENEDE;LA CALPRENEDE, Gautier Costes de;LE COMTE D'ESSEX, TRAGÉDIE.;1732;1654;1732;Tragédie;vers;histoire anglaise;Cinq actes;1
tc0481;tc0481;LACALPRENEDE_EDOUARD;LACALPRENEDE;LACALPRENEDE;LA CALPRENEDE, Gautier Costes de;ÉDOUARD, TRAGI-COMÉDIE.;N/A;1640;1640;Tragi-comédie;vers;histoire anglaise;Cinq actes;1
tc0482;tc0482;LACALPRENEDE_ENFANTSDHERODE;LACALPRENEDE;LACALPRENEDE;LA CALPRENEDE, Gautier Costes de;LA MORT DES ENFANTS D'HÉRODE OU SUITE DE MARIANE , TRAGÉDIE.;N/A;1639;1639;Tragédie;vers;histoire romaine;Cinq actes;1
tc0483;tc0483;LACALPRENEDE_HERMENEGILDE;LACALPRENEDE;LACALPRENEDE;LA CALPRENEDE, Gautier Costes de;HERMÉNÉGILDE, TRAGÉDIE.;1732;1644;1732;Tragédie;prose;histoire chrétienne;Cinq actes;1
tc0484;tc0484;LACALPRENEDE_JEANNE;LACALPRENEDE;LACALPRENEDE;LA CALPRENEDE, Gautier Costes de;JEANNE, REINE D'ANGLETERRE. TRAGÉDIE.;N/A;1638;1638;Tragédie;vers;histoire anglaise;Cinq actes;1
tc0485;tc0485;LACALPRENEDE_MORTMITRHIDATE;LACALPRENEDE;LACALPRENEDE;LA CALPRENEDE, Gautier Costes de;LA MORT DE MITRIDATE, TRAGÉDIE;N/A;1637;1637;Tragédie;vers;histoire romaine;Cinq actes;1
tc0486;tc0486;LACALPRENEDE_PHALANTE;LACALPRENEDE;LACALPRENEDE;LA CALPRENEDE, Gautier Costes de;PAHLANTE, TRAGÉDIE;N/A;1642;1642;Tragédie;vers;mythe grec;Cinq actes;1
tc0487;tc0487;LACHAPELLE_ZAIDE;OTHER;LACHAPELLE;LA CHAPELLE, Jean de;ZAÏDE, TRAGÉDIE ;N/A;1681;1681;Tragédie;vers;fiction mauresque;Cinq actes;1
tc0496;tc0496;LAFONTAINE_RAGOTIN;OTHER;LAFONTAINE;LA FONTAINE, Jean de;RAGOTIN OU LE ROMAN COMIQUE, COMÉDIE.;N/A;1684;1684;Comédie;vers;moeurs françaises;Cinq actes;1
tc0502;tc0502;LAFOSSE_MANLIUS;OTHER;LAFOSSE;LA FOSSE, Antoine d'Aubigny;MANLIUS CAPITOLINUS, tragédie;1698;1747;1698;Tragédie;vers;histoire romaine;Cinq actes;1
tc0503;tc0503;LAGRANGECHANCEL_AMASIS;OTHER;LAGRANGECHANCEL;LA GRANGE CHANCEL, François-Joseph;AMASIS, TRAGÉDIE;1677;1701;1677;Tragédie;vers;histoire égyptienne;Cinq actes;1
tc0504;tc0504;LAGRANGECHANCEL_MELEAGRE;OTHER;LAGRANGECHANCEL;LA GRANGE CHANCEL, François-Joseph;MÉLÉAGRE, TRAGÉDIE;1677;1699;1677;Tragédie;vers;mythe grec;Cinq actes;1
tc0505;tc0505;LAHARPE_COMTEDEWARWICK;OTHER;LAHARPE;LA HARPE, Jean-François de;LE COMTE DE WARWIK, TRAGÉDIE.;1733;1764;1733;Tragédie;vers;histoire anglaise;Cinq actes;1
tc0509;tc0509;LAHARPE_PHILOCTETE;OTHER;LAHARPE;LA HARPE, Jean-François de;PHILOCTÈTE, TRAGÉDIE.;1733;1781;1733;Tragédie;vers;moeurs françaises;Trois actes;1
tc0510;tc0510;LAIGNELOT_AGIS;OTHER;LAIGNELOT;LAIGNELOT, Joseph-François;AGIS, TRAGÉDIE.;N/A;1782;1782;Tragédie;vers;histoire grecque;Cinq actes;1
tc0511;tc0511;LAMOTTE_INESDECASTRO;OTHER;LAMOTTE;LA MOTTE, Antoine-Houdard de;INÈS DE CASTRO, TRAGÉDIE;N/A;1723;1723;Tragédie;vers;histoire portugaise;Cinq actes;1
tc0512;tc0512;LAMOTTE_MACHABEES;OTHER;LAMOTTE;LA MOTTE, Antoine-Houdard de;LES MACHABÉES, TRAGÉDIE;N/A;1722;1722;Tragédie;vers;bible;Cinq actes;1
tc0518;tc0518;LEBOULANGERCHALUSSAY_ELOMIREHYPOCONDRE;OTHER;LEBOULANGERCHALUSSAY;LE BOULANGER DE CHALUSSAY;ELOMIRE HYPOCONDRE OU LES MÉDECINS VENGÉS, COMÉDIE;N/A;1670;1670;Comédie;vers;moeurs françaises;Cinq actes;1
tc0519;tc0519;LECLERC_IPHIGENIE;OTHER;LECLERC;LECLERC, Michel;IPHIGÉNIE, TRAGÉDIE.;N/A;1675;1675;Tragédie;vers;histoire grecque;Cinq actes;1
tc0520;tc0520;LEFRANC_DIDON;OTHER;LEFRANC;POMPIGNAN, Jean-Jacques Lefranc, marquis de;DIDON, TRAGÉDIE .;1734;1734;1734;Tragédie;vers;mythe romain;Cinq actes;1
tc0521;tc0521;LEGOUVE_ATTILIE;OTHER;LEGOUVE;LEGOUVÉ, Jean-Baptiste;ATTILIE, TRAGÉDIE.;N/A;1776;1776;Tragédie;vers;histoire romaine;Cinq actes;1
tc0523;tc0523;LEGOUVE_LAURENCEORZANO;OTHER;LEGOUVE;LEGOUVÉ, Gabriel;LAURENCE ET ORZANO, TRAGÉDIE.;N/A;1784;1784;Tragédie;vers;histoire italienne;Cinq actes;1
tc0524;tc0524;LEGOUVE_POLIXENE;OTHER;LEGOUVE;LEGOUVÉ, Gabriel;POLIXÈNE, TRAGÉDIE.;N/A;1784;1784;Tragédie;vers;mythe grec;Cinq actes;1
tc0528;tc0528;LEMIERRE_ARTAXERCE;OTHER;LEMIERRE;LE MIERRE, Antoine-Marin;ARTAXERCE, TRAGÉDIE.;1768;1768;1768;Tragédie;vers;histoire perse;Cinq actes;1
tc0529;tc0529;LEMIERRE_GUILLAUMETELL;OTHER;LEMIERRE;LE MIERRE, Antoine-Marin;GUILLAUME TELL.;1766;1767;1766;Tragédie;vers;histoire suisse;Cinq actes;1
tc0530;tc0530;LEMIERRE_VEUVEMALABAR;OTHER;LEMIERRE;LE MIERRE, Antoine-Marin;LA VEUVE DU MALABAR, ou L'empire des coutumes.;1770;1770;1770;Tragédie;vers;moeurs françaises;Cinq actes;1
tc0535;tc0535;LEVAYER_GRANDSELIM;OTHER;LEVAYER;LE VAYER DE BOUTIGNY, Roland;LE GRAND SÉLIM OU LE COURONNEMENT TRAGIQUE, TRAGÉDIE;N/A;1645;1645;Tragédie;vers;histoire ottomane;Cinq actes;1
tc0536;tc0536;LINANT_ALZAIDE;OTHER;LINANT;LINANT, Michel;ALZAÏDE, TRAGÉDIE;N/A;1746;1746;Tragédie;vers;histoire française;Cinq actes;1
tc0537;tc0537;LONGEPIERRE_MEDEE;OTHER;LONGEPIERRE;LONGEPIERRE, Hilaire de;MÉDÉE, TRAGÉDIE;N/A;1694;1694;Tragédie;vers;mythe grec;Cinq actes;1
tc0538;tc0538;MAGNON_ARTAXERXE;MAGNON;MAGNON;MAGNON, Jean;ARTAXERXE, TRAGÉDIE;1645;1645;1645;Tragédie;vers;histoire perse;Cinq actes;1
tc0539;tc0539;MAGNON_JOSAPHAT;MAGNON;MAGNON;MAGNON, Jean;JOSAPHAT, TRAGI-COMÉDIE;N/A;1647;1647;Tragi-comédie;vers;bible;Cinq actes;1
tc0540;tc0540;MAGNON_MARIAGEOROONDATE;MAGNON;MAGNON;MAGNON, Jean;LE MARIAGE D'OROONDATE ET DE STATIRA, OU LA CONCLUSION DE CASSANDRE, TRAGI-COMÉDIE;N/A;1648;1648;Tragi-comédie;vers;histoire orientale;Cinq actes;1
tc0541;tc0541;MAGNON_SEJANUS;MAGNON;MAGNON;MAGNON, Jean;SÉJANUS, TRAGÉDIE;1645;1647;1645;Tragédie;vers;histoire romaine;Cinq actes;1
tc0542;tc0542;MAGNON_TAMERLAN;MAGNON;MAGNON;MAGNON, Jean;TAMERLAN, TRAGÉDIE;1645;1648;1645;Tragédie;vers;histoire perse;Cinq actes;1
tc0543;tc0543;MAIRET_ILLUSTRECORSAIRE;OTHER;MAIRET;MAIRET, Jean;L'ILLUSTRE CORSAIRE, TRAGI-COMÉDIE;N/A;1640;1640;Tragi-comédie;vers;moeurs françaises;Cinq actes;1
tc0544;tc0544;MAIRET_SOPHONISBE;OTHER;MAIRET;MAIRET, Jean;SOPHONISBE, TRAGÉDIE;N/A;1635;1635;Tragédie;vers;histoire romaine;Cinq actes;1
tc0545;tc0545;MARECHALA_COURBERGERE;MARECHALA;MARECHALA;MARÉCHAL, André;LA COUR BERGÈRE, OU L'ARCADIE DE MESSIRE PHILIPPES SIDNEY. TRAGI-COMÉDIE;N/A;1640;1640;Tragi-comédie;vers;moeurs françaises;Cinq actes;1
tc0547;tc0547;MARECHALA_GENEREUSEALLEMANDE2;MARECHALA;MARECHALA;MARÉCHAL, André;LA GÉNÉREUSE ALLEMANDE OU LE TRIOMPHE D'AMOUR, PROPHÉTIE.;N/A;1631;1631;Tragi-comédie;vers;histoire européenne;Cinq actes;1
tc0548;tc0548;MARECHALA_RAILLEUR;MARECHALA;MARECHALA;MARÉCHAL, André;LE RAILLEUR, OU LA SATYRE DU TEMPS.;N/A;1638;1638;Comédie;vers;moeurs françaises;Cinq actes;1
tc0549;tc0549;MARECHALA_SOEURVALEUREUSE;MARECHALA;MARECHALA;MARÉCHAL, André;LA SOEUR VALEUREUSE OU L'AVEUGLE AMANTE, TRAGICOMÉDIE.;N/A;1634;1634;Tragi-comédie;vers;moeurs orientales;Cinq actes;1
tc0551;tc0551;MARESCHALA_DICTATEURROMAIN;MARECHALA;MARECHALA;MARÉCHAL, André;LE DICTATEUR ROMAIN, TRAGI-COMÉDIE.;N/A;1646;1646;Tragi-comédie;vers;histoire romaine;Cinq actes;1
tc0553;tc0553;MARIVAUX_ANNIBAL;MARIVAUX;MARIVAUX;MARIVAUX;ANNIBAL, TRAGÉDIE.;N/A;1720;1720;Tragédie;vers;histoire romaine;Cinq actes;1
tc0559;tc0559;MARIVAUX_DOUBLEINCONSTANCE;MARIVAUX;MARIVAUX;MARIVAUX;LA DOUBLE INCONSTANCE, COMÉDIE.;N/A;1724;1724;Comédie;prose;moeurs françaises;Trois actes;1
tc0562;tc0562;MARIVAUX_FAUSSESCONFIDENCES;MARIVAUX;MARIVAUX;MARIVAUX;LES FAUSSES CONFIDENCES, COMÉDIE;N/A;1737;1737;Comédie;prose;moeurs françaises;Trois actes;1
tc0563;tc0563;MARIVAUX_FAUSSESUIVANTE;MARIVAUX;MARIVAUX;MARIVAUX;LA FAUSSE SUIVANTE OU LE FOURBE PUNI;N/A;1729;1729;Comédie;prose;moeurs françaises;Trois actes;1
tc0567;tc0567;MARIVAUX_HEUREUXSTRATAGEME;MARIVAUX;MARIVAUX;MARIVAUX;L'HEUREUX STRATAGÈME, COMÉDIE;N/A;1733;1733;Comédie;prose;moeurs françaises;Trois actes;1
tc0570;tc0570;MARIVAUX_JEUDELAMOURETDUHASARD;MARIVAUX;MARIVAUX;MARIVAUX;LE JEU DE L'AMOUR et DU HASARD, COMÉDIE;N/A;1730;1730;Comédie;prose;moeurs françaises;Trois actes;1
tc0571;tc0571;MARIVAUX_JOIEIMPREVUE;MARIVAUX;MARIVAUX;MARIVAUX;LA JOIE IMPRÉVUE, COMÉDIE.;N/A;1738;1738;Comédie;prose;moeurs françaises;Trois actes;1
tc0574;tc0574;MARIVAUX_MERECONFIDENTE;MARIVAUX;MARIVAUX;MARIVAUX;LA MÈRE CONFIDENTE, COMÉDIE;N/A;1735;1735;Comédie;prose;moeurs françaises;Trois actes;1
tc0576;tc0576;MARIVAUX_PETITMAITRECORRIGE;MARIVAUX;MARIVAUX;MARIVAUX;LE PETIT MAÎTRE CORRIGÉ, COMÉDIE.;N/A;1734;1734;Comédie;prose;moeurs françaises;Trois actes;1
tc0578;tc0578;MARIVAUX_PRINCETRAVESTI;MARIVAUX;MARIVAUX;MARIVAUX;LE PRINCE TRAVESTI, COMÉDIE.;N/A;1727;1727;Comédie;prose;moeurs françaises;Trois actes;1
tc0581;tc0581;MARIVAUX_SECONDESURPRISEDELAMOUR;MARIVAUX;MARIVAUX;MARIVAUX;LA SECONDE SUPRISE DE L'AMOUR, COMÉDIE;N/A;1728;1728;Comédie;prose;moeurs françaises;Trois actes;1
tc0582;tc0582;MARIVAUX_SERMENTSINDISCRETS;MARIVAUX;MARIVAUX;MARIVAUX;LES SERMENTS INDISCRETS, COMÉDIE;N/A;1732;1732;Comédie;prose;moeurs françaises;Cinq actes;1
tc0584;tc0584;MARIVAUX_SURPRISEDELAMOUR;MARIVAUX;MARIVAUX;MARIVAUX;LA SURPRISE DE L'AMOUR, COMÉDIE;N/A;1723;1723;Comédie;prose;moeurs françaises;Trois actes;1
tc0585;tc0585;MARIVAUX_TRIOMPHEDELAMOUR;MARIVAUX;MARIVAUX;MARIVAUX;LE TRIOMPHE DE L'AMOUR, COMÉDIE.;N/A;1732;1732;Comédie;prose;moeurs françaises;Trois actes;1
tc0595;tc0595;MOLIERE_AMANTSMAGNIFIQUES;MOLIERE;MOLIERE;Molière;LES AMANTS MAGNIFIQUES, COMÉDIE.;N/A;1670;1670;Comédie;mixte;moeurs françaises;Cinq actes;1
tc0596;tc0596;MOLIERE_AMOURMEDECIN;MOLIERE;MOLIERE;Molière;L'AMOUR MÉDECIN, COMÉDIE ;N/A;1665;1665;Comédie;prose;moeurs françaises;Trois actes;1
tc0598;tc0598;MOLIERE_AVARE;MOLIERE;MOLIERE;MOLIÈRE;L'AVARE, COMÉDIE;N/A;1669;1669;Comédie;prose;moeurs françaises;Cinq actes;1
tc0602;tc0602;MOLIERE_DEPITAMOUREUX;MOLIERE;MOLIERE;MOLIÈRE;LE DÉPIT AMOUREUX;1656;1656;1656;Comédie;vers;moeurs françaises;Cinq actes;1
tc0604;tc0604;MOLIERE_DOMGARCIEDENAVARRE;MOLIERE;MOLIERE;MOLIÈRE;DON GARCIE DE NAVARRE, COMÉDIE;N/A;1682;1682;Comédie;vers;moeurs espagnoles;Cinq actes;1
tc0605;tc0605;MOLIERE_DOMJUAN;MOLIERE;MOLIERE;MOLIÈRE;DON JUAN ou LE FESTIN DE PIERRE, COMÉDIE ;N/A;1682;1682;Comédie;prose;moeurs italiennes;Cinq actes;1
tc0606;tc0606;MOLIERE_ECOLEDESFEMMES;MOLIERE;MOLIERE;MOLIÈRE;L'ÉCOLE DES FEMMES, COMÉDIE.;1662;1663;1662;Comédie;vers;moeurs françaises;Cinq actes;1
tc0607;tc0607;MOLIERE_ECOLEDESMARIS;MOLIERE;MOLIERE;MOLIÈRE;L'ÉCOLE DES MARIS, COMÉDIE;N/A;1661;1661;Comédie;vers;moeurs françaises;Trois actes;1
tc0608;tc0608;MOLIERE_ETOURDI;MOLIERE;MOLIERE;MOLIÈRE;L'ÉTOURDI ou LES CONTRE-TEMPS, COMÉDIE;1655;1663;1655;Comédie;vers;moeurs françaises;Cinq actes;1
tc0610;tc0610;MOLIERE_FEMMESSAVANTES;MOLIERE;MOLIERE;MOLIERE;LES FEMMES SAVANTES, COMÉDIE;1672;1672;1672;Comédie;vers;moeurs françaises;Cinq actes;1
tc0611;tc0611;MOLIERE_FESTINDEPIERRE;MOLIERE;MOLIERE;MOLIERE;LE FESTIN DE PIERRE, COMÉDIE ;N/A;1665;1665;Comédie;prose;moeurs italiennes;Cinq actes;1
tc0612;tc0612;MOLIERE_FOURBERIESDESCAPIN;MOLIERE;MOLIERE;MOLIÈRE;LES FOURBERIES DE SCAPIN, COMÉDIE;N/A;1671;1671;Comédie;prose;moeurs françaises;Trois actes;1
tc0613;tc0613;MOLIERE_GEORGEDANDIN;MOLIERE;MOLIERE;Molière;GEORGE DANDIN ou LE MARI CONFONDU, COMÉDIE ;N/A;1669;1669;Comédie;prose;moeurs françaises;Trois actes;1
tc0621;tc0621;MOLIERE_MISANTHROPE;MOLIERE;MOLIERE;MOLIÈRE;LE MISANTHROPE ou L'ATRABILAIRE AMOUREUX, COMÉDIE;1666;1667;1666;Comédie;vers;moeurs françaises;Cinq actes;1
tc0625;tc0625;MOLIERE_PSYCHE;MOLIERE;MOLIERE;MOLIÈRE;PSYCHÉ, TRAGI-COMÉDIE;1666;1666;1666;Tragi-comédie;vers;moeurs françaises;Cinq actes;1
tc0628;tc0628;MOLIERE_TARTUFFE;MOLIERE;MOLIERE;MOLIÈRE;LE TARTUFFE ou L'IMPOSTEUR, COMÉDIE;1669;1669;1669;Comédie;vers;moeurs françaises;Cinq actes;1
tc0636;tc0636;NADAL_ANTIOCHUS;NADAL;NADAL;NADAL, Augustin;ANTIOCHUS, ou LES MACCABÉES, TRAGÉDIE;N/A;1723;1723;Tragédie;vers;bible;Cinq actes;1
tc0637;tc0637;NADAL_HERODE;NADAL;NADAL;NADAL, Augustin;HÉRODE, TRAGÉDIE;N/A;1709;1709;Tragédie;vers;bible;Cinq actes;1
tc0638;tc0638;NADAL_MARIAMNE;NADAL;NADAL;NADAL, Augustin;MARIAMNE, TRAGÉDIE;N/A;1725;1725;Tragédie;vers;bible;Cinq actes;1
tc0639;tc0639;NADAL_OSARPHISMOISE;NADAL;NADAL;NADAL, Augustin;OSARPHIS ou MOÏSE, TRAGÉDIE;N/A;1738;1738;Tragédie;vers;bible;Cinq actes;1
tc0641;tc0641;NADAL_SAUL;NADAL;NADAL;NADAL, Augustin;SAÜL, TRAGÉDIE;N/A;1731;1731;Tragédie;vers;bible;Cinq actes;1
tc0642;tc0642;NERICAULT_GLORIEUX;OTHER;NERICAULT;NERICAULT-DESTOUCHES, Philippe;LE GLORIEUX, COMÉDIE;N/A;1732;1732;Comédie;vers;moeurs françaises;Cinq actes;1
tc0643;tc0643;NIVELLE_ECOLEDESAMIS;OTHER;NIVELLE;NIVELLE de la CHAUSSÉE, Pierre;ÉCOLE DES AMIS, Comédie.;1747;1749;1747;Comédie;vers;moeurs françaises;Cinq actes;1
tc0644;tc0644;NIVELLE_ECOLEMERES;OTHER;NIVELLE;NIVELLE de la CHAUSSÉE, Pierre;L'ÉCOLE DES MÈRES, EN CINQ ACTE ET EN VERS, COMÉDIE.;1745;1745;1745;Comédie;vers;moeurs françaises;Cinq actes;1
tc0646;tc0646;NIVELLE_GOUVERNANTE;OTHER;NIVELLE;NIVELLE de la CHAUSSÉE, Pierre;LA GOUVERNANTE, Comédie.;1747;1747;1747;Comédie;vers;moeurs françaises;Cinq actes;1
tc0647;tc0647;NIVELLE_PREJUGEALAMODE;OTHER;NIVELLE;NIVELLE de la CHAUSSÉE, Pierre;LE PRÉJUGÉ À LA MODE, COMÉDIE.;1735;1735;1735;Comédie;vers;moeurs françaises;Cinq actes;1
tc0648;tc0648;OUVILLE_ABSENTCHEZSOI;OTHER;OUVILLE;OUVILLE, Antoine le Métel;L'ABSENT CHEZ SOI;1643;1643;1643;Comédie;vers;moeurs françaises;Cinq actes;1
tc0649;tc0649;OUVILLE_FAUSSESVERITES;OTHER;OUVILLE;OUVILLE, Antoine le Métel;LES FAUSSES VÉRITÉS, COMÉDIE;1643;1643;1643;Comédie;vers;moeurs françaises;Cinq actes;1
tc0650;tc0650;OUVILLE_SOUPCONS;OTHER;OUVILLE;OUVILLE, Antoine le Métel;LES SOUPÇONS SUR LES APPARENCES, COMÉDIE;N/A;1650;1650;Comédie;vers;moeurs françaises;Cinq actes;1
tc0657;tc0657;PALISSOT_NINUS;OTHER;PALISSOT;PALISSOT de MONTENOY, Charles;NINUS SECOND, TRAGÉDIE.;N/A;1751;1751;Tragédie;vers;histoire orientale;Cinq actes;1
tc0658;tc0658;PALISSOT_PHILOSOPHES;OTHER;PALISSOT;PALISSOT de MONTENOY, Charles;LES PHILOSOPHES, COMÉDIE en trois actes et en vers.;1760;1760;1760;Comédie;vers;moeurs françaises;Trois actes;1
tc0662;tc0662;PELLEGRIN_TIBERE;OTHER;PELLEGRIN;PELLEGRIN, Simon-Joseph, Abbé;TIBÈRE, TRAGÉDIE;N/A;1727;1727;Tragédie;vers;histoire romaine;Cinq actes;1
tc0664;tc0664;PESSELIER_ESOPEAUPARNASSE;OTHER;PESSELIER;PESSELIER, Charles-Étienne;ÉSOPE AU PARNASSE, COMÉDIE;N/A;1740;1740;Comédie;vers;moeurs françaises;Trois actes;1
tc0665;tc0665;PIRON_ARLEQUINDECALION;OTHER;PIRON;PIRON, Alexis;ARLEQUIN DEUCALION, COMÉDIE;N/A;1722;1722;Comédie;mixte;mythe grec;Trois actes;1
tc0666;tc0666;PIRON_ECOLEPERES;OTHER;PIRON;PIRON, Alexis;L'ÉCOLE DES PÈRES ou LES FILS INGRATS, COMÉDIE;1728;1728;1728;Comédie;vers;moeurs françaises;Cinq actes;1
tc0668;tc0668;PIRON_GUSTAVEWASA;OTHER;PIRON;PIRON, Alexis;GUSTAVE WASA, TRAGÉDIE;1733;1733;1733;Tragédie;vers;histoire suédoise;Cinq actes;1
tc0669;tc0669;PIRON_METROMANIE;OTHER;PIRON;PIRON, Alexis;LA MÉTROMANIE, COMÉDIE;1738;1738;1738;Comédie;vers;moeurs françaises;Cinq actes;1
tc0675;tc0675;POINSINET_AJAX;OTHER;POINSINET;POINSINET de SIVRY, Louis;AJAX, TRAGÉDIE.;1755;1789;1755;Tragédie;vers;mythe grec;Cinq actes;1
tc0684;tc0684;PRADE_ARSACE;OTHER;PRADE;PRADE, Jean Le Royer de;ARSACE, ROI DES PARTHES, TRAGÉDIE.;N/A;1666;1666;Tragédie;vers;histoire antique;Cinq actes;1
tc0685;tc0685;PRADON_MORTDEBAJAZET;PRADON;PRADON;PRADON, Nicolas;TAMERLAN OU LA MORT DE BAJAZET, TRAGÉDIE;N/A;1676;1676;Tragédie;vers;histoire ottomane;Cinq actes;1
tc0686;tc0686;PRADON_PHEDRE;PRADON;PRADON;PRADON, Nicolas;PHÈDRE ET HIPPOLYTE, TRAGÉDIE;1677;1677;1677;Tragédie;vers;mythe grec;Cinq actes;1
tc0687;tc0687;PRADON_REGULUS;PRADON;PRADON;PRADON, Nicolas;RÉGULUS, TRAGÉDIE;N/A;1687;1687;Tragédie;vers;histoire romaine;Cinq actes;1
tc0688;tc0688;PRADON_SCIPION;PRADON;PRADON;PRADON, Nicolas;SCIPION L'AFRICAIN, TRAGÉDIE;N/A;1697;1697;Tragédie;vers;histoire romaine;Cinq actes;1
tc0689;tc0689;PRADON_STATIRA;PRADON;PRADON;PRADON, Nicolas;STATIRA, TRAGÉDIE;1677;1680;1677;Tragédie;vers;histoire antique;Cinq actes;1
tc0690;tc0690;PUGETDELASERRE_SACDECARTHAGE;OTHER;PUGETDELASERRE;PUGET DE LA SERRE, Jean;LE SAC DE CARTHAGE, TRAGÉDIE;N/A;1642;1642;Tragédie;prose;histoire romaine;Cinq actes;1
tc0694;tc0694;QUINAULT_BELLEROPHON;OTHER;QUINAULT;QUINAULT, Philippe;BELLÉROPHON, TRAGÉDIE;N/A;1671;1671;Tragédie;vers;mythe grec;Cinq actes;1
tc0697;tc0697;QUINAULT_FANTOMEAMOUREUX;OTHER;QUINAULT;QUINAULT, Philippe;LE FANTOME AMOUREUX, TRAGI-COMÉDIE;N/A;1657;1657;Tragi-comédie;vers;moeurs italiennes;Cinq actes;1
tc0700;tc0700;QUINAULT_MERECOQUETTE;OTHER;QUINAULT;QUINAULT, Philippe;LA MERE COQUETTE ou LES AMANTS BROUILLES, COMÉDIE;N/A;1665;1665;Comédie;vers;moeurs françaises;Cinq actes;1
tc0704;tc0704;QUINAULT_STRATONICE;OTHER;QUINAULT;QUINAULT, Philippe;STRATONICE, TRAGI-COMÉDIE;1660;1660;1660;Tragi-comédie;vers;histoire romaine;Cinq actes;1
tc0707;tc0707;RACINE_ALEXANDRE66;RACINE;RACINE;RACINE, Jean;ALEXANDRE LE GRAND, TRAGÉDIE.;1665;1666;1665;Tragédie;vers;histoire grecque;Cinq actes;1
tc0708;tc0708;RACINE_ANDROMAQUE;RACINE;RACINE;RACINE, Jean;ANDROMAQUE, TRAGÉDIE;N/A;1697;1697;Tragédie;vers;mythe grec;Cinq actes;1
tc0710;tc0710;RACINE_ATHALIE;RACINE;RACINE;RACINE, Jean;ATHALIE, TRAGÉDIE tirée de l'écriture sainte.;1691;1691;1691;Tragédie;vers;bible;Cinq actes;1
tc0711;tc0711;RACINE_BAJAZET;RACINE;RACINE;RACINE, Jean;BAJAZET, TRAGÉDIE;1672;1672;1672;Tragédie;vers;histoire orientale;Cinq actes;1
tc0712;tc0712;RACINE_BERENICE;RACINE;RACINE;RACINE, Jean;BÉRÉNICE, TRAGÉDIE;N/A;1671;1671;Tragédie;vers;histoire romaine;Cinq actes;1
tc0713;tc0713;RACINE_BRITANNICUS;RACINE;RACINE;RACINE, Jean;BRITANNICUS, TRAGÉDIE;1670;1670;1670;Tragédie;vers;histoire romaine;Cinq actes;1
tc0715;tc0715;RACINE_IPHIGENIE;RACINE;RACINE;RACINE, Jean;IPHIGÉNIE, TRAGÉDIE.;1674;1674;1674;Tragédie;vers;mythe grec;Cinq actes;1
tc0716;tc0716;RACINE_MITHRIDATE;RACINE;RACINE;RACINE, Jean;MITHRIDATE, TRAGÉDIE.;N/A;1673;1673;Tragédie;vers;histoire romaine;Cinq actes;1
tc0718;tc0718;RACINE_PHEDRE77;RACINE;RACINE;RACINE, Jean;PHÈDRE, TRAGÉDIE;1677;1677;1677;Tragédie;vers;mythe grec;Cinq actes;1
tc0720;tc0720;RACINE_PLAIDEURS69;RACINE;RACINE;RACINE, Jean;LES PLAIDEURS, COMÉDIE.;N/A;1669;1669;Comédie;vers;moeurs françaises;Trois actes;1
tc0722;tc0722;RACINE_THEBAIDE64;RACINE;RACINE;RACINE, Jean;LA THÉBAÏDE ou LES FRÈRES ENNEMIS, TRAGÉDIE.;1664;1664;1664;Tragédie;vers;mythe grec;Cinq actes;1
tc0723;tc0723;REGNARD_ARLEQUINAUXENFERS;REGNARD;REGNARD;REGNARD, Jean-François;ARLEQUIN AUX ENFERS, COMÉDIE;N/A;1689;1689;Comédie;prose;mythe grec;Trois actes;1
tc0724;tc0724;REGNARD_ARLEQUINBONNESFORTUNES;REGNARD;REGNARD;REGNARD, Jean-François;ARLEQUIN, HOMME À BONNES FORTUNES. ;N/A;1690;1690;Comédie;prose;moeurs françaises;Trois actes;1
tc0728;tc0728;REGNARD_COQUETTE;REGNARD;REGNARD;REGNARD, Jean-François;LA COQUETTE, OU L'ACADÉMIE DES DAMES, COMÉDIE EN TROIS ACTES;1692;1691;1692;Comédie;mixte;moeurs françaises;Cinq actes;1
tc0729;tc0729;REGNARD_DEMOCRITE;REGNARD;REGNARD;REGNARD, Jean-François;DÉMOCRITE, COMÉDIE;1692;1700;1692;Comédie;vers;moeurs antiques;Cinq actes;1
tc0730;tc0730;REGNARD_DISTRAIT;REGNARD;REGNARD;REGNARD, Jean-François;LE DISTRAIT, COMÉDIE;1697;1697;1697;Comédie;vers;moeurs françaises;Cinq actes;1
tc0731;tc0731;REGNARD_DIVORCE;REGNARD;REGNARD;REGNARD, Jean-François;LE DIVORCE, COMÉDIE.;1697;1688;1697;Comédie;prose;moeurs françaises;Trois actes;1
tc0732;tc0732;REGNARD_FILLESERRANTES;REGNARD;REGNARD;REGNARD, Jean-François;LES FILLES ERRANTES, OU LES INTRIGUES DES HÔTELLERIES, COMÉDIE EN TROIS ACTES;1692;1690;1692;Comédie;prose;moeurs françaises;Trois actes;1
tc0735;tc0735;REGNARD_JOUEUR;REGNARD;REGNARD;REGNARD, Jean-François;LE JOUEUR, COMÉDIE EN VERS et EN CINQ ACTES;1692;1692;1692;Comédie;vers;moeurs françaises;Cinq actes;1
tc0736;tc0736;REGNARD_LEGATAIRE;REGNARD;REGNARD;REGNARD, Jean-François;LE LÉGATAIRE UNIVERSEL, COMÉDIE;1697;1704;1697;Comédie;vers;moeurs françaises;Cinq actes;1
tc0738;tc0738;REGNARD_MENECHMES;REGNARD;REGNARD;REGNARD, Jean-François;LES MÉNECHMES, ou LES JUMEAUX, COMÉDIE;1692;1705;1692;Comédie;vers;moeurs françaises;Cinq actes;1
tc0740;tc0740;REGNARD_SAPOR;REGNARD;REGNARD;REGNARD, Jean-François;SAPOR, TRAGÉDIE;1697;1704;1697;Tragédie;vers;histoire romaine;Cinq actes;1
tc0751;tc0751;ROSIMOND_FESTINDEPIERRE;OTHER;ROSIMOND;ROSIMOND, Jean-Baptiste du Mesnil dit Claude La Rose;LE NOUVEAU FESTIN DE PIERRE, OU L'ATHÉE FOUDROYÉ. TRAGI-COMÉDIE.;N/A;1670;1670;Tragi-comédie;vers;moeurs italiennes;Cinq actes;1
tc0752;tc0752;ROTROU_AGESILAN;ROTROU;ROTROU;ROTROU, Jean;AGESILAN de COLCHOS, TRAGI-COMÉDIE;1637;1637;1637;Tragi-comédie;vers;histoire grecque;Cinq actes;1
tc0754;tc0754;ROTROU_AMELIE;ROTROU;ROTROU;ROTROU, Jean;AMÉLIE, TRAGI-COMÉDIE;1648;1637;1648;Tragi-comédie;vers;histoire romaine;Cinq actes;1
tc0755;tc0755;ROTROU_ANTIGONE;ROTROU;ROTROU;ROTROU, Jean;ANTIGONE, TRAGÉDIE;1638;1638;1638;Tragédie;vers;pastorale;Cinq actes;1
tc0757;tc0757;ROTROU_COSROES;ROTROU;ROTROU;ROTROU, Jean;COSROËS, TRAGÉDIE.;1649;1649;1649;Tragédie;vers;histoire orientale;Cinq actes;1
tc0758;tc0758;ROTROU_DOMBERNARDDECABRERE;ROTROU;ROTROU;ROTROU, Jean;DON BERNARD DE CABRERE, TRAGI-COMÉDIE;1637;1647;1637;Tragi-comédie;vers;histoire espagnole;Cinq actes;1
tc0759;tc0759;ROTROU_HERCULEMOURANT;ROTROU;ROTROU;ROTROU, JeAn;HERCULE MOURANT, TRAGÉDIE;N/A;1636;1636;Tragédie;vers;mythe grec;Cinq actes;1
tc0760;tc0760;ROTROU_SAINTGENEST;ROTROU;ROTROU;ROTROU, Jean;LE VÉRITABLE SAINT GENEST, TRAGÉDIE;1648;1648;1648;Tragédie;vers;histoire romaine;Cinq actes;1
tc0761;tc0761;ROTROU_SOSIES;ROTROU;ROTROU;ROTROU, Jean;LES SOSIES, COMÉDIE;1648;1638;1648;Comédie;vers;mythe grec;Cinq actes;1
tc0762;tc0762;ROTROU_VENCESLAS;ROTROU;ROTROU;ROTROU, Jean;VENCESLAS;1648;1648;1648;Tragi-comédie;vers;histoire polonaise;Cinq actes;1
tc0779;tc0779;SAINTEVREMOND_COMEDIEDESACADEMICIENS;OTHER;SAINTEVREMOND;SAINT-EVREMOND, Charles de;LA COMÉDIE DES ACADÉMICIENS, COMÉDIE.;1650;1650;1650;Comédie;vers;moeurs françaises;Trois actes;1
tc0781;tc0781;SALLEBRAY_BELLEEGYPTIENNE;OTHER;SALLEBRAY;SALLEBRAY, Monsieur de;LA BELLE ÉGYPTIENNE, COMÉDIE;N/A;1640;1640;Tragi-comédie;vers;moeurs espagnoles;Cinq actes;1
tc0782;tc0782;SAURIN_BLANCHEETGUISCARD;OTHER;SAURIN;SAURIN, Jean de;BLANCHE ET GUISCARD , TRAGÉDIE;1763;1763;1763;Tragédie;vers;histoire italienne;Cinq actes;1
tc0784;tc0784;SAURIN_SPARTACUS;OTHER;SAURIN;SAURIN, Jean de;SPARTACUS, TRAGÉDIE;1760;1760;1760;Tragédie;vers;histoire romaine;Cinq actes;1
tc0786;tc0786;SCARRON_DOMJAPHETDARMENIE;SCARRON;SCARRON;SCARRON, Paul;DON JAPHET D'ARMÉNIE, COMÉDIE.;N/A;1653;1653;Comédie;vers;moeurs françaises;Cinq actes;1
tc0787;tc0787;SCARRON_ECOLIERDESALAMANQUE;SCARRON;SCARRON;SCARRON, Paul;L'ESCOLIER DE SALAMANQUE OU LES GÉNÉREUX ENNEMIS TRAGI-COMÉDIE.;N/A;1655;1655;Tragi-comédie;vers;moeurs espagnoles;Cinq actes;1
tc0788;tc0788;SCARRON_FAUSSEAPPARENCE;SCARRON;SCARRON;SCARRON, Paul;LA FAUSSE APPARENCE COMÉDIE.;N/A;1663;1663;Tragi-comédie;vers;moeurs espagnoles;Cinq actes;1
tc0789;tc0789;SCARRON_GARDIENDESOIMEME;SCARRON;SCARRON;SCARRON, Paul;LE GARDIEN DE SOI-MÊME;N/A;1654;1654;Comédie;vers;moeurs italiennes;Cinq actes;1
tc0790;tc0790;SCARRON_HERITIERRIDICULE;SCARRON;SCARRON;SCARRON, Paul;L'HÉRITIER RIDICULE OU LA DAME INTÉRESSÉE..;N/A;1650;1650;Comédie;vers;moeurs espagnoles;Cinq actes;1
tc0791;tc0791;SCARRON_JODELET;SCARRON;SCARRON;SCARRON, Paul;LE JODELET OU LE MAÎTRE VALET, COMÉDIE.;N/A;1648;1648;Comédie;vers;moeurs françaises;Cinq actes;1
tc0792;tc0792;SCARRON_JODELETDUELISTE;SCARRON;SCARRON;SCARRON, Paul;LE JODELET DUELLISTE, COMÉDIE.;N/A;1646;1646;Comédie;vers;moeurs françaises;Cinq actes;1
tc0793;tc0793;SCARRON_PRINCECORSAIRE;SCARRON;SCARRON;SCARRON, Paul;LE PRINCE CORSAIRE, TRAGI-COMÉDIE.;N/A;1650;1650;Comédie;vers;moeurs chypriotes;Cinq actes;1
tc0794;tc0794;SCUDERY_AMOURTYRAN;SCUDERY;SCUDERY;SCUDERY, Georges de;L'AMOUR TYRANNIQUE, TRAGI-COMÉDIE;1639;1640;1639;Tragi-comédie;vers;mythe grec;Cinq actes;1
tc0795;tc0795;SCUDERY_ARMINIUS;SCUDERY;SCUDERY;SCUDERY, Georges de;ARMINIUS ou LES FRÈRES ENNEMIS.;1644;1644;1644;Tragédie;vers;histoire romaine;Cinq actes;1
tc0796;tc0796;SCUDERY_COMEDIEDESCOMEDIENS;SCUDERY;SCUDERY;SCUDERY, Georges de;LA COMÉDIE DES COMÉDIENS, COMÉDIE;1635;1635;1635;Comédie;mixte;moeurs françaises;Trois actes;1
tc0797;tc0797;SCUDERY_EUDOXE;SCUDERY;SCUDERY;SCUDERY, Georges de;EUDOXE - TRAGI-COMÉDIE;1641;1641;1641;Tragi-comédie;vers;histoire romaine;Cinq actes;1
tc0798;tc0798;SCUDERY_FILSSUPPOSE;SCUDERY;SCUDERY;SCUDERY, Geroges de;LE FILS SUPPOSÉ, COMÉDIE.;N/A;1636;1636;Comédie;vers;moeurs françaises;Cinq actes;1
tc0799;tc0799;SCUDERY_LIGDAMONELIDIAS;SCUDERY;SCUDERY;SCUDERY, Georges de;LIGDAMON ET LIDIAS, TRAGI-COMÉDIE;N/A;1631;1631;Tragi-comédie;vers;histoire médiévale;Cinq actes;1
tc0800;tc0800;SCUDERY_ORANTE;SCUDERY;SCUDERY;SCUDERY, Georges de;ORANTE, TRAGI-COMÉDIE;N/A;1636;1636;Tragi-comédie;vers;histoire médiévale;Cinq actes;1
tc0801;tc0801;SCUDERY_PRINCEDEGUISE;SCUDERY;SCUDERY;SCUDERY, Georges de;LE PRINCE DÉGUISÉ, TRAGI-COMÉDIE;1636;1636;1636;Tragi-comédie;vers;histoire médiévale;Cinq actes;1
tc0802;tc0802;SCUDERY_VASSALGENEREUX;SCUDERY;SCUDERY;SCUDERY, Georges de;LE VASSAL GÉNÉREUX - TRAGI-COMÉDIE;1636;1636;1636;Tragi-comédie;vers;moeurs françaises;Cinq actes;1
tc0805;tc0805;SEDAINE_RICHARD;OTHER;SEDAINE;SEDAINE, Michel-Jean;RICHARD COEUR DE LION, COMÉDIE-PROVERBE EN UN ACTE ET EN PROSE.;N/A;1784;1784;Comédie;mixte;histoire mediévale;Trois actes;1
tc0812;tc0812;SOMMERIVE_BAJAZET;OTHER;SOMMERIVE;SOMMERIVE, Comte de;BAJAZET, CINQUIÈME EMPEREUR DES TURCS, TRAGÉDIE.;N/A;1741;1741;Tragédie;vers;histoire ottomane;Cinq actes;1
tc0823;tc0823;TANEVOT_ADAMETEVE;OTHER;TANEVOT;TANEVOT, Alexandre;ADAM ET EVE, TRAGÉDIE.;N/A;1752;1752;Tragédie;vers;bible;Cinq actes;1
tc0824;tc0824;THIBOUVILLE_THELAMIRE;OTHER;THIBOUVILLE;(Anonyme);THÉLAMIRE, TRAGÉDIE;1677;1739;1677;Tragédie;vers;mythe grec;Cinq actes;1
tc0825;tc0825;TRISTAN_MARIANE;TRISTAN;TRISTAN;TRISTAN L'HERMITE, François;MARIANE, TRAGÉDIE;1644;1644;1644;Tragédie;vers;bible;Cinq actes;1
tc0826;tc0826;TRISTAN_MORTDECHRISPE;TRISTAN;TRISTAN;TRISTAN L'HERMITE, François;LA MORT DE CHRISPE, TRAGÉDIE;1644;1645;1644;Tragédie;vers;bible;Cinq actes;1
tc0827;tc0827;TRISTAN_MORTSENEQUE;TRISTAN;TRISTAN;TRISTAN L'HERMITE, François;LA MORT DE SÉNÈQUE, TRAGÉDIE;1645;1645;1645;Tragédie;vers;histoire romaine;Cinq actes;1
tc0828;tc0828;TRISTAN_OSMAN;TRISTAN;TRISTAN;TRISTAN L'HERMITE, François;OSMAN, TRAGÉDIE;N/A;1656;1656;Tragédie;vers;histoire ottomane;Cinq actes;1
tc0829;tc0829;TRISTAN_PARASITE;TRISTAN;TRISTAN;TRISTAN L'HERMITE, François;LE PARASITE, COMÉDIE;1654;1654;1654;Comédie;vers;moeurs françaises;Cinq actes;1
tc0836;tc0836;VILLIERS_FESTINDEPIERRE;OTHER;VILLIERS;VILLIERS, Claude DESCHAMPS de;LE FESTIN DE PIERRE ou LE FILS CRIMINEL, TRAGI-COMÉDIE.;1732;1660;1732;Tragi-comédie;vers;moeurs espagnoles;Cinq actes;1
tc0838;tc0838;VOLTAIRE_ADELAIDE;VOLTAIRE;VOLTAIRE;VOLTAIRE;ADÉLAÏDE DU GUESCLIN, TRAGÉDIE;1734;1766;1734;Tragédie;vers;histoire française;Cinq actes;1
tc0839;tc0839;VOLTAIRE_AGATHOCLE;VOLTAIRE;VOLTAIRE;VOLTAIRE;AGATHOCLE, TRAGÉDIE;1779;1734;1779;Tragédie;vers;histoire grecque;Cinq actes;1
tc0840;tc0840;VOLTAIRE_ALZIRE;VOLTAIRE;VOLTAIRE;VOLTAIRE;ALZIRE ou LES AMÉRICAINS, TRAGÉDIE;1732;1736;1732;Tragédie;vers;histoire espagnole;Cinq actes;1
tc0842;tc0842;VOLTAIRE_BRUTUS;VOLTAIRE;VOLTAIRE;VOLTAIRE;BRUTUS, TRAGÉDIE;1730;1731;1730;Tragédie;vers;histoire romaine;Cinq actes;1
tc0844;tc0844;VOLTAIRE_DEPOSITAIRE;VOLTAIRE;VOLTAIRE;VOLTAIRE;LE DÉPOSTAIRE, COMÉDIE;1738;1769;1738;Comédie;vers;moeurs françaises;Cinq actes;1
tc0846;tc0846;VOLTAIRE_DROITDUSEIGNEUR;VOLTAIRE;VOLTAIRE;VOLTAIRE;LE DROIT DU SEIGNEUR, COMÉDIE;N/A;1763;1763;Comédie;vers;moeurs françaises;Trois actes;1
tc0847;tc0847;VOLTAIRE_DUCDALENCON;VOLTAIRE;VOLTAIRE;VOLTAIRE;LE DUC D'ALENÇON OU LES FRÈRES ENNEMIS, TRAGÉDIE EN TROIS ACTES.;1751;1751;1751;Tragédie;vers;histoire française;Trois actes;1
tc0848;tc0848;VOLTAIRE_ENFANTPRODIGUE;VOLTAIRE;VOLTAIRE;VOLTAIRE;L'ENFANT PRODIGUE, COMÉDIE en cinq actes;1738;1738;1738;Comédie;vers;moeurs françaises;Cinq actes;1
tc0849;tc0849;VOLTAIRE_ENVIEUX;VOLTAIRE;VOLTAIRE;VOLTAIRE;L'ENVIEUX, COMÉDIE;1738;1738;1738;Comédie;vers;histoire romaine;Trois actes;1
tc0850;tc0850;VOLTAIRE_FANATISME;VOLTAIRE;VOLTAIRE;VOLTAIRE;LE FANATISME, TRAGÉDIE.;N/A;1753;1753;Tragédie;vers;histoire arabe;Cinq actes;1
tc0851;tc0851;VOLTAIRE_FEMMEQUIARAISON;VOLTAIRE;VOLTAIRE;VOLTAIRE;LA FEMME QUI A RAISON, COMÉDIE;1759;1759;1759;Comédie;vers;moeurs françaises;Trois actes;1
tc0852;tc0852;VOLTAIRE_GUEBRES;VOLTAIRE;VOLTAIRE;VOLTAIRE;LES GUÈBRES ou LA TOLÉRANCE , TRAGÉDIE;1769;1769;1769;Tragédie;vers;histoire romaine;Cinq actes;1
tc0854;tc0854;VOLTAIRE_IRENE;VOLTAIRE;VOLTAIRE;VOLTAIRE;IRÈNE, TRAGÉDIE;N/A;1778;1778;Tragédie;vers;histoire romaine;Cinq actes;1
tc0855;tc0855;VOLTAIRE_LOISDEMINOS;VOLTAIRE;VOLTAIRE;VOLTAIRE;LES LOIS DE MINOS, TRAGÉDIE;N/A;1773;1773;Tragédie;vers;mythe grec;Cinq actes;1
tc0856;tc0856;VOLTAIRE_MARIAMNE;VOLTAIRE;VOLTAIRE;VOLTAIRE;MARIAMNE, TRAGÉDIE EN CINQ ACTES.;1751;1724;1751;Tragédie;vers;histoire juive;Cinq actes;1
tc0857;tc0857;VOLTAIRE_MEROPE;VOLTAIRE;VOLTAIRE;VOLTAIRE;MÉROPE, TRAGÉDIE;N/A;1744;1744;Tragédie;vers;histoire romaine;Cinq actes;1
tc0858;tc0858;VOLTAIRE_MORTDECESAR;VOLTAIRE;VOLTAIRE;VOLTAIRE;LA MORT DE CÉSAR, TRAGÉDIE EN TROIS ACTES;N/A;1743;1743;Tragédie;vers;histoire romaine;Trois actes;1
tc0859;tc0859;VOLTAIRE_NANINE;VOLTAIRE;VOLTAIRE;VOLTAIRE;NANINE ou LE PRÉJUGÉ VAINCU, COMÉDIE;N/A;1749;1749;Comédie;vers;moeurs françaises;Trois actes;1
tc0860;tc0860;VOLTAIRE_OEDIPE_V;VOLTAIRE;VOLTAIRE;VOLTAIRE;OEDIPE, TRAGÉDIE;1718;1718;1718;Tragédie;vers;mythe grec;Cinq actes;1
tc0861;tc0861;VOLTAIRE_OLYMPIE;VOLTAIRE;VOLTAIRE;VOLTAIRE;OLYMPIE, TRAGÉDIE EN CINQ ACTES.;1751;1764;1751;Tragédie;vers;histoire grecque;Cinq actes;1
tc0863;tc0863;VOLTAIRE_ORIGINAUX;VOLTAIRE;VOLTAIRE;VOLTAIRE;LES ORIGINAUX OU MONSIEUR DU CAP-VERT, COMÉDIE;1732;1732;1732;Comédie;prose;moeurs françaises;Trois actes;1
tc0864;tc0864;VOLTAIRE_ORPHELINDELACHINE;VOLTAIRE;VOLTAIRE;VOLTAIRE;L'ORPHELIN DE LA CHINE, TRAGÉDIE;N/A;1755;1755;Tragédie;vers;histoire chinoise;Cinq actes;1
tc0866;tc0866;VOLTAIRE_PELOPIDES;VOLTAIRE;VOLTAIRE;VOLTAIRE;LES PÉLOPIDES ou ATREE ET THYESTE, TRAGÉDIE;1743;1772;1743;Tragédie;vers;mythe grec;Cinq actes;1
tc0867;tc0867;VOLTAIRE_ROMESAUVEE;VOLTAIRE;VOLTAIRE;VOLTAIRE;ROME SAUVÉE ou CATILINA;1750;1750;1750;Tragédie;vers;histoire romaine;Cinq actes;1
tc0870;tc0870;VOLTAIRE_SCYTHES;VOLTAIRE;VOLTAIRE;VOLTAIRE;LES SCYTHES, TRAGÉDIE;N/A;1757;1757;Tragédie;vers;histoire orientale;Cinq actes;1
tc0871;tc0871;VOLTAIRE_SEMIRAMIS;VOLTAIRE;VOLTAIRE;VOLTAIRE;SÉMIRAMIS, TRAGÉDIE;N/A;1749;1749;Tragédie;vers;histoire romaine;Cinq actes;1
tc0872;tc0872;VOLTAIRE_SOCRATE;VOLTAIRE;VOLTAIRE;VOLTAIRE;SOCRATE, TRAGÉDIE;N/A;1759;1759;Tragédie;prose;histoire grecque;Cinq actes;1
tc0873;tc0873;VOLTAIRE_SOPHONISBE;VOLTAIRE;VOLTAIRE;VOLTAIRE;SOPHONISBE , TRAGÉDIE;1774;1774;1774;Tragédie;vers;histoire romaine;Cinq actes;1
tc0874;tc0874;VOLTAIRE_TANCREDE;VOLTAIRE;VOLTAIRE;VOLTAIRE;TANCRÈDE, TRAGÉDIE;1771;1771;1771;Tragédie;vers;histoire médiévale;Cinq actes;1
tc0876;tc0876;VOLTAIRE_ZAIRE;VOLTAIRE;VOLTAIRE;VOLTAIRE;ZAÏRE, TRAGÉDIE;1718;1732;1718;Tragédie;vers;mythe grec;Cinq actes;1
