,idno,idno,length,author-name,author-gender,title,year,supergenre,genre,subgenre,genre-label,genre-subtitle,narration,availability,setting,protagonist-gender,author-country,author-continent,narrator,decade
rd0001,rd0001,rd0001,36851,Aurevilly,male,Amour,1841,narrative,roman,blanche,n.av.,chronicle,n.av.,publicdomain,n.av.,n.av.,n.av.,n.av.,n.av.,1840s
rd0002,rd0002,rd0002,77926,Aurevilly,male,Ensorcelée,1852,narrative,roman,fantastique,n.av.,n.av.,homodiegetic,publicdomain,n.av.,n.av.,n.av.,n.av.,n.av.,1850s
rd0003,rd0003,rd0003,46877,Gautier,male,RomanMomie,1857,narrative,roman,fantastique,roman,n.av.,heterodiegetic,publicdomain,n.av.,n.av.,n.av.,n.av.,n.av.,1850s
rd0004,rd0004,rd0004,94211,Balzac,male,Peau,1831,narrative,roman,fantastique,n.av.,n.av.,n.av.,publicdomain,n.av.,n.av.,n.av.,n.av.,n.av.,1830s
rd0005,rd0005,rd0005,53050,Balzac,male,Séraphita,1834,narrative,roman,fantastique,n.av.,n.av.,n.av.,publicdomain,n.av.,n.av.,n.av.,n.av.,n.av.,1830s
rd0006,rd0006,rd0006,40256,Aurevilly,male,HistoireSans,1882,narrative,roman,fantastique,n.av.,histoire,n.av.,publicdomain,n.av.,n.av.,n.av.,n.av.,n.av.,1880s
rd0007,rd0007,rd0007,59772,Dumas,male,ColliersVelours,1850,narrative,roman,fantastique,n.av.,n.av.,n.av.,publicdomain,n.av.,n.av.,n.av.,n.av.,n.av.,1850s
rd0008,rd0008,rd0008,66798,Dumas,male,Olifus,1849,narrative,roman,fantastique,n.av.,n.av.,n.av.,publicdomain,n.av.,n.av.,n.av.,n.av.,n.av.,1840s
rd0009,rd0009,rd0009,39082,Féval,male,Ténèbre,1860,narrative,roman,fantastique,n.av.,n.av.,n.av.,publicdomain,n.av.,n.av.,n.av.,n.av.,n.av.,1860s
rd0010,rd0010,rd0010,62080,Ponson,male,Baronne,1852,narrative,roman,fantastique,n.av.,n.av.,n.av.,publicdomain,n.av.,n.av.,n.av.,n.av.,n.av.,1850s
rd0011,rd0011,rd0011,54197,Ponson,male,FemmeImmortelle,1852,narrative,roman,fantastique,n.av.,n.av.,n.av.,publicdomain,n.av.,n.av.,n.av.,n.av.,n.av.,1850s
rd0012,rd0012,rd0012,65532,Ponson,male,FéeAuteuil,1868,narrative,roman,fantastique,n.av.,n.av.,n.av.,publicdomain,n.av.,n.av.,n.av.,n.av.,n.av.,1860s
rd0013,rd0013,rd0013,53418,Ponson,male,Breda,1866,narrative,roman,fantastique,n.av.,n.av.,n.av.,publicdomain,n.av.,n.av.,n.av.,n.av.,n.av.,1860s
rd0014,rd0014,rd0014,126571,Verne,male,HectorServadac,1877,narrative,roman,fantastique,n.av.,n.av.,n.av.,publicdomain,n.av.,n.av.,n.av.,n.av.,n.av.,1870s
rd0015,rd0015,rd0015,129766,Verne,male,Sphinx,1897,narrative,roman,fantastique,n.av.,n.av.,n.av.,publicdomain,n.av.,n.av.,n.av.,n.av.,n.av.,1890s
rd0016,rd0016,rd0016,69791,Daudet,male,Evangeliste,1882,narrative,novel,blanche,roman-de-moeurs,roman,heterodiegetic,publicdomain,n.av.,n.av.,n.av.,n.av.,n.av.,1880s
rd0017,rd0017,rd0017,178010,Daudet,male,Jack,1875,narrative,novel,blanche,moeurs,n.av.,heterodiegetic,publicdomain,n.av.,mixed,n.av.,n.av.,n.av.,1870s
rd0018,rd0018,rd0018,144581,Daudet,male,Nabab,1877,narrative,novel,blanche,roman de moeurs,n.av.,heterodiegetic,publicdomain,n.av.,male,n.av.,n.av.,n.av.,1870s
rd0019,rd0019,rd0019,85690,Daudet,male,NumaRoumestan,1881,narrative,novel,blanche,n.av.,moeurs,heterodiegetic,publicdomain,rural,male,n.av.,n.av.,n.av.,1880s
rd0020,rd0020,rd0020,87742,Daudet,male,PetitChose,1867,narrative,novel,blanche,n.av.,n.av.,autodiegetic,publicdomain,mixed,male,n.av.,n.av.,n.av.,1860s
rd0021,rd0021,rd0021,46930,Daudet,male,PortTarascon,1890,narrative,novel,blanche,n.av.,n.av.,heterodiegetic,publicdomain,n.av.,male,n.av.,n.av.,n.av.,1890s
rd0022,rd0022,rd0022,60527,Daudet,male,Sapho,1884,narrative,novel,blanche,n.av.,n.av.,n.av.,publicdomain,n.av.,n.av.,n.av.,n.av.,n.av.,1880s
rd0023,rd0023,rd0023,28693,Daudet,male,Tartarin1,1872,narrative,novel,blanche,n.av.,n.av.,n.av.,publicdomain,n.av.,n.av.,n.av.,n.av.,n.av.,1870s
rd0024,rd0024,rd0024,49531,Daudet,male,Tartarin2,1885,narrative,novel,blanche,n.av.,n.av.,n.av.,publicdomain,n.av.,n.av.,n.av.,n.av.,n.av.,1880s
rd0025,rd0025,rd0025,66811,ErckChat,male,AmiFritz,1864,narrative,novel,blanche,n.av.,n.av.,n.av.,publicdomain,n.av.,n.av.,n.av.,n.av.,n.av.,1860s
rd0026,rd0026,rd0026,68243,ErckChat,male,BlocusRochart,1867,narrative,novel,blanche,n.av.,n.av.,n.av.,publicdomain,n.av.,n.av.,n.av.,n.av.,n.av.,1860s
rd0027,rd0027,rd0027,23487,ErckChat,male,CampagneKabylie,1873,narrative,novel,blanche,n.av.,n.av.,n.av.,publicdomain,n.av.,n.av.,n.av.,n.av.,n.av.,1870s
rd0028,rd0028,rd0028,42803,ErckChat,male,ChefChantier,1876,narrative,novel,blanche,n.av.,n.av.,n.av.,publicdomain,n.av.,n.av.,n.av.,n.av.,n.av.,1870s
rd0029,rd0029,rd0029,65672,ErckChat,male,DeuxFreresRantzau,1873,narrative,novel,blanche,n.av.,n.av.,autodiegetic,publicdomain,n.av.,n.av.,n.av.,n.av.,n.av.,1870s
rd0030,rd0030,rd0030,67158,ErckChat,male,HistoireConscrit,1864,narrative,novel,blanche,n.av.,n.av.,autodiegetic,publicdomain,n.av.,n.av.,n.av.,n.av.,n.av.,1860s
rd0031,rd0031,rd0031,78698,ErckChat,male,HistoireHommePeuple,1865,narrative,novel,blanche,n.av.,n.av.,n.av.,publicdomain,n.av.,n.av.,n.av.,n.av.,n.av.,1860s
rd0032,rd0032,rd0032,79631,ErckChat,male,HistoirePaysan1,1869,narrative,novel,blanche,n.av.,n.av.,n.av.,publicdomain,n.av.,n.av.,n.av.,n.av.,n.av.,1860s
rd0033,rd0033,rd0033,75627,ErckChat,male,HistoirePaysan2,1869,narrative,novel,blanche,n.av.,n.av.,n.av.,publicdomain,n.av.,n.av.,n.av.,n.av.,n.av.,1860s
rd0034,rd0034,rd0034,91614,ErckChat,male,HistoirePaysan3,1869,narrative,novel,blanche,n.av.,n.av.,n.av.,publicdomain,n.av.,n.av.,n.av.,n.av.,n.av.,1860s
rd0035,rd0035,rd0035,78529,ErckChat,male,HistoirePaysan4,1869,narrative,novel,blanche,n.av.,n.av.,n.av.,publicdomain,n.av.,n.av.,n.av.,n.av.,n.av.,1860s
rd0036,rd0036,rd0036,71513,ErckChat,male,Invasion,1862,narrative,novel,blanche,n.av.,n.av.,n.av.,publicdomain,n.av.,n.av.,n.av.,n.av.,n.av.,1860s
rd0037,rd0037,rd0037,58840,ErckChat,male,MadameTherese,1863,narrative,novel,blanche,n.av.,n.av.,n.av.,publicdomain,n.av.,n.av.,n.av.,n.av.,n.av.,1860s
rd0038,rd0038,rd0038,81301,ErckChat,male,Waterloo,1865,narrative,novel,blanche,n.av.,n.av.,n.av.,publicdomain,n.av.,n.av.,n.av.,n.av.,n.av.,1860s
rd0039,rd0039,rd0039,93244,Flaubert,male,BouvardPecuchet,1881,narrative,novel,blanche,n.av.,n.av.,n.av.,publicdomain,n.av.,n.av.,n.av.,n.av.,n.av.,1880s
rd0040,rd0040,rd0040,120120,Flaubert,male,MadameBovary,1857,narrative,novel,blanche,n.av.,n.av.,n.av.,publicdomain,n.av.,n.av.,n.av.,n.av.,n.av.,1850s
rd0041,rd0041,rd0041,149808,Flaubert,male,Education,1869,narrative,novel,blanche,n.av.,n.av.,n.av.,publicdomain,n.av.,n.av.,n.av.,n.av.,n.av.,1860s
rd0042,rd0042,rd0042,105393,Flaubert,male,Sallambo,1862,narrative,novel,blanche,n.av.,n.av.,n.av.,publicdomain,n.av.,n.av.,n.av.,n.av.,n.av.,1860s
rd0043,rd0043,rd0043,53823,Loti,male,Aziyade,1879,narrative,novel,blanche,n.av.,n.av.,n.av.,publicdomain,n.av.,n.av.,n.av.,n.av.,n.av.,1870s
rd0044,rd0044,rd0044,44693,Loti,male,Figures,1898,narrative,novel,blanche,n.av.,n.av.,n.av.,publicdomain,n.av.,n.av.,n.av.,n.av.,n.av.,1890s
rd0045,rd0045,rd0045,48074,Loti,male,MadameChrysantheme,1887,narrative,novel,blanche,n.av.,n.av.,n.av.,publicdomain,n.av.,n.av.,n.av.,n.av.,n.av.,1880s
rd0046,rd0046,rd0046,48748,Loti,male,MariageLoti,1882,narrative,novel,blanche,n.av.,n.av.,n.av.,publicdomain,n.av.,n.av.,n.av.,n.av.,n.av.,1880s
rd0047,rd0047,rd0047,73696,Loti,male,MonFrereYves,1883,narrative,novel,blanche,n.av.,n.av.,n.av.,publicdomain,n.av.,n.av.,n.av.,n.av.,n.av.,1880s
rd0049,rd0049,rd0049,57946,Loti,male,Ramuntcho,1897,narrative,novel,blanche,n.av.,n.av.,n.av.,publicdomain,n.av.,n.av.,n.av.,n.av.,n.av.,1890s
rd0050,rd0050,rd0050,53192,Loti,male,RomanEnfant,1890,narrative,novel,blanche,n.av.,n.av.,n.av.,publicdomain,n.av.,n.av.,n.av.,n.av.,n.av.,1890s
rd0051,rd0051,rd0051,49136,Loti,male,RomanSpahi,1881,narrative,novel,blanche,n.av.,n.av.,n.av.,publicdomain,n.av.,n.av.,n.av.,n.av.,n.av.,1880s
rd0052,rd0052,rd0052,111185,Maupassant,male,BelAmi,1885,narrative,novel,blanche,Gesellschaftsroman,n.av.,heterodiegetic,publicdomain,n.av.,n.av.,n.av.,n.av.,n.av.,1880s
rd0053,rd0053,rd0053,75584,Maupassant,male,FortMort,1889,narrative,novel,blanche,Gesellschaftsroman,n.av.,heterodiegetic,publicdomain,n.av.,n.av.,n.av.,n.av.,n.av.,1880s
rd0054,rd0054,rd0054,84731,Maupassant,male,MontOriol,1887,narrative,novel,blanche,Gesellschaftsroman,n.av.,heterodiegetic,publicdomain,n.av.,n.av.,n.av.,n.av.,n.av.,1880s
rd0055,rd0055,rd0055,45440,Maupassant,male,PierreJean,1888,narrative,novel,blanche,Bildungsroman,n.av.,heterodiegetic,publicdomain,n.av.,n.av.,n.av.,n.av.,n.av.,1880s
rd0056,rd0056,rd0056,77336,Maupassant,male,UneVie,1883,narrative,novel,blanche,Bildungsroman,n.av.,heterodiegetic,publicdomain,n.av.,n.av.,n.av.,n.av.,n.av.,1880s
rd0057,rd0057,rd0057,136378,Zola,male,BeteHumaine,1890,narrative,novel,policier,n.av.,n.av.,heterodiegetic,publicdomain,rural,male,n.av.,n.av.,n.av.,1890s
rd0058,rd0058,rd0058,177151,Zola,male,Germinal,1885,narrative,novel,blanche,Gesellschaftsroman,n.av.,heterodiegetic,publicdomain,n.av.,n.av.,n.av.,n.av.,n.av.,1880s
rd0059,rd0059,rd0059,151940,Zola,male,Nana,1885,narrative,novel,blanche,Gesellschaftsroman,n.av.,heterodiegetic,publicdomain,n.av.,n.av.,n.av.,n.av.,n.av.,1880s
rd0060,rd0060,rd0060,141315,Zola,male,Oeuvre,1886,narrative,novel,blanche,Künstlerroman,n.av.,heterodiegetic,publicdomain,n.av.,n.av.,n.av.,n.av.,n.av.,1880s
rd0061,rd0061,rd0061,118215,Zola,male,VentreParis,1873,narrative,novel,blanche,Gesellschaftsroman,n.av.,heterodiegetic,publicdomain,n.av.,n.av.,n.av.,n.av.,n.av.,1870s
rd0081,rd0081,rd0081,63446,Verne,male,ArchipelFeu,1884,narrative,novel,blanche,n.av.,n.av.,n.av.,publicdomain,n.av.,n.av.,n.av.,n.av.,n.av.,1880s
rd0082,rd0082,rd0082,59192,Verne,male,AutourLune,1869,narrative,novel,blanche,n.av.,n.av.,n.av.,publicdomain,n.av.,n.av.,n.av.,n.av.,n.av.,1860s
rd0083,rd0083,rd0083,70088,Verne,male,AventureTroisRusses,1872,narrative,novel,blanche,n.av.,n.av.,n.av.,publicdomain,n.av.,n.av.,n.av.,n.av.,n.av.,1870s
rd0084,rd0084,rd0084,51414,Verne,male,BilletLoterie,1886,narrative,novel,blanche,n.av.,n.av.,n.av.,publicdomain,n.av.,n.av.,n.av.,n.av.,n.av.,1880s
rd0086,rd0086,rd0086,144172,Verne,male,CapitaineHatteras,1866,narrative,novel,blanche,n.av.,n.av.,n.av.,publicdomain,n.av.,n.av.,n.av.,n.av.,n.av.,1860s
rd0087,rd0087,rd0087,124723,Verne,male,CapitaineQuinzeAns,1878,narrative,novel,blanche,n.av.,n.av.,n.av.,publicdomain,n.av.,n.av.,n.av.,n.av.,n.av.,1870s
rd0088,rd0088,rd0088,57087,Verne,male,Chancellor,1875,narrative,novel,blanche,journal,n.av.,n.av.,publicdomain,n.av.,n.av.,n.av.,n.av.,n.av.,1870s
rd0091,rd0091,rd0091,54975,Verne,male,ChateauCarpathes,1892,narrative,novel,fantastique,n.av.,n.av.,n.av.,publicdomain,n.av.,n.av.,n.av.,n.av.,n.av.,1890s
rd0092,rd0092,rd0092,112896,Zola,male,Curee,1872,narrative,novel,blanche,n.av.,n.av.,n.av.,publicdomain,n.av.,n.av.,n.av.,n.av.,n.av.,1870s
rd0093,rd0093,rd0093,122252,Zola,male,DocteurPascal,1893,narrative,novel,blanche,n.av.,n.av.,n.av.,publicdomain,n.av.,n.av.,n.av.,n.av.,n.av.,1890s
rd0094,rd0094,rd0094,201863,Zola,male,Debacle,1892,narrative,novel,blanche,n.av.,n.av.,n.av.,publicdomain,n.av.,n.av.,n.av.,n.av.,n.av.,1890s
rd0095,rd0095,rd0095,124980,Zola,male,FortuneRougon,1870,narrative,novel,blanche,n.av.,n.av.,n.av.,publicdomain,n.av.,n.av.,n.av.,n.av.,n.av.,1870s
rd0096,rd0096,rd0096,136753,Zola,male,EugeneRougon,1876,narrative,novel,blanche,n.av.,n.av.,n.av.,publicdomain,n.av.,n.av.,n.av.,n.av.,n.av.,1870s
rd0097,rd0097,rd0097,65199,Zola,male,CapitaineBurle,1883,narrative,novel,blanche,n.av.,n.av.,n.av.,publicdomain,n.av.,n.av.,n.av.,n.av.,n.av.,1880s
rd0098,rd0098,rd0098,126630,Zola,male,JoieVivre,1884,narrative,novel,blanche,n.av.,n.av.,n.av.,publicdomain,n.av.,n.av.,n.av.,n.av.,n.av.,1880s
rd0099,rd0099,rd0099,110020,Zola,male,PageAmour,1878,narrative,novel,blanche,n.av.,n.av.,n.av.,publicdomain,n.av.,n.av.,n.av.,n.av.,n.av.,1870s
rd0100,rd0100,rd0100,169809,Zola,male,Assommoir,1877,narrative,novel,blanche,n.av.,n.av.,n.av.,publicdomain,n.av.,n.av.,n.av.,n.av.,n.av.,1870s
rd0101,rd0101,rd0101,145576,Zola,male,PotBouille,1882,narrative,novel,blanche,n.av.,n.av.,n.av.,publicdomain,n.av.,n.av.,n.av.,n.av.,n.av.,1880s
rd0102,rd0102,rd0102,154873,Zola,male,Argent,1891,narrative,novel,blanche,n.av.,n.av.,n.av.,publicdomain,n.av.,n.av.,n.av.,n.av.,n.av.,1890s
rd0103,rd0103,rd0103,71833,Zola,male,Reve,1888,narrative,novel,blanche,n.av.,n.av.,n.av.,publicdomain,n.av.,n.av.,n.av.,n.av.,n.av.,1880s
rd0104,rd0104,rd0104,124034,Zola,male,AbbeMouret,1875,narrative,novel,blanche,n.av.,n.av.,n.av.,publicdomain,n.av.,n.av.,n.av.,n.av.,n.av.,1870s
rd0105,rd0105,rd0105,177148,Zola,male,Terre,1887,narrative,novel,blanche,n.av.,n.av.,n.av.,publicdomain,n.av.,n.av.,n.av.,n.av.,n.av.,1880s
rd0106,rd0106,rd0106,237153,Boisgobey,male,BandeRouge1,1886,narrative,novel,blanche,n.av.,n.av.,n.av.,publicdomain,n.av.,n.av.,n.av.,n.av.,n.av.,1880s
rd0107,rd0107,,,Boisgobey,male,BandeRouge2,1886,narrative,novel,blanche,n.av.,n.av.,n.av.,publicdomain,n.av.,n.av.,n.av.,n.av.,n.av.,1880s
rd0108,rd0108,rd0108,102350,Boisgobey,male,MainFroide,1889,narrative,novel,blanche,n.av.,n.av.,n.av.,publicdomain,n.av.,n.av.,n.av.,n.av.,n.av.,1880s
rd0109,rd0109,rd0109,74486,Gaboriau,male,Cotillons1,1861,narrative,nouvelles,blanche,n.av.,n.av.,n.av.,restricted,n.av.,n.av.,n.av.,n.av.,n.av.,1860s
rd0110,rd0110,rd0110,84582,Gaboriau,male,Cotillons2,1861,narrative,nouvelles,blanche,n.av.,n.av.,n.av.,publicdomain,n.av.,n.av.,n.av.,n.av.,n.av.,1860s
rd0127,rd0127,rd0127,122486,Sue,male,MysteresParis01,1842,narrative,novel,fantastique,n.av.,n.av.,n.av.,publicdomain,n.av.,n.av.,n.av.,n.av.,n.av.,1840s
rd0128,rd0128,rd0128,123990,Sue,male,MysteresParis02,1842,narrative,novel,fantastique,n.av.,n.av.,n.av.,publicdomain,n.av.,n.av.,n.av.,n.av.,n.av.,1840s
rd0129,rd0129,rd0129,110843,Sue,male,MysteresParis04,1843,narrative,novel,fantastique,n.av.,n.av.,n.av.,publicdomain,n.av.,n.av.,n.av.,n.av.,n.av.,1840s
rd0130,rd0130,rd0130,101506,Sue,male,MysteresParis05,1843,narrative,novel,fantastique,n.av.,n.av.,n.av.,publicdomain,n.av.,n.av.,n.av.,n.av.,n.av.,1840s
rd0131,rd0131,rd0131,89087,Sue,male,MysteresPeuple02,1849,narrative,novel,fantastique,n.av.,histoire,n.av.,publicdomain,n.av.,n.av.,n.av.,n.av.,n.av.,1840s
rd0132,rd0132,rd0132,121342,Sue,male,MysteresPeuple03,1850,narrative,novel,fantastique,n.av.,n.av.,n.av.,publicdomain,n.av.,n.av.,n.av.,n.av.,n.av.,1850s
rd0133,rd0133,rd0133,130787,Sue,male,MysteresPeuple04,1850,narrative,novel,fantastique,n.av.,n.av.,n.av.,publicdomain,n.av.,n.av.,n.av.,n.av.,n.av.,1850s
rd0134,rd0134,rd0134,61981,Sue,male,MysteresPeuple06,1851,narrative,novel,fantastique,n.av.,n.av.,n.av.,publicdomain,n.av.,n.av.,n.av.,n.av.,n.av.,1850s
rd0135,rd0135,rd0135,168025,Sue,male,MysteresPeuple07,1851,narrative,novel,fantastique,n.av.,n.av.,n.av.,publicdomain,n.av.,n.av.,n.av.,n.av.,n.av.,1850s
rd0136,rd0136,rd0136,106112,Sue,male,MysteresPeuple08,1853,narrative,novel,fantastique,n.av.,n.av.,n.av.,publicdomain,n.av.,n.av.,n.av.,n.av.,n.av.,1850s
rd0137,rd0137,rd0137,108462,Sue,male,MysteresPeuple09,1853,narrative,novel,fantastique,n.av.,n.av.,heterodiegetic,publicdomain,n.av.,n.av.,n.av.,n.av.,n.av.,1850s
rd0138,rd0138,rd0138,87415,Sue,male,MysteresPeuple10,1854,narrative,novel,fantastique,n.av.,n.av.,n.av.,publicdomain,n.av.,n.av.,n.av.,n.av.,n.av.,1850s
rd0139,rd0139,rd0139,122576,Sue,male,MysteresPeuple11,1854,narrative,novel,fantastique,n.av.,n.av.,n.av.,publicdomain,n.av.,n.av.,n.av.,n.av.,n.av.,1850s
rd0140,rd0140,rd0140,108489,Sue,male,MysteresPeuple12,1855,narrative,novel,fantastique,n.av.,n.av.,n.av.,publicdomain,n.av.,n.av.,n.av.,n.av.,n.av.,1850s
rd0141,rd0141,rd0141,108366,Sue,male,MysteresPeuple13,1856,narrative,novel,fantastique,n.av.,n.av.,n.av.,publicdomain,n.av.,n.av.,n.av.,n.av.,n.av.,1850s
rd0142,rd0142,rd0142,120117,Sue,male,MysteresPeuple15,1857,narrative,novel,fantastique,n.av.,n.av.,n.av.,publicdomain,n.av.,n.av.,n.av.,n.av.,n.av.,1850s
rd0143,rd0143,rd0143,163491,Sue,male,MysteresPeuple16,1857,narrative,novel,fantastique,n.av.,n.av.,n.av.,publicdomain,n.av.,n.av.,n.av.,n.av.,n.av.,1850s
rd0144,rd0144,rd0144,64879,Mirbeau,male,JardinSupplices,1899,narrative,novel,blanche,n.av.,n.av.,n.av.,publicdomain,n.av.,n.av.,n.av.,n.av.,n.av.,1890s
rd0146,rd0146,rd0146,78766,Mirbeau,male,Calvaire,1887,narrative,novel,blanche,n.av.,n.av.,n.av.,publicdomain,n.av.,n.av.,n.av.,n.av.,n.av.,1880s
rd0147,rd0147,rd0147,95867,Mirbeau,male,SebastienRoch,1890,narrative,novel,blanche,n.av.,n.av.,n.av.,publicdomain,n.av.,n.av.,n.av.,n.av.,n.av.,1890s
rd0148,rd0148,rd0148,78130,Mirbeau,male,AbbeJules,1888,narrative,novel,blanche,n.av.,n.av.,n.av.,publicdomain,n.av.,n.av.,n.av.,n.av.,n.av.,1880s
rd0149,rd0149,rd0149,126082,Verne,male,DeuxAnsVacances,1888,narrative,novel,blanche,n.av.,n.av.,n.av.,publicdomain,n.av.,n.av.,n.av.,n.av.,n.av.,1880s
rd0167,rd0167,rd0167,109185,Verne,male,FamilleSansNom,1889,narrative,novel,blanche,n.av.,n.av.,n.av.,publicdomain,n.av.,n.av.,n.av.,n.av.,n.av.,1880s
rd0168,rd0168,rd0168,126624,Verne,male,HectorServadac,1877,narrative,novel,blanche,n.av.,n.av.,n.av.,publicdomain,n.av.,n.av.,n.av.,n.av.,n.av.,1870s
rd0169,rd0169,rd0169,209989,Verne,male,IleMysterieuse,1875,narrative,novel,blanche,n.av.,n.av.,n.av.,publicdomain,n.av.,n.av.,n.av.,n.av.,n.av.,1870s
rd0171,rd0171,rd0171,111960,Verne,male,KerabanTetu,1883,narrative,novel,blanche,n.av.,n.av.,n.av.,publicdomain,n.av.,n.av.,n.av.,n.av.,n.av.,1880s
rd0172,rd0172,rd0172,169395,Verne,male,MathiasSandorf,1885,narrative,novel,blanche,n.av.,n.av.,n.av.,publicdomain,n.av.,n.av.,n.av.,n.av.,n.av.,1880s
rd0174,rd0174,rd0174,142270,Verne,male,PaysFourrures,1873,narrative,novel,blanche,n.av.,n.av.,n.av.,publicdomain,n.av.,n.av.,n.av.,n.av.,n.av.,1870s
rd0175,rd0175,rd0175,55612,Verne,male,SecretStoritz,1898,narrative,novel,fantastique,n.av.,n.av.,n.av.,publicdomain,n.av.,n.av.,n.av.,n.av.,n.av.,1890s
rd0176,rd0176,rd0176,138034,Verne,male,TestamentExcentrique,1899,narrative,novel,blanche,n.av.,n.av.,heterodiegetic,publicdomain,mixed,mixed,n.av.,n.av.,n.av.,1890s
rd0177,rd0177,rd0177,62295,Verne,male,TribulationsChinois,1879,narrative,novel,blanche,n.av.,n.av.,n.av.,publicdomain,n.av.,n.av.,n.av.,n.av.,n.av.,1870s
rd0178,rd0178,rd0178,149752,Verne,male,VingtMilleLieues,1871,narrative,novel,blanche,n.av.,n.av.,n.av.,publicdomain,n.av.,n.av.,n.av.,n.av.,n.av.,1870s
rd0300,rd0300,rd0300,77789,Aimard,male,Forestier,1869,narrative,novel,blanche,n.av.,n.av.,heterodiegetic,publicdomain,n.av.,n.av.,n.av.,n.av.,n.av.,1860s
rd0301,rd0301,rd0301,72132,Aimard,male,BanditsArizona,1881,narrative,novel,blanche,n.av.,n.av.,n.av.,publicdomain,n.av.,n.av.,n.av.,n.av.,n.av.,1880s
rd0302,rd0302,rd0302,90164,Aimard,male,TrappeursArkansas,1858,narrative,novel,blanche,n.av.,n.av.,n.av.,publicdomain,n.av.,n.av.,n.av.,n.av.,n.av.,1850s
rd0303,rd0303,rd0303,110369,Aimard,male,RoisOcean2VentEnPanne,1877,narrative,novel,blanche,n.av.,n.av.,n.av.,publicdomain,n.av.,n.av.,n.av.,n.av.,n.av.,1870s
rd0304,rd0304,rd0304,106228,Aimard,male,RoisOcean2Olonnais,1877,narrative,novel,blanche,n.av.,n.av.,n.av.,publicdomain,n.av.,n.av.,n.av.,n.av.,n.av.,1870s
rd0305,rd0305,rd0305,61713,Aimard,male,Ourson,1868,narrative,novel,blanche,n.av.,n.av.,n.av.,publicdomain,n.av.,n.av.,n.av.,n.av.,n.av.,1860s
rd0306,rd0306,rd0306,60130,Aimard,male,BohèmesMer,1865,narrative,novel,blanche,n.av.,n.av.,n.av.,publicdomain,n.av.,n.av.,n.av.,n.av.,n.av.,1860s
rd0307,rd0307,rd0307,89198,Aimard,male,RodeursFrontieres,1861,narrative,novel,blanche,n.av.,n.av.,n.av.,publicdomain,n.av.,n.av.,n.av.,n.av.,n.av.,1860s
rd0308,rd0308,rd0308,168921,Aimard,male,ChasseurRats,1877,narrative,novel,blanche,n.av.,n.av.,n.av.,publicdomain,n.av.,n.av.,n.av.,n.av.,n.av.,1870s
rd0309,rd0309,rd0309,202696,Aimard,male,GrandChefAucas,1858,narrative,novel,blanche,n.av.,n.av.,n.av.,publicdomain,n.av.,n.av.,n.av.,n.av.,n.av.,1850s
rd0310,rd0310,,,Aimard,male,ChasseurRats2CommDelgres,1877,narrative,novel,blanche,n.av.,n.av.,n.av.,publicdomain,n.av.,n.av.,n.av.,n.av.,n.av.,1870s
rd0311,rd0311,rd0311,139253,Aimard,male,BelleRiviere,1874,narrative,novel,blanche,n.av.,n.av.,n.av.,publicdomain,n.av.,n.av.,n.av.,n.av.,n.av.,1870s
rd0312,rd0312,rd0312,96026,Aimard,male,PiratesPrairies,1858,narrative,novel,blanche,n.av.,n.av.,n.av.,publicdomain,n.av.,n.av.,n.av.,n.av.,n.av.,1850s
rd0313,rd0313,rd0313,117859,Aimard,male,LoiLynch,1859,narrative,novel,blanche,n.av.,n.av.,n.av.,publicdomain,n.av.,n.av.,n.av.,n.av.,n.av.,1850s
rd0314,rd0314,rd0314,113353,Aimard,male,ChercheurPistes,1858,narrative,novel,blanche,n.av.,n.av.,n.av.,publicdomain,n.av.,n.av.,n.av.,n.av.,n.av.,1850s
rd0315,rd0315,rd0315,38419,AimardAuriac,male,JimIndien,1879,narrative,novel,blanche,n.av.,n.av.,n.av.,publicdomain,n.av.,n.av.,n.av.,n.av.,n.av.,1870s
rd0316,rd0316,rd0316,38365,AimardAuriac,male,CoeurPanthere,1879,narrative,novel,blanche,n.av.,n.av.,n.av.,publicdomain,n.av.,n.av.,n.av.,n.av.,n.av.,1870s
rd0317,rd0317,rd0317,38613,AimardAuriac,male,ForestiersMichigan,1879,narrative,novel,blanche,n.av.,n.av.,n.av.,publicdomain,n.av.,n.av.,n.av.,n.av.,n.av.,1870s
rd0318,rd0318,rd0318,33694,AimardAuriac,male,AigleNoirDacotahs,1878,narrative,novel,blanche,n.av.,n.av.,n.av.,publicdomain,n.av.,n.av.,n.av.,n.av.,n.av.,1870s
rd0319,rd0319,rd0319,38450,AimardAuriac,male,PiedsFourchus,1866,narrative,novel,blanche,n.av.,n.av.,n.av.,publicdomain,n.av.,n.av.,n.av.,n.av.,n.av.,1860s
rd0320,rd0320,rd0320,40399,AimardAuriac,male,TerresOr,1879,narrative,novel,blanche,n.av.,n.av.,n.av.,publicdomain,n.av.,n.av.,n.av.,n.av.,n.av.,1870s
rd0323,rd0323,rd0323,32516,Allais,male,AffaireBlaireau,1899,narrative,novel,blanche,n.av.,n.av.,n.av.,publicdomain,n.av.,n.av.,n.av.,n.av.,n.av.,1890s
rd0343,rd0343,rd0343,50334,Dombre,female,PupilleGenante,1890,narrative,novel,blanche,n.av.,n.av.,n.av.,publicdomain,n.av.,n.av.,n.av.,n.av.,n.av.,1890s
rd0344,rd0344,rd0344,24996,Dombre,female,Folla,1889,narrative,novel,blanche,n.av.,n.av.,n.av.,publicdomain,n.av.,n.av.,n.av.,n.av.,n.av.,1880s
rd0345,rd0345,rd0345,40968,Dombre,female,Nounou,1890,narrative,novel,blanche,n.av.,n.av.,n.av.,publicdomain,n.av.,n.av.,n.av.,n.av.,n.av.,1890s
rd0346,rd0346,rd0346,52074,Fleuriot,female,TranquilleTourbillon,1880,narrative,novel,blanche,n.av.,n.av.,n.av.,publicdomain,n.av.,n.av.,n.av.,n.av.,n.av.,1880s
rd0347,rd0347,rd0347,35074,Fleuriot,female,EnfantGate,1877,narrative,novel,blanche,n.av.,n.av.,n.av.,publicdomain,n.av.,n.av.,n.av.,n.av.,n.av.,1870s
rd0348,rd0348,rd0348,38019,Fleuriot,female,Conge,1874,narrative,novel,blanche,n.av.,n.av.,autodiegetic,publicdomain,n.av.,n.av.,n.av.,n.av.,n.av.,1870s
rd0349,rd0349,rd0349,45438,Fleuriot,female,BoucheEnCoeur,1882,narrative,novel,blanche,n.av.,n.av.,n.av.,publicdomain,n.av.,n.av.,n.av.,n.av.,n.av.,1880s
rd0350,rd0350,rd0350,64182,Fleuriot,female,Alberte,1881,narrative,novel,blanche,n.av.,n.av.,n.av.,publicdomain,n.av.,n.av.,n.av.,n.av.,n.av.,1880s
rd0364,rd0364,rd0364,43384,Gautier,male,RomanMomie,1858,narrative,novel,blanche,n.av.,n.av.,n.av.,publicdomain,n.av.,n.av.,n.av.,n.av.,n.av.,1850s
rd0365,rd0365,rd0365,198628,Gautier,male,CapitaineFracasse,1863,narrative,novel,blanche,n.av.,n.av.,n.av.,publicdomain,n.av.,n.av.,n.av.,n.av.,n.av.,1860s
rd0366,rd0366,rd0366,99206,Gautier,male,MlleMaupin,1835,narrative,novel,blanche,n.av.,n.av.,n.av.,publicdomain,n.av.,n.av.,n.av.,n.av.,n.av.,1830s
rd0367,rd0367,rd0367,45268,Gouraud,male,ChezGrandMere,1882,narrative,novel,blanche,n.av.,n.av.,n.av.,publicdomain,n.av.,n.av.,n.av.,n.av.,n.av.,1880s
rd0368,rd0368,rd0368,39173,Gouraud,male,AllerRetour,1880,narrative,novel,blanche,n.av.,n.av.,n.av.,publicdomain,n.av.,n.av.,n.av.,n.av.,n.av.,1880s
rd0369,rd0369,rd0369,45699,Gouraud,male,QuandGrande,1888,narrative,novel,blanche,n.av.,n.av.,n.av.,publicdomain,n.av.,n.av.,n.av.,n.av.,n.av.,1880s
rd0370,rd0370,rd0370,45437,Gouraud,male,FillesProfesseur,1876,narrative,novel,blanche,n.av.,n.av.,n.av.,publicdomain,n.av.,n.av.,n.av.,n.av.,n.av.,1870s
rd0371,rd0371,rd0371,46508,Gouraud,male,QuatrePiecesOr,1874,narrative,novel,blanche,n.av.,n.av.,n.av.,publicdomain,n.av.,n.av.,n.av.,n.av.,n.av.,1870s
rd0372,rd0372,rd0372,46130,Gouraud,male,LivreMaman,1872,narrative,novel,blanche,n.av.,n.av.,n.av.,publicdomain,n.av.,n.av.,n.av.,n.av.,n.av.,1870s
rd0373,rd0373,rd0373,53085,Gouraud,male,PetiteMaitresse,1884,narrative,novel,blanche,n.av.,n.av.,n.av.,publicdomain,n.av.,n.av.,n.av.,n.av.,n.av.,1880s
rd0374,rd0374,rd0374,39612,Gouraud,male,EnfantGuide,1868,narrative,novel,blanche,n.av.,n.av.,n.av.,publicdomain,n.av.,n.av.,n.av.,n.av.,n.av.,1860s
rd0375,rd0375,rd0375,46105,Gouraud,male,PetiteGrande,1873,narrative,novel,blanche,n.av.,n.av.,n.av.,publicdomain,n.av.,n.av.,n.av.,n.av.,n.av.,1870s
rd0376,rd0376,rd0376,42226,Gouraud,male,EnfantsFerme,1869,narrative,novel,blanche,n.av.,n.av.,n.av.,publicdomain,n.av.,n.av.,n.av.,n.av.,n.av.,1860s
rd0377,rd0377,rd0377,58793,Gouraud,male,CousineMarie,1878,narrative,novel,blanche,n.av.,n.av.,n.av.,publicdomain,n.av.,n.av.,n.av.,n.av.,n.av.,1870s
rd0378,rd0378,rd0378,31092,Gouraud,male,VieuxChateau,1884,narrative,novel,blanche,n.av.,n.av.,n.av.,publicdomain,n.av.,n.av.,n.av.,n.av.,n.av.,1880s
rd0379,rd0379,rd0379,43341,Gouraud,male,PetitColporteur,1867,narrative,novel,blanche,n.av.,n.av.,n.av.,publicdomain,n.av.,n.av.,n.av.,n.av.,n.av.,1860s
rd0380,rd0380,rd0380,42499,Gouraud,male,MemoiresCaniche,1866,narrative,novel,blanche,n.av.,n.av.,n.av.,publicdomain,n.av.,n.av.,n.av.,n.av.,n.av.,1860s
rd0382,rd0382,rd0382,68664,Huysmans,male,SoeursVatard,1879,narrative,novel,blanche,n.av.,n.av.,n.av.,publicdomain,n.av.,n.av.,n.av.,n.av.,n.av.,1870s
rd0402,rd0402,rd0402,58199,Loti,male,PecheurIslande,1886,narrative,novel,blanche,n.av.,n.av.,n.av.,publicdomain,n.av.,n.av.,n.av.,n.av.,n.av.,1880s
rd0403,rd0403,rd0403,73710,Loti,male,FrereYves,1883,narrative,novel,blanche,n.av.,n.av.,n.av.,publicdomain,n.av.,n.av.,n.av.,n.av.,n.av.,1880s
rd0404,rd0404,rd0404,53193,Loti,male,RomanEnfant,1890,narrative,novel,blanche,n.av.,n.av.,n.av.,publicdomain,n.av.,n.av.,n.av.,n.av.,n.av.,1890s
rd0405,rd0405,rd0405,38827,Loti,male,Matelot,1893,narrative,novel,blanche,n.av.,n.av.,n.av.,publicdomain,n.av.,n.av.,n.av.,n.av.,n.av.,1890s
rd0407,rd0407,rd0407,113945,Malot,male,Cara,1878,narrative,novel,blanche,n.av.,n.av.,heterodiegetic,publicdomain,n.av.,n.av.,n.av.,n.av.,n.av.,1870s
rd0408,rd0408,rd0408,108279,Malot,male,Zyte,1886,narrative,novel,blanche,n.av.,n.av.,n.av.,publicdomain,n.av.,n.av.,n.av.,n.av.,n.av.,1880s
rd0409,rd0409,rd0409,70234,Malot,male,RomainKalbris,1869,narrative,novel,blanche,n.av.,n.av.,n.av.,publicdomain,n.av.,n.av.,n.av.,n.av.,n.av.,1860s
rd0410,rd0410,rd0410,123733,Malot,male,SansFamille,1878,narrative,novel,blanche,n.av.,n.av.,n.av.,publicdomain,n.av.,n.av.,n.av.,n.av.,n.av.,1870s
rd0411,rd0411,rd0411,94455,Malot,male,Ghislaine,1887,narrative,novel,blanche,n.av.,n.av.,n.av.,publicdomain,n.av.,n.av.,n.av.,n.av.,n.av.,1880s
rd0412,rd0412,rd0412,73895,Malot,male,MariageJuliette,1874,narrative,novel,blanche,n.av.,n.av.,n.av.,publicdomain,n.av.,n.av.,n.av.,n.av.,n.av.,1870s
rd0413,rd0413,rd0413,85280,Malot,male,FemmeArgent,1881,narrative,novel,blanche,n.av.,n.av.,n.av.,publicdomain,n.av.,n.av.,n.av.,n.av.,n.av.,1880s
rd0414,rd0414,rd0414,106444,Malot,male,EnFamille,1893,narrative,novel,blanche,n.av.,n.av.,n.av.,publicdomain,n.av.,n.av.,n.av.,n.av.,n.av.,1890s
rd0415,rd0415,rd0415,105745,Malot,male,Conscience,1888,narrative,novel,blanche,n.av.,n.av.,n.av.,publicdomain,n.av.,n.av.,n.av.,n.av.,n.av.,1880s
rd0416,rd0416,rd0416,49431,Malot,male,ClotildeMartory,1873,narrative,novel,blanche,n.av.,n.av.,n.av.,publicdomain,n.av.,n.av.,n.av.,n.av.,n.av.,1870s
rd0417,rd0417,rd0417,91578,Malot,male,BelleMere,1874,narrative,novel,blanche,n.av.,n.av.,n.av.,publicdomain,n.av.,n.av.,n.av.,n.av.,n.av.,1870s
rd0418,rd0418,rd0418,91892,Malot,male,Anie,1891,narrative,novel,blanche,n.av.,n.av.,n.av.,publicdomain,n.av.,n.av.,n.av.,n.av.,n.av.,1890s
rd0419,rd0419,rd0419,99684,Malot,male,Baccara,1886,narrative,novel,blanche,n.av.,n.av.,n.av.,publicdomain,n.av.,n.av.,n.av.,n.av.,n.av.,1880s
rd0420,rd0420,rd0420,46775,Malot,male,BonneAffaire,1870,narrative,novel,blanche,n.av.,n.av.,n.av.,publicdomain,n.av.,n.av.,n.av.,n.av.,n.av.,1870s
rd0421,rd0421,rd0421,75813,Mary,male,FillesPocharde,1898,narrative,novel,blanche,n.av.,n.av.,n.av.,publicdomain,n.av.,n.av.,n.av.,n.av.,n.av.,1890s
rd0422,rd0422,rd0422,81451,Mary,male,Pocharde,1898,narrative,novel,blanche,n.av.,n.av.,n.av.,publicdomain,n.av.,n.av.,n.av.,n.av.,n.av.,1890s
rd0423,rd0423,rd0423,54372,Mary,male,RogerLaHonte,1886,narrative,novel,blanche,n.av.,n.av.,heterodiegetic,publicdomain,n.av.,n.av.,n.av.,n.av.,n.av.,1880s
rd0424,rd0424,rd0424,253834,Mary,male,RevancheRoger1,1889,narrative,novel,blanche,n.av.,n.av.,n.av.,publicdomain,n.av.,n.av.,n.av.,n.av.,n.av.,1880s
rd0426,rd0426,rd0426,60933,Mirbeau,male,Marechale,1883,narrative,novel,blanche,n.av.,n.av.,n.av.,publicdomain,n.av.,n.av.,n.av.,n.av.,n.av.,1880s
rd0440,rd0440,rd0440,54923,Sand,female,Teverino,1845,narrative,novel,blanche,n.av.,n.av.,n.av.,publicdomain,n.av.,n.av.,n.av.,n.av.,n.av.,1840s
rd0441,rd0441,rd0441,57995,Sand,female,Simon,1836,narrative,novel,blanche,n.av.,n.av.,n.av.,publicdomain,n.av.,n.av.,n.av.,n.av.,n.av.,1830s
rd0442,rd0442,rd0442,109720,Sand,female,Rudolstadt2,1843,narrative,novel,blanche,n.av.,n.av.,n.av.,publicdomain,n.av.,n.av.,n.av.,n.av.,n.av.,1840s
rd0443,rd0443,rd0443,109139,Sand,female,Rudolstadt1,1843,narrative,novel,blanche,n.av.,n.av.,n.av.,publicdomain,n.av.,n.av.,n.av.,n.av.,n.av.,1840s
rd0444,rd0444,rd0444,157099,Sand,female,PecheAntoine,1845,narrative,novel,blanche,n.av.,n.av.,heterodiegetic,publicdomain,n.av.,n.av.,n.av.,n.av.,n.av.,1840s
rd0445,rd0445,rd0445,101838,Sand,female,Nanon,1872,narrative,novel,blanche,n.av.,n.av.,n.av.,publicdomain,n.av.,n.av.,n.av.,n.av.,n.av.,1870s
rd0446,rd0446,rd0446,119197,Sand,female,MeunierAngibault,1845,narrative,novel,blanche,n.av.,n.av.,n.av.,publicdomain,n.av.,n.av.,n.av.,n.av.,n.av.,1840s
rd0447,rd0447,rd0447,24675,Sand,female,Marianne,1875,narrative,novel,blanche,n.av.,n.av.,n.av.,publicdomain,n.av.,n.av.,n.av.,n.av.,n.av.,1870s
rd0448,rd0448,rd0448,39716,Sand,female,MareDiable,1846,narrative,novel,blanche,n.av.,n.av.,n.av.,publicdomain,n.av.,n.av.,n.av.,n.av.,n.av.,1840s
rd0449,rd0449,rd0449,133447,Sand,female,MaitresSonneurs,1853,narrative,novel,blanche,n.av.,n.av.,n.av.,publicdomain,n.av.,n.av.,n.av.,n.av.,n.av.,1850s
rd0450,rd0450,rd0450,87366,Sand,female,LucreziaFloriani,1846,narrative,novel,blanche,n.av.,n.av.,n.av.,publicdomain,n.av.,n.av.,n.av.,n.av.,n.av.,1840s
rd0452,rd0452,rd0452,111090,Sand,female,Jeanne,1844,narrative,novel,blanche,n.av.,n.av.,n.av.,publicdomain,n.av.,n.av.,n.av.,n.av.,n.av.,1840s
rd0453,rd0453,rd0453,111656,Sand,female,Lelia,1833,narrative,novel,blanche,n.av.,n.av.,n.av.,publicdomain,n.av.,n.av.,n.av.,n.av.,n.av.,1830s
rd0454,rd0454,rd0454,133212,Sand,female,Horace,1841,narrative,novel,blanche,n.av.,n.av.,n.av.,publicdomain,n.av.,n.av.,n.av.,n.av.,n.av.,1840s
rd0455,rd0455,rd0455,42175,Sand,female,Francia,1871,narrative,novel,blanche,n.av.,n.av.,n.av.,publicdomain,n.av.,n.av.,n.av.,n.av.,n.av.,1870s
rd0456,rd0456,rd0456,68096,Sand,female,ElleLui,1859,narrative,novel,blanche,n.av.,n.av.,n.av.,publicdomain,n.av.,n.av.,n.av.,n.av.,n.av.,1850s
rd0457,rd0457,rd0457,32685,Sand,female,DamesVertes,1857,narrative,novel,blanche,n.av.,n.av.,n.av.,publicdomain,n.av.,n.av.,n.av.,n.av.,n.av.,1850s
rd0458,rd0458,rd0458,88163,Sand,female,DernierAmour,1866,narrative,novel,blanche,n.av.,n.av.,n.av.,publicdomain,n.av.,n.av.,n.av.,n.av.,n.av.,1860s
rd0459,rd0459,rd0459,130872,Sand,female,Consuelo3,1842,narrative,novel,blanche,n.av.,n.av.,n.av.,publicdomain,n.av.,n.av.,n.av.,n.av.,n.av.,1840s
rd0460,rd0460,rd0460,116276,Sand,female,Consuelo2,1842,narrative,novel,blanche,n.av.,n.av.,n.av.,publicdomain,n.av.,n.av.,n.av.,n.av.,n.av.,1840s
rd0461,rd0461,rd0461,111722,Sand,female,Consuelo1,1842,narrative,novel,blanche,n.av.,n.av.,n.av.,publicdomain,n.av.,n.av.,n.av.,n.av.,n.av.,1840s
rd0462,rd0462,rd0462,54450,Sand,female,ChateauDesertes,1851,narrative,novel,blanche,n.av.,n.av.,n.av.,publicdomain,n.av.,n.av.,n.av.,n.av.,n.av.,1850s
rd0463,rd0463,rd0463,66811,Sand,female,Andre,1835,narrative,novel,blanche,n.av.,n.av.,n.av.,publicdomain,n.av.,n.av.,n.av.,n.av.,n.av.,1830s
rd0464,rd0464,rd0464,100724,Sand,female,Valentine,1832,narrative,novel,blanche,n.av.,n.av.,n.av.,publicdomain,n.av.,n.av.,n.av.,n.av.,n.av.,1830s
rd0465,rd0465,rd0465,66652,Sand,female,SecretaireIntime,1834,narrative,novel,blanche,n.av.,n.av.,n.av.,publicdomain,n.av.,n.av.,n.av.,n.av.,n.av.,1830s
rd0467,rd0467,rd0467,45886,Sand,female,MaitresMosaistes,1837,narrative,novel,blanche,n.av.,n.av.,n.av.,publicdomain,n.av.,n.av.,n.av.,n.av.,n.av.,1830s
rd0468,rd0468,rd0468,122968,Sand,female,Mauprat,1837,narrative,novel,blanche,n.av.,n.av.,n.av.,publicdomain,n.av.,n.av.,n.av.,n.av.,n.av.,1830s
rd0469,rd0469,rd0469,51368,Sand,female,LeoneLeoni,1834,narrative,novel,blanche,n.av.,n.av.,n.av.,publicdomain,n.av.,n.av.,n.av.,n.av.,n.av.,1830s
rd0470,rd0470,rd0470,98450,Sand,female,Indiana,1832,narrative,novel,blanche,n.av.,n.av.,n.av.,publicdomain,n.av.,n.av.,n.av.,n.av.,n.av.,1830s
rd0471,rd0471,rd0471,51991,Sand,female,FrancoisChampi,1848,narrative,novel,blanche,n.av.,n.av.,n.av.,publicdomain,n.av.,n.av.,n.av.,n.av.,n.av.,1840s
rd0472,rd0472,rd0472,61897,Sand,female,PetiteFadette,1849,narrative,novel,blanche,n.av.,n.av.,n.av.,publicdomain,n.av.,n.av.,n.av.,n.av.,n.av.,1840s
rd0473,rd0473,rd0473,66690,Sand,female,DerniereAldini,1837,narrative,novel,blanche,n.av.,n.av.,n.av.,publicdomain,n.av.,n.av.,n.av.,n.av.,n.av.,1830s
rd0474,rd0474,rd0474,89025,Sand,female,Compagnon,1840,narrative,novel,blanche,n.av.,n.av.,n.av.,publicdomain,n.av.,n.av.,n.av.,n.av.,n.av.,1840s
rd0475,rd0475,rd0475,48861,Stolz,female,ViolenceBonté,1888,narrative,novel,blanche,n.av.,n.av.,n.av.,publicdomain,n.av.,n.av.,n.av.,n.av.,n.av.,1880s
rd0476,rd0476,rd0476,52090,Stolz,female,MaisonRoulante,1869,narrative,novel,blanche,n.av.,n.av.,n.av.,publicdomain,n.av.,n.av.,n.av.,n.av.,n.av.,1860s
rd0477,rd0477,rd0477,41774,Stolz,female,DeuxReines,1881,narrative,novel,blanche,n.av.,n.av.,n.av.,publicdomain,n.av.,n.av.,n.av.,n.av.,n.av.,1880s
rd0478,rd0478,rd0478,47245,Stolz,female,PochesOncle,1874,narrative,novel,blanche,n.av.,n.av.,n.av.,publicdomain,n.av.,n.av.,n.av.,n.av.,n.av.,1870s
rd0479,rd0479,rd0479,49170,Stolz,female,TresorNanette,1872,narrative,novel,blanche,n.av.,n.av.,n.av.,publicdomain,n.av.,n.av.,n.av.,n.av.,n.av.,1870s
rd0480,rd0480,rd0480,52126,Stolz,female,MaisonBlanche,1884,narrative,novel,blanche,n.av.,n.av.,n.av.,publicdomain,n.av.,n.av.,n.av.,n.av.,n.av.,1880s
rd0481,rd0481,rd0481,53062,Stolz,female,Mesaventures,1881,narrative,novel,blanche,n.av.,n.av.,n.av.,publicdomain,n.av.,n.av.,n.av.,n.av.,n.av.,1880s
rd0482,rd0482,rd0482,49148,Stolz,female,SecretLaurent,1878,narrative,novel,blanche,n.av.,n.av.,n.av.,publicdomain,n.av.,n.av.,n.av.,n.av.,n.av.,1870s
rd0483,rd0483,rd0483,55055,Stolz,female,FamilleCoquelicot,1892,narrative,novel,blanche,n.av.,n.av.,n.av.,publicdomain,n.av.,n.av.,n.av.,n.av.,n.av.,1890s
rd0484,rd0484,rd0484,55725,Stolz,female,DessusHaie,1874,narrative,novel,blanche,n.av.,n.av.,n.av.,publicdomain,n.av.,n.av.,n.av.,n.av.,n.av.,1870s
rd0485,rd0485,rd0485,49100,Stolz,female,BlancheNoire,1872,narrative,novel,blanche,n.av.,n.av.,n.av.,publicdomain,n.av.,n.av.,n.av.,n.av.,n.av.,1870s
rd0561,rd0561,rd0561,19326,Balzac,male,FausseMaitresse,1842,narrative,novel,blanche,n.av.,n.av.,heterodiegetic,restricted,n.av.,n.av.,n.av.,n.av.,n.av.,1840s
rd0562,rd0562,rd0562,42269,Balzac,male,AlbertSavarus,1842,narrative,novel,blanche,n.av.,n.av.,heterodiegetic,restricted,n.av.,n.av.,n.av.,n.av.,n.av.,1840s
rd0563,rd0563,rd0563,83667,Balzac,male,MemoiresJeunesMariees,1841,narrative,novel,blanche,mémoires,n.av.,epistolary,restricted,n.av.,n.av.,n.av.,n.av.,n.av.,1840s
rd0564,rd0564,rd0564,94589,Balzac,male,ModesteMignon,1844,narrative,novel,blanche,n.av.,n.av.,heterodiegetic,restricted,n.av.,n.av.,n.av.,n.av.,n.av.,1840s
rd0565,rd0565,rd0565,59627,Balzac,male,DebutVie,1842,narrative,novel,blanche,n.av.,n.av.,heterodiegetic,restricted,n.av.,n.av.,n.av.,n.av.,n.av.,1840s
rd0566,rd0566,rd0566,84807,Balzac,male,UrsuleMirouet,1841,narrative,novel,blanche,n.av.,n.av.,heterodiegetic,restricted,n.av.,n.av.,n.av.,n.av.,n.av.,1840s
rd0567,rd0567,rd0567,52712,Balzac,male,Pierrette,1840,narrative,novel,blanche,n.av.,n.av.,heterodiegetic,restricted,n.av.,n.av.,n.av.,n.av.,n.av.,1840s
rd0568,rd0568,rd0568,21365,Balzac,male,Comediens,1845,narrative,novel,blanche,n.av.,n.av.,heterodiegetic,restricted,n.av.,n.av.,n.av.,n.av.,n.av.,1840s
rd0569,rd0569,rd0569,154354,Balzac,male,CousineBette,1846,narrative,novel,blanche,n.av.,n.av.,heterodiegetic,restricted,n.av.,n.av.,n.av.,n.av.,n.av.,1840s
rd0570,rd0570,rd0570,111045,Balzac,male,CousinPons,1847,narrative,novel,blanche,n.av.,n.av.,heterodiegetic,restricted,n.av.,n.av.,n.av.,n.av.,n.av.,1840s
rd0571,rd0571,rd0571,75560,Balzac,male,TenebreuseAffaire,1841,narrative,novel,policier,n.av.,n.av.,heterodiegetic,restricted,rural,mixed,n.av.,n.av.,n.av.,1840s
rd0572,rd0572,rd0572,93198,Balzac,male,CureVillage,1841,narrative,novel,blanche,n.av.,n.av.,heterodiegetic,restricted,n.av.,n.av.,n.av.,n.av.,n.av.,1840s
rd0605,rd0605,rd0605,136997,FevalPP,male,CavalierFortune,1868,narrative,novel,blanche,n.av.,n.av.,n.av.,publicdomain,n.av.,n.av.,n.av.,n.av.,n.av.,1860s
rd0606,rd0606,rd0606,39085,FevalPP,male,ChevalierTenebre,1861,narrative,novel,blanche,n.av.,n.av.,n.av.,publicdomain,n.av.,n.av.,n.av.,n.av.,n.av.,1860s
rd0607,rd0607,rd0607,103084,FevalPP,male,ErrantsNuit,1857,narrative,novel,policier,n.av.,n.av.,n.av.,publicdomain,n.av.,n.av.,n.av.,n.av.,n.av.,1850s
rd0608,rd0608,rd0608,81973,FevalPP,male,FanfaronsRoi,1843,narrative,novel,blanche,n.av.,n.av.,n.av.,publicdomain,n.av.,n.av.,n.av.,n.av.,n.av.,1840s
rd0609,rd0609,rd0609,81323,FevalPP,male,FeeGreves,1850,narrative,novel,blanche,n.av.,n.av.,n.av.,publicdomain,n.av.,n.av.,n.av.,n.av.,n.av.,1850s
rd0610,rd0610,rd0610,195050,FevalPP,male,FilsDiable1,1846,narrative,novel,blanche,n.av.,n.av.,heterodiegetic,publicdomain,n.av.,n.av.,n.av.,n.av.,n.av.,1840s
rd0611,rd0611,rd0611,172855,FevalPP,male,HabitsNoirs2Coeur,1865,narrative,novel,policier,n.av.,n.av.,n.av.,publicdomain,n.av.,n.av.,n.av.,n.av.,n.av.,1860s
rd0612,rd0612,rd0612,79709,FevalPP,male,HabitsNoirs4Arme,1869,narrative,novel,policier,n.av.,n.av.,n.av.,publicdomain,n.av.,male,n.av.,n.av.,n.av.,1860s
rd0613,rd0613,rd0613,48528,FevalPP,male,HistoireRevenants,1881,narrative,novel,fantastique,n.av.,n.av.,n.av.,publicdomain,n.av.,n.av.,n.av.,n.av.,n.av.,1880s
rd0614,rd0614,rd0614,48300,FevalPP,male,HommeSansBras,1881,narrative,novel,policier,n.av.,n.av.,n.av.,publicdomain,n.av.,n.av.,n.av.,n.av.,n.av.,1880s
rd0615,rd0615,rd0615,80149,FevalPP,male,LoupBlanc,1843,narrative,novel,blanche,n.av.,n.av.,n.av.,publicdomain,rural,male,n.av.,n.av.,n.av.,1840s
rd0616,rd0616,rd0616,66916,FevalPP,male,Louve2,1856,narrative,novel,blanche,n.av.,n.av.,heterodiegetic,publicdomain,n.av.,female,n.av.,n.av.,n.av.,1850s
rd0617,rd0617,rd0617,352881,FevalPP,male,MadameGilBlas,1856,narrative,novel,blanche,n.av.,souvenirs et aventures,homodiegetic,publicdomain,n.av.,female,n.av.,n.av.,n.av.,1850s
rd0618,rd0618,rd0618,153436,FevalPP,male,MaisonPilate,1859,narrative,novel,blanche,n.av.,n.av.,n.av.,publicdomain,n.av.,n.av.,n.av.,n.av.,n.av.,1850s
rd0620,rd0620,rd0620,125830,FevalPP,male,MysteresLondres1,1843,narrative,novel,policier,n.av.,n.av.,n.av.,publicdomain,urban,n.av.,n.av.,n.av.,n.av.,1840s
rd0621,rd0621,rd0621,93589,FevalPP,male,Quittance1Heritiere,1846,narrative,novel,blanche,n.av.,n.av.,n.av.,publicdomain,n.av.,n.av.,n.av.,n.av.,n.av.,1840s
rd0622,rd0622,rd0622,88896,FevalPP,male,Quittance2Galerie,1846,narrative,novel,blanche,n.av.,n.av.,heterodiegetic,publicdomain,n.av.,n.av.,n.av.,n.av.,n.av.,1840s
rd0623,rd0623,rd0623,97666,FevalPP,male,ReineEpees,1852,narrative,novel,blanche,n.av.,n.av.,heterodiegetic,publicdomain,n.av.,male,n.av.,n.av.,n.av.,1850s
rd0624,rd0624,rd0624,139812,FevalPP,male,RoiGueux,1859,narrative,novel,blanche,n.av.,n.av.,n.av.,publicdomain,n.av.,n.av.,n.av.,n.av.,n.av.,1850s
rd0625,rd0625,rd0625,45187,FevalPP,male,VilleVampire,1875,narrative,novel,fantastique,n.av.,n.av.,n.av.,publicdomain,n.av.,n.av.,n.av.,n.av.,n.av.,1870s
rd0627,rd0627,rd0627,138675,FevalPP,male,MysteresLondres2,1843,narrative,novel,policier,n.av.,n.av.,n.av.,publicdomain,n.av.,n.av.,n.av.,n.av.,n.av.,1840s
rd0628,rd0628,rd0628,173763,FevalPP,male,MysteresLondres3,1843,narrative,novel,policier,n.av.,n.av.,heterodiegetic,publicdomain,urban,n.av.,n.av.,n.av.,n.av.,1840s
rd0629,rd0629,rd0629,127005,FevalPP,male,Diable2Proces,1862,narrative,novel,policier,n.av.,n.av.,heterodiegetic,publicdomain,n.av.,n.av.,n.av.,n.av.,n.av.,1860s
rd0630,rd0630,rd0630,210515,FevalPP,male,HabitsNoirs1,1863,narrative,novel,policier,n.av.,n.av.,heterodiegetic,publicdomain,n.av.,n.av.,n.av.,n.av.,n.av.,1860s
rd0631,rd0631,rd0631,97182,FevalPP,male,HabitsNoirs5Maman,1869,narrative,novel,policier,n.av.,n.av.,heterodiegetic,publicdomain,n.av.,n.av.,n.av.,n.av.,n.av.,1860s
rd0632,rd0632,rd0632,135824,FevalPP,male,HabitsNoirs3Rue,1868,narrative,novel,policier,n.av.,n.av.,heterodiegetic,publicdomain,n.av.,n.av.,n.av.,n.av.,n.av.,1860s
rd0633,rd0633,rd0633,225845,FevalPP,male,Bossu,1857,narrative,novel,blanche,cape_et_épée,n.av.,n.av.,publicdomain,n.av.,n.av.,n.av.,n.av.,n.av.,1850s
rd0634,rd0634,rd0634,284706,FevalPP,male,JeanDiable1,1862,narrative,novel,policier,n.av.,n.av.,n.av.,publicdomain,n.av.,n.av.,n.av.,n.av.,n.av.,1860s
rd0635,rd0635,rd0635,178197,FevalPP,male,HabitsNoirs7Compagnons,1872,narrative,novel,policier,n.av.,n.av.,heterodiegetic,publicdomain,n.av.,n.av.,n.av.,n.av.,n.av.,1870s
rd0636,rd0636,rd0636,53820,FevalPP,male,Louve1,1855,narrative,novel,blanche,n.av.,n.av.,heterodiegetic,publicdomain,n.av.,n.av.,n.av.,n.av.,n.av.,1850s
rd0637,rd0637,rd0637,152377,FevalPP,male,HabitsNoirs6Avaleur,1867,narrative,novel,policier,n.av.,n.av.,n.av.,publicdomain,n.av.,n.av.,n.av.,n.av.,n.av.,1860s
rd0638,rd0638,rd0638,68965,Huysmans,male,SœursVatard,1879,narrative,novel,blanche,n.av.,n.av.,heterodiegetic,publicdomain,urban,female,n.av.,n.av.,n.av.,1870s
rd0640,rd0640,rd0640,68417,Huysmans,male,ARebours,1884,narrative,novel,blanche,n.av.,n.av.,heterodiegetic,publicdomain,n.av.,male,n.av.,n.av.,n.av.,1880s
rd0641,rd0641,rd0641,119314,Hugo,male,Miserables1Fantine,1862,narrative,novel,blanche,n.av.,n.av.,heterodiegetic,publicdomain,urban,male,n.av.,n.av.,n.av.,1860s
rd0642,rd0642,rd0642,103630,Hugo,male,Miserables2Cosette,1862,narrative,novel,blanche,n.av.,n.av.,heterodiegetic,publicdomain,urban,male,n.av.,n.av.,n.av.,1860s
rd0643,rd0643,rd0643,91472,Hugo,male,Miserables3Marius,1862,narrative,novel,blanche,n.av.,n.av.,heterodiegetic,publicdomain,urban,male,n.av.,n.av.,n.av.,1860s
rd0644,rd0644,rd0644,129809,Hugo,male,Miserables4Idylle,1862,narrative,novel,blanche,n.av.,n.av.,heterodiegetic,publicdomain,urban,male,n.av.,n.av.,n.av.,1860s
rd0645,rd0645,rd0645,112560,Hugo,male,Miserables5JeanValjean,1862,narrative,novel,blanche,n.av.,n.av.,heterodiegetic,publicdomain,urban,male,n.av.,n.av.,n.av.,1860s
rd0646,rd0646,rd0646,53403,France,male,MannequinOsier,1897,narrative,novel,blanche,n.av.,n.av.,heterodiegetic,publicdomain,n.av.,male,n.av.,n.av.,n.av.,1890s
rd0647,rd0647,rd0647,54188,France,male,Thais,1890,narrative,novel,blanche,n.av.,n.av.,heterodiegetic,publicdomain,other,male,n.av.,n.av.,n.av.,1890s
rd0648,rd0648,rd0648,60322,France,male,CrimeSylvestreBonnard,1881,narrative,novel,blanche,n.av.,n.av.,homodiegetic,publicdomain,mixed,male,n.av.,n.av.,n.av.,1880s
rd0656,rd0656,rd0656,115267,Ohnet,male,GrandeMarnière,1885,narrative,novel,blanche,n.av.,n.av.,heterodiegetic,publicdomain,rural,male,n.av.,n.av.,n.av.,1880s
rd0657,rd0657,rd0657,53380,Ohnet,male,AmePierre,1890,narrative,novel,blanche,n.av.,n.av.,n.av.,publicdomain,urban,n.av.,n.av.,n.av.,n.av.,1890s
rd0658,rd0658,rd0658,50559,Ohnet,male,Batailles1MarchandPoison,1892,narrative,novel,blanche,n.av.,n.av.,heterodiegetic,publicdomain,n.av.,n.av.,n.av.,n.av.,n.av.,1890s
rd0717,rd0717,rd0717,73156,Rodenbach,male,Carillonneur,1897,narrative,novel,blanche,n.av.,n.av.,n.av.,restricted,n.av.,n.av.,n.av.,n.av.,n.av.,1890s
rd0718,rd0718,rd0718,21620,Rodenbach,male,BrugesLaMorte,1892,narrative,novel,blanche,n.av.,n.av.,n.av.,restricted,n.av.,n.av.,n.av.,n.av.,n.av.,1890s
rd0719,rd0719,rd0719,76299,Darien,male,BiribiriDiscipline,1890,narrative,novel,blanche,n.av.,n.av.,n.av.,restricted,n.av.,n.av.,n.av.,n.av.,n.av.,1890s
rd0720,rd0720,rd0720,143256,Darien,male,Voleur,1897,narrative,novel,blanche,n.av.,n.av.,n.av.,restricted,n.av.,n.av.,n.av.,n.av.,n.av.,1890s
rd0721,rd0721,rd0721,92318,Villiers,male,EveFuture,1886,narrative,roman,fantastique,n.av.,n.av.,n.av.,publicdomain,n.av.,n.av.,n.av.,n.av.,n.av.,1880s
rd0722,rd0722,rd0722,36866,Villiers,male,Isis,1862,narrative,novel,fantastique,n.av.,n.av.,n.av.,publicdomain,n.av.,n.av.,n.av.,n.av.,n.av.,1860s
rd0723,rd0723,rd0723,41264,Balzac,male,Lambert,1832,narrative,roman,fantastique,n.av.,n.av.,n.av.,publicdomain,n.av.,n.av.,n.av.,n.av.,n.av.,1830s
rd0724,rd0724,rd0724,56099,Dumas,male,Fantômes,1849,narrative,roman,fantastique,n.av.,récits,n.av.,publicdomain,n.av.,n.av.,n.av.,n.av.,n.av.,1840s
rd0725,rd0725,rd0725,148464,Chateaubriand,male,Natchez,1821,narrative,roman,blanche,n.av.,n.av.,n.av.,restricted,n.av.,n.av.,n.av.,n.av.,n.av.,1820s
rd0726,rd0726,rd0726,87039,Gay,female,Ellenore,1844,narrative,roman,blanche,n.av.,n.av.,n.av.,publicdomain,n.av.,n.av.,n.av.,n.av.,n.av.,1840s
rd0727,rd0727,rd0727,101942,Gay,female,Ellénore,1844,narrative,roman,blanche,n.av.,n.av.,n.av.,restricted,n.av.,n.av.,n.av.,n.av.,n.av.,1840s
rd0728,rd0728,rd0728,20040,Constant,male,CahierRouge,1907,narrative,roman,blanche,n.av.,n.av.,autodiegetic,publicdomain,n.av.,n.av.,n.av.,n.av.,n.av.,1900s
rd0729,rd0729,rd0729,17790,Maistre,male,ExpéditionNocturne,1825,narrative,roman,blanche,n.av.,n.av.,autodiegetic,restricted,n.av.,n.av.,n.av.,n.av.,n.av.,1820s
rd0730,rd0730,rd0730,59791,About,male,OreilleCassée,1862,narrative,roman,fantastique,n.av.,n.av.,n.av.,publicdomain,n.av.,n.av.,n.av.,n.av.,n.av.,1860s
rd0731,rd0731,rd0731,79412,Dumas,male,MeneurLoups,1857,narrative,roman,fantastique,n.av.,n.av.,n.av.,publicdomain,n.av.,n.av.,n.av.,n.av.,n.av.,1850s
rd0732,rd0732,rd0732,93452,Féval,male,Vampire,1865,narrative,roman,fantastique,n.av.,n.av.,n.av.,publicdomain,n.av.,n.av.,n.av.,n.av.,n.av.,1860s
rd0733,rd0733,rd0733,66418,Gautier,male,PartieCarrée,1848,narrative,roman,fantastique,n.av.,n.av.,n.av.,publicdomain,n.av.,n.av.,n.av.,n.av.,n.av.,1840s
rd0734,rd0734,rd0734,42085,Rachilde,female,MVénus,1884,narrative,roman,fantastique,n.av.,n.av.,n.av.,publicdomain,n.av.,n.av.,n.av.,n.av.,n.av.,1880s
rd0735,rd0735,rd0735,49436,Sue,male,PaulaMonti,1845,narrative,roman,fantastique,n.av.,n.av.,n.av.,publicdomain,n.av.,n.av.,n.av.,n.av.,n.av.,1840s
rd0736,rd0736,rd0736,118809,Sue,male,MorneDiable,1842,narrative,roman,fantastique,n.av.,n.av.,n.av.,publicdomain,n.av.,n.av.,n.av.,n.av.,n.av.,1840s
rd0737,rd0737,rd0737,140719,Aurevilly,male,PrêtreMarié,1864,narrative,roman,fantastique,n.av.,n.av.,n.av.,publicdomain,n.av.,n.av.,n.av.,n.av.,n.av.,1860s
rd0738,rd0738,rd0738,25393,Nerval,male,Aurélia,1854,narrative,roman,fantastique,n.av.,n.av.,n.av.,publicdomain,n.av.,n.av.,n.av.,n.av.,n.av.,1850s
rd0739,rd0739,rd0739,24443,Cazotte,male,DiableAmoureux,1772,narrative,roman,fantastique,n.av.,nouvelle,n.av.,publicdomain,n.av.,n.av.,n.av.,n.av.,n.av.,1770s
rd0740,rd0740,rd0740,69950,Dumas,male,Eppstein,1843,narrative,roman,fantastique,n.av.,n.av.,n.av.,publicdomain,n.av.,n.av.,n.av.,n.av.,n.av.,1840s
rd0741,rd0741,rd0741,54396,Janin,male,AneMort,1827,narrative,roman,fantastique,n.av.,n.av.,n.av.,publicdomain,n.av.,n.av.,n.av.,n.av.,n.av.,1820s
rd0742,rd0742,rd0742,34128,Gautier,male,Avatar,1856,narrative,roman,fantastique,n.av.,conte,n.av.,publicdomain,n.av.,n.av.,n.av.,n.av.,n.av.,1850s
rd0743,rd0743,rd0743,581286,Sue,male,JuifErrant,1844,narrative,roman,fantastique,n.av.,n.av.,n.av.,publicdomain,n.av.,n.av.,n.av.,n.av.,n.av.,1840s
rd1002,rd1002,rd1002,167590,Boisgobey,male,OeilChat1,1888,narrative,novel,policier,n.av.,n.av.,heterodiegetic,publicdomain,urban,n.av.,n.av.,n.av.,n.av.,1880s
rd1003,rd1003,rd1003,125050,Boisgobey,male,DoubleBlanc,1889,narrative,novel,policier,n.av.,n.av.,heterodiegetic,publicdomain,urban,n.av.,n.av.,n.av.,n.av.,1880s
rd1005,rd1005,rd1005,93655,Boisgobey,male,Omnibus,1881,narrative,novel,policier,Detektivroman,n.av.,heterodiegetic,publicdomain,urban,n.av.,n.av.,n.av.,n.av.,1880s
rd1006,rd1006,rd1006,255873,Boisgobey,male,Opera1,1889,narrative,novel,policier,Detektivroman,n.av.,heterodiegetic,publicdomain,n.av.,n.av.,n.av.,n.av.,n.av.,1880s
rd1007,rd1007,,,Boisgobey,male,Opera2,1889,narrative,novel,policier,Detektivroman,n.av.,heterodiegetic,publicdomain,n.av.,n.av.,n.av.,n.av.,n.av.,1880s
rd1008,rd1008,rd1008,104581,Boisgobey,male,Voilette,1885,narrative,novel,policier,Kriminalroman,n.av.,heterodiegetic,publicdomain,n.av.,n.av.,n.av.,n.av.,n.av.,1880s
rd1009,rd1009,rd1009,83903,Boisgobey,male,Chat2,1888,narrative,novel,policier,Detektivroman,n.av.,heterodiegetic,publicdomain,n.av.,n.av.,n.av.,n.av.,n.av.,1880s
rd1020,rd1020,rd1020,129352,Gaboriau,male,Lerouge,1865,narrative,novel,policier,Detektivroman,n.av.,heterodiegetic,publicdomain,mixed,male,n.av.,n.av.,n.av.,1860s
rd1021,rd1021,rd1021,173620,Gaboriau,male,Argent1,1874,narrative,novel,policier,Kriminalroman,n.av.,heterodiegetic,publicdomain,n.av.,n.av.,n.av.,n.av.,n.av.,1870s
rd1022,rd1022,,,Gaboriau,male,Argent2,1874,narrative,novel,policier,Kriminalroman,n.av.,heterodiegetic,publicdomain,n.av.,n.av.,n.av.,n.av.,n.av.,1870s
rd1023,rd1023,rd1023,82506,Gaboriau,male,CliqueDoree1,1871,narrative,novel,blanche,Gesellschaftsroman,n.av.,heterodiegetic,publicdomain,n.av.,n.av.,n.av.,n.av.,n.av.,1870s
rd1024,rd1024,rd1024,90836,Gaboriau,male,CliqueDoree2,1871,narrative,novel,blanche,Gesellschaftsroman,n.av.,heterodiegetic,publicdomain,n.av.,n.av.,n.av.,n.av.,n.av.,1870s
rd1025,rd1025,rd1025,98886,Gaboriau,male,Degringolade1,1872,narrative,novel,policier,n.av.,n.av.,n.av.,publicdomain,n.av.,n.av.,n.av.,n.av.,n.av.,1870s
rd1026,rd1026,rd1026,107505,Gaboriau,male,Degringolade2,1872,narrative,novel,policier,n.av.,n.av.,n.av.,publicdomain,n.av.,n.av.,n.av.,n.av.,n.av.,1870s
rd1027,rd1027,rd1027,84934,Gaboriau,male,Degringolade3,1872,narrative,novel,policier,n.av.,n.av.,n.av.,publicdomain,n.av.,n.av.,n.av.,n.av.,n.av.,1870s
rd1028,rd1028,rd1028,152497,Gaboriau,male,EsclavesParis1,1868,narrative,novel,policier,n.av.,n.av.,heterodiegetic,publicdomain,n.av.,n.av.,n.av.,n.av.,n.av.,1860s
rd1029,rd1029,rd1029,154816,Gaboriau,male,EsclavesParis2,1867,narrative,novel,policier,n.av.,n.av.,heterodiegetic,publicdomain,n.av.,n.av.,n.av.,n.av.,n.av.,1860s
rd1150,rd1150,rd1150,60202,Gaboriau,male,AmoursEmpoisonneuse,1881,narrative,novel,policier,n.av.,n.av.,heterodiegetic,publicdomain,n.av.,n.av.,n.av.,n.av.,n.av.,1880s
rd1151,rd1151,rd1151,172619,Gaboriau,male,CordeCou1,1873,narrative,novel,policier,n.av.,n.av.,heterodiegetic,publicdomain,rural,male,n.av.,n.av.,n.av.,1870s
rd1152,rd1152,rd1152,96926,Gaboriau,male,CordeCou2,1873,narrative,novel,policier,n.av.,n.av.,heterodiegetic,publicdomain,rural,male,n.av.,n.av.,n.av.,1870s
rd1155,rd1155,rd1155,127324,Gaboriau,male,CrimeOrcival,1866,narrative,novel,policier,n.av.,n.av.,heterodiegetic,publicdomain,rural,male,n.av.,n.av.,n.av.,1860s
rd1156,rd1156,rd1156,121684,Gaboriau,male,VieInfernale1,1870,narrative,novel,policier,n.av.,n.av.,heterodiegetic,publicdomain,n.av.,n.av.,n.av.,n.av.,n.av.,1870s
rd1157,rd1157,rd1157,129958,Gaboriau,male,VieInfernale2,1870,narrative,novel,policier,n.av.,n.av.,heterodiegetic,publicdomain,n.av.,male,n.av.,n.av.,n.av.,1870s
rd1158,rd1158,rd1158,99504,Gaboriau,male,MonsieurLecoq1,1869,narrative,novel,policier,n.av.,n.av.,heterodiegetic,publicdomain,urban,male,n.av.,n.av.,n.av.,1860s
rd1159,rd1159,rd1159,170257,Gaboriau,male,MonsieurLecoq2,1869,narrative,novel,policier,n.av.,n.av.,heterodiegetic,publicdomain,urban,male,n.av.,n.av.,n.av.,1860s
rd1160,rd1160,rd1160,138603,Ponson,male,Chevaliers,1860,narrative,novel,policier,n.av.,n.av.,heterodiegetic,publicdomain,urban,male,n.av.,n.av.,n.av.,1860s
rd1161,rd1161,rd1161,146292,Ponson,male,ClubValets1,1858,narrative,novel,policier,n.av.,n.av.,heterodiegetic,publicdomain,urban,male,n.av.,n.av.,n.av.,1850s
rd1162,rd1162,rd1162,143137,Ponson,male,ClubValets2,1858,narrative,novel,policier,n.av.,n.av.,heterodiegetic,publicdomain,urban,male,n.av.,n.av.,n.av.,1850s
rd1163,rd1163,rd1163,124623,Ponson,male,CordePendu1,1870,narrative,novel,policier,n.av.,n.av.,heterodiegetic,publicdomain,urban,male,n.av.,n.av.,n.av.,1870s
rd1164,rd1164,rd1164,58634,Ponson,male,CordePendu2,1870,narrative,novel,policier,n.av.,n.av.,heterodiegetic,publicdomain,urban,male,n.av.,n.av.,n.av.,1870s
rd1165,rd1165,rd1165,49706,Ponson,male,DernierMot4,1867,narrative,novel,policier,n.av.,n.av.,heterodiegetic,publicdomain,urban,male,n.av.,n.av.,n.av.,1860s
rd1166,rd1166,rd1166,105938,Ponson,male,DernierMot2,1867,narrative,novel,policier,n.av.,n.av.,heterodiegetic,publicdomain,urban,male,n.av.,n.av.,n.av.,1860s
rd1167,rd1167,rd1167,102913,Ponson,male,DernierMot3,1867,narrative,novel,policier,n.av.,n.av.,heterodiegetic,publicdomain,urban,male,n.av.,n.av.,n.av.,1860s
rd1168,rd1168,rd1168,120187,Ponson,male,RocambolePrison,1869,narrative,novel,policier,n.av.,n.av.,heterodiegetic,publicdomain,urban,male,n.av.,n.av.,n.av.,1860s
rd1169,rd1169,rd1169,193503,Ponson,male,ExploitsRocambole1,1859,narrative,novel,policier,n.av.,n.av.,heterodiegetic,publicdomain,urban,male,n.av.,n.av.,n.av.,1850s
rd1170,rd1170,rd1170,101314,Ponson,male,ExploitsRocambole2,1859,narrative,novel,policier,n.av.,n.av.,heterodiegetic,publicdomain,urban,male,n.av.,n.av.,n.av.,1850s
rd1171,rd1171,rd1171,80480,Ponson,male,ExploitsRocambole3,1859,narrative,novel,policier,n.av.,n.av.,heterodiegetic,publicdomain,urban,male,n.av.,n.av.,n.av.,1850s
rd1172,rd1172,rd1172,55200,Ponson,male,MiseresLondres1,1868,narrative,novel,policier,n.av.,n.av.,heterodiegetic,publicdomain,urban,male,n.av.,n.av.,n.av.,1860s
rd1173,rd1173,rd1173,71386,Ponson,male,MiseresLondres2,1868,narrative,novel,policier,n.av.,n.av.,heterodiegetic,publicdomain,urban,n.av.,n.av.,n.av.,n.av.,1860s
rd1174,rd1174,rd1174,60976,Ponson,male,MiseresLondres3,1868,narrative,novel,policier,n.av.,n.av.,heterodiegetic,publicdomain,urban,male,n.av.,n.av.,n.av.,1860s
rd1175,rd1175,rd1175,93877,Ponson,male,MiseresLondres4,1868,narrative,novel,policier,n.av.,n.av.,heterodiegetic,publicdomain,urban,male,n.av.,n.av.,n.av.,1860s
rd1176,rd1176,rd1176,80319,Ponson,male,ResurrectionRocambole1,1866,narrative,novel,policier,n.av.,n.av.,heterodiegetic,publicdomain,urban,male,n.av.,n.av.,n.av.,1860s
rd1177,rd1177,rd1177,173238,Ponson,male,ResurrectionRocambole2,1866,narrative,novel,policier,n.av.,n.av.,heterodiegetic,publicdomain,urban,male,n.av.,n.av.,n.av.,1860s
rd1178,rd1178,rd1178,69497,Ponson,male,ResurrectionRocambole3,1866,narrative,novel,policier,n.av.,n.av.,heterodiegetic,publicdomain,urban,male,n.av.,n.av.,n.av.,1860s
rd1179,rd1179,rd1179,161983,Ponson,male,TestamentGrainDeSel,1862,narrative,novel,policier,n.av.,n.av.,heterodiegetic,publicdomain,urban,male,n.av.,n.av.,n.av.,1860s
rd1184,rd1184,rd1184,104129,Boisgobey,male,RubisOngle,1886,narrative,novel,policier,n.av.,n.av.,heterodiegetic,publicdomain,urban,n.av.,n.av.,n.av.,n.av.,1880s
rd1199,rd1199,rd1199,102350,Boisgobey,male,MainFroide,1889,narrative,novel,policier,n.av.,n.av.,n.av.,publicdomain,n.av.,n.av.,n.av.,n.av.,n.av.,1880s
