idno,author,author-gender,title,pub-year,creation,genre,subgenre,series,words,sents,mean,median,stdev
fr0001,Simenon,male,AbriNotreArbre,1977,1976,essay,autobiography,dicts,41786,2237,18.6794814484,16,12.9371643998
fr0002,Simenon,male,AQuoiBonJurer,1979,1977,essay,autobiography,dicts,38984,2670,14.6007490637,12,12.1859561598
fr0003,Simenon,male,PorteFenetre,1978,1977,essay,autobiography,dicts,46029,2484,18.5301932367,16,11.9441591165
fr0004,Simenon,male,CaveGrenier,1977,1976,essay,autobiography,dicts,43861,2345,18.7040511727,16,13.4856254754
fr0005,Simenon,male,TracesPas,1975,1974,essay,autobiography,dicts,88954,5859,15.1824543437,13,10.2988287728
fr0006,Simenon,male,Destinees,1981,1979,essay,autobiography,dicts,42466,1872,22.6848290598,20,14.8264181725
fr0007,Simenon,male,JeMeSouviens,1945,1941,essay,autobiography,dicts,65969,4772,13.8241827326,10,12.5031386614
fr0008,Simenon,male,ResteEnfantChoeur,1979,1977,essay,autobiography,dicts,39693,2146,18.4962721342,17,11.8389013577
fr0009,Simenon,male,JourNuit,1981,1979,essay,autobiography,dicts,37888,1741,21.7622056289,21,13.5065570718
fr0010,Simenon,male,FemmeEndormie,1981,1979,essay,autobiography,dicts,37336,1673,22.3167961745,21,12.9940005934
fr0011,Simenon,male,MainDansMain,1978,1976,essay,autobiography,dicts,41396,2197,18.8420573509,16,12.5699172334
fr0012,Simenon,male,PrixHomme,1980,1978,essay,autobiography,dicts,44079,2209,19.9542779538,18,13.2578355945
fr0013,Simenon,male,LibertesReste,1981,1978,essay,autobiography,dicts,38122,1816,20.9922907489,20,12.5925186706
fr0014,Simenon,male,PetitsHommes,1976,1975,essay,autobiography,dicts,39230,2304,17.0269097222,15,11.9296318529
fr0015,Simenon,male,LettreMere,1974,1974,essay,autobiography,dicts,19050,1191,15.9949622166,14,10.618487821
fr0016,Simenon,male,SoixanteQuinzeAns,1980,1978,essay,autobiography,dicts,45064,2386,18.8868398994,17,12.3850531616
fr0017,Simenon,male,PointVirgule,1979,1977,essay,autobiography,dicts,48871,2645,18.4767485822,16,12.028633451
fr0018,Simenon,male,QuandEtaisVieux,1970,1963,essay,autobiography,dicts,122793,8955,13.7122278057,11,11.292929314
fr0019,Simenon,male,QuandVientFroid,1980,1978,essay,autobiography,dicts,39444,2193,17.9863201094,16,12.0557602053
fr0020,Simenon,male,TantVivant,1978,1976,essay,autobiography,dicts,42890,2116,20.2693761815,18,13.0810411226
fr0021,Simenon,male,BancSoleil,1977,1976,essay,autobiography,dicts,55516,2711,20.4780523792,18,14.0726948114
fr0022,Simenon,male,HommeCommeAutre,1975,1974,essay,autobiography,dicts,99486,6704,14.839797136,13,10.1536961283
fr0023,Simenon,male,VacancesObligatoires,1978,1976,essay,autobiography,dicts,43497,2342,18.572587532,16,13.0718170011
fr0024,Simenon,male,VentNordSud,1976,1975,essay,autobiography,dicts,57165,3072,18.6083984375,16,13.3872838758
rv0002,Simenon,male,HommePetitChien,1964,1964,novel,psychological,durs,46249,3502,13.2064534552,10,10.3734622504
rv0004,Simenon,male,OursPeluche,1960,1960,novel,psychological,durs,40746,2835,14.3724867725,11,11.111946857
rv0005,Simenon,male,JumentPerdue,1948,1948,novel,psychological,durs,54325,4185,12.9808841099,10,10.6659102636
rv0006,Simenon,male,MaisonSeptFilles,1941,1941,novel,psychological,durs,29412,3107,9.4663662697,7,8.6367012635
rv0008,Simenon,male,MortBelle,1952,1951,novel,policier,durs,48464,3525,13.7486524823,10,11.1480470077
rv0011,Simenon,male,Porte,1962,1962,novel,psychological,durs,39565,2911,13.5915492958,10,10.9845672965
rv0013,Simenon,male,VeriteBebeDonge,1942,1942,novel,policier,durs,43252,4189,10.3251372643,8,8.5338297633
rv0014,Simenon,male,JumentPerdue,1948,1948,novel,psychological,durs,60722,4942,12.2869283691,9,10.2795323347
rv0016,Simenon,male,CoupLune,1933,1933,novel,psychological,durs,43317,3698,11.7136289886,9,9.2285114015
rv0017,Simenon,male,FuiteMonde,1945,1945,novel,psychological,durs,43187,3125,13.81984,9,13.8835334974
rv0018,Simenon,male,Horloger,1954,1954,novel,psychological,durs,47625,3242,14.690006169,11,11.4350276318
rv0019,Simenon,male,Negre,1957,1957,novel,psychological,durs,44310,3012,14.7111553785,11,11.9619347735
rv0020,Simenon,male,Dimanche,1958,1958,novel,psychological,durs,43521,2748,15.8373362445,13,11.7142451956
rv0021,Simenon,male,Betty,1961,1961,novel,psychological,durs,38078,3026,12.5836087244,9,10.1389446171
rv0022,Simenon,male,MortAuguste,1966,1966,novel,psychological,durs,40755,2797,14.5709688952,11,11.4929081158
rv0043,Simenon,male,TrainVenise,1965,1965,novel,psychological,durs,41780,2635,15.8557874763,12,13.0371997209
rv0044,Simenon,male,Vieille,1959,1959,novel,psychological,durs,43699,3308,13.2100967352,9,11.4493387913
rv0045,Simenon,male,Prison,1967,1967,novel,psychological,durs,44292,4755,9.3148264984,7,7.3374957798
rv0046,Simenon,male,Demenagement,1967,1967,novel,psychological,durs,41107,3600,11.4186111111,8,8.9407331457
rv0047,Simenon,male,DestinMalou,1947,1947,novel,psychological,durs,57045,4473,12.7531857814,10,10.2446653068
rv0048,Simenon,male,FondBouteille,1949,1949,novel,psychological,durs,48258,4389,10.995215311,9,9.0114089293
rv0049,Simenon,male,Locataire,1934,1934,novel,psychological,durs,42722,4190,10.1961813842,8,7.961493529
rv0050,Simenon,male,Temoins,1955,1955,novel,psychological,durs,50352,3299,15.2628069112,12,11.9012704523
rv0051,Simenon,male,TempsAnais,1951,1951,novel,psychological,durs,47974,3865,12.4124191462,9,11.0358770903
rv0052,Simenon,male,RelaisAlsace,1931,1931,novel,psychological,durs,37575,3842,9.7800624675,8,7.7716156348
rv0053,Simenon,male,RapportGendarme,1944,1944,novel,psychological,durs,43124,3940,10.945177665,8,9.453763497
rv0054,Simenon,male,PassagerPolarlys,1932,1932,novel,psychological,durs,39447,3520,11.2065340909,8,9.1899903816
rv0055,Simenon,male,AnneauxBicetre,1963,1963,novel,psychological,durs,74202,5305,13.9871819039,11,10.4729905148
rv0057,Simenon,male,Complices,1956,1956,novel,psychological,durs,43961,2975,14.7768067227,11,11.9184314526
rv0058,Simenon,male,DemoisellesConcarneau,1936,1936,novel,psychological,durs,36495,3314,11.0123717562,8,9.0727046048
rv0059,Simenon,male,EncoreNoisetiers,1969,1969,novel,psychological,durs,43948,4081,10.768929184,9,7.7498741241
rv0064,Simenon,male,BourgmestreFurnes,1939,1938,novel,psychological,durs,60722,4942,12.2869283691,9,10.2795323347
rv0067,Simenon,male,Malempin,1940,1940,novel,psychological,durs,41328,3122,13.2376681614,10,10.7623809523
rv0069,Simenon,male,QuartierNegre,1935,1935,novel,psychological,durs,41862,3899,10.736599128,8,9.1216520636
rv0072,Simenon,male,MonsieurLaSouris,1937,1937,novel,policier,durs,43022,3458,12.4412955466,9,10.1902745541
rv0076,Simenon,male,TouristeBananes,1938,1938,novel,psychological,durs,49187,4104,11.9851364522,8,11.2994213712
rv0077,Simenon,male,NouveauVille,1950,1950,novel,psychological,durs,51819,3417,15.1650570676,11,12.517461118
rv0078,Simenon,male,AntoineJulie,1953,1953,novel,psychological,durs,55136,4115,13.3987849332,10,11.1647618057
rv0079,Simenon,male,LongCours,1936,1936,novel,psychological,durs,102498,9722,10.542892409,8,8.6405547726
rv0080,Simenon,male,VoyageurToussaint,1941,1941,novel,psychological,durs,74898,6169,12.1410277192,9,10.0025228288
rv0001,Simenon,male,Ecluse,1933,1933,novel,policier,maigr,37701,3396,11.101590106,8,8.9884750088
rv0003,Simenon,male,InspecteurCadavre,1944,1943,novel,policier,maigr,44714,3953,11.3114090564,8,9.6620566702
rv0007,Simenon,male,MaisonJuge,1942,1940,novel,policier,maigr,40652,4158,9.7768157768,8,7.9892737893
rv0009,Simenon,male,NuitCarrefour,1931,1931,novel,policier,maigr,36121,3744,9.6477029915,7,7.7713436494
rv0010,Simenon,male,PatienceMaigret,1965,1965,novel,policier,maigr,40004,3415,11.7142020498,9,9.8802057643
rv0012,Simenon,male,Felicie,1944,1942,novel,policier,maigr,37771,3483,10.8443870227,7,10.3414801839
rv0015,Simenon,male,ChienJaune,1931,1931,novel,policier,maigr,37903,3801,9.9718495133,8,7.9405510803
rv0023,Simenon,male,MaigretEcole,1954,1954,novel,policier,maigr,46214,3909,11.8224609875,9,8.7589706663
rv0024,Simenon,male,MaigreVoleur,1961,1961,novel,policier,maigr,37352,3165,11.8015797788,9,9.7274288844
rv0025,Simenon,male,MonsieurGallet,1931,1931,novel,policier,maigr,44035,3115,14.1364365971,10,12.4406909436
rv0026,Simenon,male,MaigretHesite,1968,1968,novel,policier,maigr,44573,3364,13.25,10,11.7860529186
rv0027,Simenon,male,MaigretClient,1962,1962,novel,policier,maigr,36428,3395,10.7298969072,8,8.840683096
rv0028,Simenon,male,MaigretLognon,1952,1952,novel,policier,maigr,44900,4086,10.988742046,8,9.1685618403
rv0029,Simenon,male,MaigretNewYork,1947,1947,novel,policier,maigr,50992,3345,15.244245142,11,13.9634741515
rv0030,Simenon,male,PietrLetton,1931,1930,novel,policier,maigr,39855,3675,10.8448979592,8,8.9091803426
rv0031,Simenon,male,AffaireNahour,1966,1966,novel,policier,maigr,41399,3186,12.9940364093,9,11.4567458985
rv0032,Simenon,male,FolleMaigret,1970,1970,novel,policier,maigr,41422,4092,10.1226783969,9,6.8287317693
rv0033,Simenon,male,TeteHomme,1931,1931,novel,policier,maigr,40085,3088,12.9808937824,10,10.8997117055
rv0034,Simenon,male,MaigretFlamands,1932,1932,novel,policier,maigr,34963,3048,11.4708005249,8.5,10.3656477826
rv0035,Simenon,male,FouBergerac,1932,1932,novel,policier,maigr,36165,3268,11.0664014688,8,9.5521917304
rv0036,Simenon,male,MaigretMort,1947,1947,novel,policier,maigr,54650,4678,11.6823428816,9,10.3494516951
rv0037,Simenon,male,AmieMmeMaigret,1950,1950,novel,policier,maigr,48116,3727,12.9101153743,10,9.5272600945
rv0038,Simenon,male,MaigretGrandePerche,1951,1951,novel,policier,maigr,41900,4074,10.2847324497,8,8.3507678745
rv0039,Simenon,male,ScrupulesMaigret,1957,1957,novel,policier,maigr,45492,3377,13.4711282203,11,10.0074806932
rv0040,Simenon,male,ConfidenceMaigret,1959,1959,novel,policier,maigr,39599,2736,14.4733187135,10,13.6655975762
rv0041,Simenon,male,MaigretAssises,1959,1959,novel,policier,maigr,38158,2701,14.1273602369,11,10.1932491413
rv0042,Simenon,male,MaigretVieillards,1960,1960,novel,policier,maigr,38328,3149,12.1714830105,9,9.5825771952
rv0056,Simenon,male,VacancesMaigret,1948,1948,novel,policier,maigr,50127,4480,11.1890625,9,8.7620944993
rv0060,Simenon,male,Maigret,1934,1934,novel,policier,maigr,34821,3231,10.7771587744,9,7.9397989133
rv0061,Simenon,male,LibertyBar,1932,1932,novel,policier,maigr,34698,3874,8.9566339701,7,7.2212385819
rv0062,Simenon,male,MaigretClochard,1963,1963,novel,policier,maigr,35264,3400,10.3717647059,8,8.4637998943
rv0063,Simenon,male,EchecMaigret,1956,1956,novel,policier,maigr,37173,3816,9.7413522013,7,8.592933122
rv0065,Simenon,male,MaigretFantome,1964,1964,novel,policier,maigr,38315,3228,11.8695786865,9,9.2335471519
rv0066,Simenon,male,SignePicpus,1944,1941,novel,policier,maigr,38481,3785,10.1667107001,7,9.1532065622
rv0068,Simenon,male,MaigretTendPiege,1955,1955,novel,policier,maigr,40095,3293,12.1758275129,9,10.2146295334
rv0070,Simenon,male,MaigretCoroner,1949,1949,novel,policier,maigr,42471,3722,11.4108006448,9,8.9774762309
rv0071,Simenon,male,MaigretPeur,1953,1953,novel,policier,maigr,42788,3988,10.7291875627,8,8.9961197833
rv0073,Simenon,male,CecileMorte,1942,1940,novel,policier,maigr,42843,3992,10.7322144289,8,9.0941514991
rv0074,Simenon,male,Maigret tueur,1969,1969,novel,policier,maigr,44020,4216,10.4411764706,8,8.0299104599
rv0075,Simenon,male,MonAmiMaigret,1949,1949,novel,policier,maigr,46512,4255,10.9311398355,8,8.700079338
rv0145,Mirbeau,male,JournalFemmeChambre,1900,1900,novel,blanche,autre,116728,11721,9.9588772289,7,9.7654874547
rv0397,LeRouge,male,Conspiration3,1900,1900,novel,blanche,autre,76839,5235,14.6779369628,12,10.9669382604
rv0398,LeRouge,male,Conspiration2,1900,1900,novel,blanche,autre,73465,5090,14.4332023576,11,11.7156704019
rv0399,LeRouge,male,Conspiration1,1900,1900,novel,blanche,autre,75405,4733,15.9317557574,13,12.1719922933
rv0486,LeRougeGuitton,male,Conspiration4,1900,1900,novel,blanche,autre,78959,5350,14.7586915888,12,10.8164418877
rv0702,Colette,female,ClaudineEcole,1900,1900,novel,blanche,autre,78665,5207,15.1075475322,11,14.1103757137
rv0704,Colette,female,ClaudineParis,1901,1901,novel,blanche,autre,55711,4805,11.5943808533,9,10.4510797184
rv0789,Verne,male,ChasseMeteoreV1,1901,1901,novel,blanche,autre,61674,3849,16.0233826968,13,13.3365795174
rv0322,Allais,male,CaptainCap,1902,1902,novel,blanche,autre,39154,3255,12.0288786482,8,11.932005076
rv0385,LeRouge,male,Sousmarin,1902,1902,novel,blanche,autre,47507,3824,12.4233786611,10,10.4404261106
rv0400,LeRougeGuitton,male,PrincesseAirs2,1902,1902,novel,blanche,autre,81050,4526,17.9076447194,15,12.3148900483
rv0401,LeRougeGuitton,male,PrincesseAirs1,1902,1902,novel,blanche,autre,80138,4596,17.4364664926,15,12.5138778334
rv0703,Colette,female,ClaudineMenage,1902,1902,novel,blanche,autre,51021,4237,12.0417748407,9,10.8601251862
rv0324,Colette,female,ClaudineSenVa,1903,1903,novel,blanche,autre,42111,3852,10.9322429907,8,10.5078879957
rv0785,Verne,male,BoursesVoyage,1903,1903,novel,blanche,autre,105857,6627,15.9735928776,14,12.3026223296
rv1120,Leroux,male,DoubleVie,1903,1903,novel,policier,autre,93729,6098,15.3704493276,11,14.5996769339
rv0392,LeRouge,male,EsclaveAmoureuse,1904,1904,novel,blanche,autre,25154,1582,15.9001264223,12,12.7589293482
rv0771,Rolland,male,JeanChristophe01,1904,1904,novel,blanche,autre,41210,2556,16.1228482003,12,14.0159118394
rv0772,Rolland,male,JeanChristophe02,1904,1904,novel,blanche,autre,41444,2425,17.0903092784,13,14.7254632156
rv0773,Rolland,male,JeanChristophe03,1904,1904,novel,blanche,autre,55020,3802,14.4713308785,10,13.7442769407
rv0850,Verne,male,MaitreMonde,1904,1904,novel,blanche,autre,52764,3115,16.9386837881,15,11.5346819981
rv0170,Verne,male,InvasionMer,1905,1905,novel,blanche,autre,64749,3277,19.7586206897,18,13.6488065538
rv0390,LeRouge,male,EspionneLama,1905,1905,novel,blanche,autre,47283,3066,15.4217221135,13,11.7685290374
rv0688,Bourget,male,DeuxSoeurs,1905,1905,novel,blanche,autre,49609,3075,16.1330081301,13,13.6832530682
rv0774,Rolland,male,JeanChristophe04,1905,1905,novel,blanche,autre,97825,5878,16.6425654985,12,15.1091865394
rv0386,LeRouge,male,ReineElephants,1906,1906,novel,blanche,autre,41203,2330,17.6836909871,15,13.1491914642
rv0712,Colette,female,RetraiteSentimentale,1907,1907,novel,blanche,autre,44638,3433,13.0026216137,9,12.7000964054
rv1042,Leblanc,male,GentlemanCambrioleur,1907,1907,novel,policier,autre,61356,4865,12.6117163412,9,10.6578819915
rv1054,Leroux,male,MystereChambre,1907,1907,novel,policier,autre,91832,5775,15.9016450216,11,16.0479375723
rv0387,LeRouge,male,PrisonnierMars,1908,1908,novel,blanche,autre,67962,3230,21.0408668731,18,15.4682998076
rv0715,Colette,female,VrillesVigne,1908,1908,short_story,blanche,autre,30557,2255,13.5507760532,9,12.4865148749
rv0775,Rolland,male,JeanChristophe05,1908,1908,novel,blanche,autre,69751,3958,17.6227892875,13,15.8678045719
rv0776,Rolland,male,JeanChristophe06,1908,1908,novel,blanche,autre,37809,1872,20.1971153846,15,17.2632685317
rv0777,Rolland,male,JeanChristophe07,1908,1908,novel,blanche,autre,59161,3556,16.636951631,12,15.8816126371
rv0790,Verne,male,ChasseMeteoreV2,1908,1908,novel,blanche,autre,72821,4608,15.8031684028,13,12.7250783954
rv1121,Leroux,male,ParfumDameNoir,1908,1908,novel,policier,autre,103222,7410,13.9300944669,9,14.3398117469
rv0173,Verne,male,NaufragesJonathan,1909,1909,novel,blanche,autre,151516,9375,16.1617066667,13,12.1795581866
rv0384,LeRouge,male,GuerreVampires,1909,1909,novel,blanche,autre,74048,3410,21.7149560117,20,14.1478259342
rv0708,Colette,female,IngenueLibertine,1909,1909,novel,blanche,autre,53307,4698,11.346743295,8,10.374471681
rv1037,Leblanc,male,AiguilleCreuse,1909,1909,novel,policier,autre,64717,8341,7.7589018103,6,5.5873586867
rv1122,Leroux,male,RoiMystere,1909,1909,novel,policier,autre,154287,9829,15.6971207651,10,16.0960001784
rv1128,Leroux,male,FauteuilHanté,1909,1909,novel,policier,autre,52971,4179,12.6755204594,8,12.9501040152
rv0206,Audoux,female,MarieClaire,1910,1910,novel,blanche,autre,37614,2246,16.7471059662,15,10.6268439014
rv0338,Delly,mixed,EsclaveReine,1910,1910,novel,blanche,autre,41569,2991,13.8980274156,11,11.5433550839
rv0360,Galopin,male,GreenPark,1910,1910,novel,policier,autre,36964,3173,11.6495430192,8,10.4629415495
rv0573,Roussel,female,ImpressionsAfrique,1910,1910,novel,blanche,autre,85784,3405,25.1935389134,24,14.437016563
rv0778,Rolland,male,JeanChristophe08,1910,1910,novel,blanche,autre,58997,4068,14.5027040315,10,13.207936984
rv1044,Leblanc,male,HuitCentTreize,1910,1910,novel,policier,autre,113953,15512,7.3461191336,6,5.3437694555
rv0578,SouvAllain,male,MainCoupee,1911,1911,novel,policier,autre,94701,6618,14.3096101541,10,12.4140843642
rv0585,SouvAllain,male,JuveFantomas,1911,1911,novel,policier,autre,87907,7245,12.1334713596,8,11.8787405322
rv0604,SouvAllain,male,RoiPrisonnier,1911,1911,novel,policier,autre,81465,6466,12.5989792762,9,11.8077126287
rv0745,Leroux,male,ReineSabbat,1911,1911,novel,policier,autre,221392,15361,14.4126033461,10,14.9648741775
rv0779,Rolland,male,JeanChristophe09,1911,1911,novel,blanche,autre,66479,4548,14.6171943712,11,12.9813523603
rv1041,Leblanc,male,Frontiere,1911,1911,novel,policier,autre,58020,4923,11.7854966484,8,10.5465267737
rv1123,Leroux,male,Balaoo,1911,1911,novel,policier,autre,100306,7279,13.7801895865,9,13.7754064237
rv0321,Allais,male,Boomerang,1912,1912,novel,blanche,autre,25324,2166,11.6915974146,7,12.7071567048
rv0579,SouvAllain,male,MariageFantomas,1912,1912,novel,policier,autre,105196,6622,15.8858350951,12,12.7272083339
rv0580,SouvAllain,male,TrainPerdu,1912,1912,novel,policier,autre,90669,6269,14.4630722603,11,11.8292654199
rv0581,SouvAllain,male,SouliersMort,1912,1912,novel,policier,autre,103318,8399,12.3012263365,9,10.2515213218
rv0587,SouvAllain,male,EvadeeSaintLazare,1912,1912,novel,policier,autre,94556,6163,15.3425279896,12,12.7731484759
rv0603,SouvAllain,male,GuepeRouge,1912,1912,novel,policier,autre,99802,7202,13.8575395723,11,11.2444983962
rv0780,Rolland,male,JeanChristophe10,1912,1912,novel,blanche,autre,60132,4278,14.0561009818,10,12.5587775235
rv1038,Leblanc,male,BouchonCristal,1912,1912,novel,policier,autre,76116,6386,11.9191982462,8,11.4099114768
rv0326,Delly,mixed,EntreDeuxAmes,1913,1913,novel,blanche,autre,63507,4537,13.9975754904,11,11.4483341072
rv0394,LeRouge,male,MysterieuxDrCornelius3,1913,1913,novel,blanche,autre,137628,8897,15.469034506,12,12.1954582936
rv0395,LeRouge,male,MysterieuxDrCornelius2,1913,1913,novel,blanche,autre,106127,6290,16.8723370429,13,13.6065920071
rv0396,LeRouge,male,MysterieuxDrCornelius1,1913,1913,novel,blanche,autre,126400,7392,17.0995670996,15,12.8070656494
rv0582,SouvAllain,male,FaiseurReines,1913,1913,novel,policier,autre,121822,8343,14.6017020257,11,13.0026572111
rv0583,SouvAllain,male,CadavreGeant,1913,1913,novel,policier,autre,126976,8309,15.2817426887,11,13.1651216666
rv0584,SouvAllain,male,VoleurOr,1913,1913,novel,policier,autre,125418,9610,13.050780437,9,11.8954744372
rv0851,Proust,male,CombrayR1a,1913,1913,novel,blanche,autre,92630,2467,37.5476286988,27,38.0300009237
rv0852,Proust,male,AmourSwannR1b,1913,1913,novel,blanche,autre,89658,2639,33.9742326639,23,34.940669942
rv0853,Proust,male,JeunesFillesR2a,1913,1913,novel,blanche,autre,74486,2281,32.6549758878,24,29.6318893622
rv0854,Proust,male,JeunesFillesR2b,1913,1913,novel,blanche,autre,70525,1933,36.4847387481,26,34.948449212
rv0855,Proust,male,JeunesFillesR2c,1913,1913,novel,blanche,autre,79183,2199,36.008640291,27,32.8482727154
rv1124,Leroux,male,RouletabilleTsar,1913,1913,novel,policier,autre,106362,7510,14.1627163782,10,14.4340419145
rv0575,Roussel,male,LocusSolus,1914,1914,novel,blanche,autre,80575,2935,27.4531516184,26,18.2207110974
rv1049,Leroux,male,ChateauNoir,1914,1914,novel,policier,autre,114716,8145,14.08422345,9,14.5921690054
rv0743,Leroux,male,EtrangesNoces,1916,1916,novel,policier,autre,83208,5969,13.9400234545,9,14.256925722
rv1140,Leblanc,male,EclatObus,1916,1916,novel,policier,autre,80981,6295,12.8643367752,9,11.6835025785
rv1047,Leroux,male,BatailleInvisible,1917,1917,novel,policier,autre,92356,5298,17.4322385806,12,17.4818364113
rv1048,Leroux,male,CapitaineHyx,1917,1917,novel,policier,autre,85400,5280,16.1742424242,11,16.3475029194
rv1052,Leroux,male,RouletabilleKrupp,1917,1917,novel,policier,autre,58877,3957,14.8792014152,10,15.2623942042
rv1126,Leroux,male,HommeRevientLoin,1917,1917,novel,policier,autre,65446,3977,16.4561227056,11,15.9568076912
rv1144,Leblanc,male,CercleRouge,1917,1917,novel,policier,autre,69064,5363,12.8778668656,10,10.2790000137
rv0201,Rolland,male,ColasBreugnon,1919,1919,novel,blanche,autre,75400,5836,12.9198080877,9,13.3278020224
rv0406,Loti,male,PrimeJeunesse,1919,1919,novel,blanche,autre,39507,1280,30.86484375,27,25.1930920897
rv0685,Bourget,male,LaurenceAlbani,1919,1919,novel,blanche,autre,48231,3504,13.7645547945,10,12.7747069874
rv0748,Loti,male,PrimeJeunesse,1919,1919,novel,blanche,autre,38641,1113,34.7178796047,32,24.9381159355
rv1142,Leblanc,male,TroisYeux,1919,1919,novel,blanche,autre,61721,4088,15.0980919765,11,13.5206197634
rv0156,Proust,male,GuermantesR3a,1920,1920,novel,blanche,autre,74947,2077,36.0842561387,26,34.0585342182
rv0157,Proust,male,GuermantesR3b,1920,1920,novel,blanche,autre,84148,3322,25.3305237809,19,23.0741226687
rv0158,Proust,male,GuermantesR3c,1920,1920,novel,blanche,autre,89269,3219,27.7319043181,20,26.5707635931
rv0208,Audoux,female,Atelier,1920,1920,novel,blanche,autre,58128,3782,15.3696456901,13,9.9829738096
rv1141,Leblanc,male,IleTrenteCercueils,1920,1920,novel,policier,autre,94434,7640,12.3604712042,8,11.7154821174
rv0159,Proust,male,SodomeR4a,1921,1921,novel,blanche,autre,112695,4148,27.168514947,20,28.1243330921
rv0160,Proust,male,SodomeR4c,1921,1921,novel,blanche,autre,114239,4753,24.0351357038,17,22.5737826756
rv1143,Leblanc,male,FormidableEvenement,1921,1921,novel,blanche,autre,57559,4055,14.1945745993,10,12.8799587258
rv0361,Galopin,male,MemoiresCambrioleur,1922,1922,novel,policier,autre,123321,10147,12.1534443678,9,10.7047609814
rv0710,Colette,female,MaisonClaudine,1922,1922,novel,blanche,autre,37620,2410,15.6099585062,11,14.1502805713
rv0744,Leroux,male,RouletabilleBohémiens,1922,1922,novel,policier,autre,129482,8868,14.601037438,9,15.9852578906
rv0762,MduGard,male,Thibault1,1922,1922,novel,blanche,autre,34974,2860,12.2286713287,9,12.3831100987
rv0763,MduGard,male,Thibault2,1922,1922,novel,blanche,autre,53208,4246,12.5313235987,9,12.311578805
rv0161,Proust,male,PrisonniereR5a,1923,1923,novel,blanche,autre,83844,2716,30.8703976436,24,27.0581682639
rv0162,Proust,male,PrisonniereR5b,1923,1923,novel,blanche,autre,88856,3110,28.5710610932,20,28.2618998384
rv0388,LeRouge,male,AventuresToddMarvel2,1923,1923,short_novels,policier,autre,100687,5962,16.8881247903,14,12.7955196686
rv0389,LeRouge,male,DameNoire,1923,1923,novel,policier,autre,51012,3496,14.5915331808,12,10.4431925943
rv0391,LeRouge,male,AventuresToddMarvel1,1923,1923,short_novels,policier,autre,104579,6133,17.0518506441,14,12.9853453221
rv0701,Colette,female,BleHerbe,1923,1923,novel,blanche,autre,32528,2413,13.4803149606,9,12.8213895272
rv0764,MduGard,male,Thibault3,1923,1923,novel,blanche,autre,90156,7557,11.9301310044,8,12.6393102965
rv1043,Leblanc,male,HuitCoups,1923,1923,short_story,policier,autre,69138,5514,12.5386289445,9,10.8210982948
rv1053,Leroux,male,MachineAssassiner,1923,1923,novel,policier,autre,70483,4601,15.3190610737,9,17.5731440541
rv1055,Leroux,male,Poupee,1923,1923,novel,policier,autre,71391,7165,9.9638520586,9,6.532282149
rv1050,Leroux,male,Tenebreuses1FinMonde,1924,1924,novel,policier,autre,87440,6231,14.0330605039,10,13.5642883957
rv0163,Proust,male,AlbertineR6,1925,1925,novel,blanche,autre,115730,3551,32.5908194875,26,28.3690252585
rv1051,Leroux,male,FilsTroisPeres,1925,1925,novel,policier,autre,111742,12797,8.7318902868,8,5.8780495408
rv1056,Leroux,male,Tenebreuses2SangNeva,1925,1925,novel,policier,autre,87318,6412,13.6179039301,10,12.9911425787
rv0207,Audoux,female,VilleMoulin,1926,1926,novel,blanche,autre,65202,3837,16.9929632525,15,11.4987938315
rv0224,Bernanos,male,SoleilSatan,1926,1926,novel,blanche,autre,98114,7178,13.6687099471,10,12.0057348622
rv0363,Galopin,male,Aviateur,1926,1926,novel,blanche,autre,198403,19437,10.2074908679,8,8.154127621
rv0383,Galopin,male,Aviateur2,1926,1926,novel,blanche,autre,235921,24651,9.5704433897,8,7.5874585737
rv0686,Bourget,male,DanseurMondain,1926,1926,novel,blanche,autre,48002,3668,13.086695747,9,12.5709158578
rv0707,Colette,female,FinDeCheri,1926,1926,novel,blanche,autre,37831,3004,12.5935419441,9,11.4777721082
rv0164,Proust,male,TempsRetrouveR7a,1927,1927,novel,blanche,autre,71686,2310,31.0329004329,24,27.2653269146
rv0165,Proust,male,TempsRetrouveR7b,1927,1927,novel,blanche,autre,79498,2092,38.0009560229,30,31.7207129802
rv0222,Bernanos,male,Imposture,1927,1927,novel,blanche,autre,87316,6014,14.5187894912,10,13.5474714801
rv1145,Leblanc,male,DemoiselleYeuxVerts,1927,1927,novel,policier,autre,68112,5537,12.3012461622,9,11.1068295117
rv0362,Galopin,male,Bacille,1928,1928,novel,blanche,autre,40102,2655,15.1043314501,12,12.6600651871
rv0381,LeRouge,male,ValleeDesespoir,1928,1928,novel,blanche,autre,47862,2290,20.9004366812,18,15.15306618
rv0711,Colette,female,NaissanceJour,1928,1928,novel,blanche,autre,37940,2419,15.6841670112,12,13.4024841995
rv0765,MduGard,male,Thibault4,1928,1928,novel,blanche,autre,30528,2320,13.1586206897,9,13.4009718444
rv0766,MduGard,male,Thibault5,1928,1928,novel,blanche,autre,42285,3873,10.9178931061,8,11.0341568834
rv0713,Colette,female,Seconde,1929,1929,novel,blanche,autre,41037,3988,10.2901203611,7,9.8928224736
rv0767,MduGard,male,Thibault6,1929,1929,novel,blanche,autre,52652,3840,13.7114583333,10,13.8266264097
rv1146,Leblanc,male,DemeureMysterieuse,1929,1929,novel,policier,autre,58910,5390,10.9294990724,7,10.6201161177
rv0489,Giono,male,GrandTroupeau,1931,1931,novel,blanche,autre,67528,6348,10.6376811594,8,9.7543607189
rv1147,Leblanc,male,BarreYVa,1931,1931,novel,policier,autre,53116,4564,11.6380368098,8,11.1705176158
rv1148,Leblanc,male,MinuitSeptHeures,1931,1931,novel,policier,autre,55257,4515,12.238538206,9,11.1016255367
rv0502,Celine,male,VoyageNuit,1932,1932,novel,blanche,autre,193565,13743,14.0846248999,11,12.4451516776
rv0504,Giono,male,SolitudePitie,1932,1932,novel,blanche,autre,36777,2781,13.2243797195,10,11.994305059
rv0576,Roussel,male,NouvellesImpressions,1932,1932,novel,blanche,autre,13425,1595,8.4169278997,8,3.0339503147
rv0436,Renard,male,MaitreLumiere,1933,1933,novel,blanche,autre,91369,6507,14.0416474566,10,13.3937297016
rv0491,Malraux,male,ConditionHumaine,1933,1933,novel,blanche,autre,97516,7803,12.4972446495,9,12.5752620359
rv0546,Queneau,male,Chiendent,1933,1933,novel,blanche,autre,97954,8304,11.7960019268,8,14.1818054692
rv1046,Leblanc,male,Victor,1933,1933,novel,policier,autre,52970,5065,10.4580454097,7,10.2721249874
rv1149,Leblanc,male,FemmeDeuxSourires,1933,1933,novel,policier,autre,63735,5930,10.7478920742,7,10.6328272322
rv0490,Giono,male,ChantMonde,1934,1934,novel,blanche,autre,81243,8106,10.0225758697,8,9.0929682246
rv0687,Bourget,male,Laborantine,1934,1934,novel,blanche,autre,38156,2431,15.6955985191,12,12.4900740994
rv0706,Colette,female,Duo,1934,1934,novel,blanche,autre,32183,2937,10.9577800477,8,10.5211618507
rv1040,Leblanc,male,ChapeletRouge,1934,1934,novel,policier,autre,48035,4406,10.902178847,8,9.8061191384
rv1039,Leblanc,male,CagliostroSeVenge,1935,1935,novel,policier,autre,53716,4670,11.5023554604,8,10.5646523284
rv0525,Celine,male,MortCredit,1936,1936,novel,blanche,autre,231507,31471,7.3562009469,6,5.6984338692
rv0768,MduGard,male,Thibault7a,1936,1936,novel,blanche,autre,136582,9619,14.1991891049,10,14.2458488606
rv0769,MduGard,male,Thibault7b,1936,1936,novel,blanche,autre,143951,10999,13.0876443313,9,13.3696272396
rv0211,Audoux,female,DouceLumiere,1937,1937,novel,blanche,autre,48699,3069,15.8680351906,14,11.1131441416
rv0223,Bernanos,male,Mouchette,1937,1937,novel,blanche,autre,33287,2098,15.8660629171,12,12.6690920385
rv0492,Malraux,male,Espoir,1937,1937,novel,blanche,autre,153343,11602,13.2169453542,10,11.9722534063
rv0547,Queneau,male,Odile,1937,1937,novel,blanche,autre,38431,3140,12.2391719745,9,11.0059535401
rv0553,Queneau,male,EnfantsLimon,1938,1938,novel,blanche,autre,100432,7199,13.9508265037,9,16.3238538001
rv0556,Camus,male,MortHeureuse,1938,1938,novel,blanche,autre,40034,2688,14.8936011905,12,12.1178729965
rv0550,Queneau,male,RudeHiver,1939,1939,novel,blanche,autre,29493,2703,10.9112097669,8,10.3256751486
rv0714,Colette,female,Toutounier,1939,1939,novel,blanche,autre,19490,1982,9.8335015136,7,8.9347069704
rv0770,MduGard,male,Thibault8,1940,1940,novel,blanche,autre,93253,6994,13.3332856734,9,13.59089183
rv0709,Colette,female,JulieDeCarneilhan,1941,1941,novel,blanche,autre,38431,3826,10.0446941976,7,10.0931282655
rv1045,Leblanc,male,MillardsLupin,1941,1941,novel,policier,autre,46960,4215,11.1411625148,8,10.4897510654
rv1220,Malet,male,Johnny,1941,1941,novel,policier,autre,38564,3389,11.3791678961,9,8.7005148224
rv0552,Queneau,male,PierrotMonAmi,1942,1942,novel,blanche,autre,54618,4567,11.9592730458,8,12.0866735647
rv0559,Camus,male,Etranger,1942,1942,novel,blanche,autre,35164,2305,15.2555314534,13,9.7253496605
rv1221,Malet,male,HommeSangBleu,1942,1942,novel,policier,autre,53933,4156,12.9771414822,10,11.6057802759
rv0494,Malraux,male,NoyersAltenburg,1943,1943,novel,blanche,autre,58226,3631,16.0358028091,12,14.8163953196
rv1059,Malet,male,CentVingtRueGare,1943,1943,novel,policier,autre,58284,8254,7.0613036104,6,4.3951172929
rv0220,Duras,female,VieTranquille,1944,1944,novel,blanche,autre,51334,3844,13.3543184183,12,8.5458520026
rv0501,Celine,male,GuignolsBand1,1944,1944,novel,blanche,autre,89010,17721,5.0228542407,4,5.0990623645
rv0536,Celine,male,GuignolsBand2,1944,1944,novel,blanche,autre,180020,35967,5.0051436039,4,4.4784667464
rv1222,Malet,male,AubergeBanlieue,1945,1945,novel,policier,autre,17457,1302,13.4078341014,10,11.9333286164
rv0540,VianSullivan,male,JiraiCracher,1946,1946,novel,policier,autre,35842,3206,11.1796631316,8,9.9525780451
rv0183,Beckett,male,Murphy,1947,1947,novel,blanche,autre,65056,4178,15.5710866443,12,13.7703014953
rv0488,Giono,male,RoiSansDivertissement,1947,1947,novel,blanche,autre,64101,4154,15.4311506981,11,15.0210797885
rv0542,Vian,male,AutomnePekin,1947,1947,novel,blanche,autre,71081,7728,9.1978519669,6,9.3073142136
rv0543,Vian,male,EcumeJours,1947,1947,novel,blanche,autre,53623,5588,9.5960987831,7,9.18129844
rv0545,VianSullivan,male,MortMemePeau,1947,1947,novel,policier,autre,32538,3574,9.1040850588,7,7.5698441642
rv0554,Camus,male,Peste,1947,1947,novel,blanche,autre,88720,5396,16.4418087472,13,13.1017623401
rv0539,VianSullivan,male,OnTueraAffreux,1948,1948,novel,policier,autre,51278,5073,10.1080228662,8,8.5112928482
rv1130,Malet,male,CinquiemeProcede,1948,1948,novel,policier,autre,62403,4664,13.3797169811,10,11.3082921012
rv1131,Malet,male,VieDegueulasse,1948,1948,novel,policier,autre,43761,3985,10.9814303639,8,9.909080102
rv1066,Malet,male,Soleil,1949,1949,novel,policier,autre,40593,3780,10.7388888889,7,10.9274336015
rv1132,Malet,male,Macchabee,1949,1949,novel,policier,autre,29664,2411,12.3036084612,9,10.0217465453
rv1192,Dard,male,ReglezLuiCompte,1949,1949,novel,policier,autre,66983,4928,13.5923295455,11,10.5062016903
rv1223,Malet,male,Sueur,1949,1949,novel,policier,autre,51499,5092,10.1137077769,8,9.5269201745
rv0213,Duras,female,BarragePacifique,1950,1950,novel,blanche,autre,88579,6587,13.447548201,11,10.2600957838
rv0225,Bernanos,male,MauvaisReve,1950,1950,novel,blanche,autre,60390,3888,15.5324074074,12,14.2159990424
rv0538,VianSullivan,male,EllesPasCompte,1950,1950,novel,policier,autre,36225,4045,8.955500618,7,7.9651277983
rv0544,Vian,male,HerbeRouge,1950,1950,novel,blanche,autre,39919,3723,10.722266989,8,10.0110176221
rv1101,Dard,male,LaissezTomber,1950,1950,novel,policier,autre,54508,4699,11.5999148755,10,8.5800046675
rv1224,Malet,male,Cite,1950,1950,novel,policier,autre,20874,1688,12.3661137441,9,12.2205187783
rv0180,Beckett,male,Malone,1951,1951,novel,blanche,autre,52429,2861,18.3254106956,13,17.6397802263
rv0182,Beckett,male,Molloy,1951,1951,novel,blanche,autre,82655,5108,16.1814800313,12,14.6393124521
rv0487,Giono,male,HussardToit,1951,1951,novel,blanche,autre,165451,11728,14.1073499318,11,11.9044622541
rv0493,Giono,male,GrandsChemins,1951,1951,novel,blanche,autre,73094,6369,11.4765269273,9,8.5555892009
rv1250,BoilNarc,male,OmbreProie,1951,1951,novel,policier,autre,45358,5295,8.5661945231,7,7.1171307629
rv0219,Duras,female,MarinGibraltar,1952,1952,novel,blanche,autre,112713,10296,10.9472610723,9,8.3912345275
rv1105,Dard,male,HommagesDonzelle,1952,1952,novel,policier,autre,36908,3309,11.1538229072,9,8.3568909237
rv1225,Malet,male,GangMysterieux,1952,1952,novel,policier,autre,23177,1427,16.2417659425,10,19.7850323675
rv1259,BoilNarc,male,CelleQui,1952,1952,novel,policier,autre,46564,5473,8.5079481089,7,6.7599316093
rv0179,Beckett,male,Innommable,1953,1953,novel,blanche,autre,63089,2335,27.0188436831,14,85.0799930205
rv0199,RobbeGrillet,male,Voyeur,1953,1953,novel,blanche,autre,75782,3750,20.2085333333,17,15.490650315
rv0218,Duras,female,PetitsChevaux,1953,1953,novel,blanche,autre,57875,5544,10.4392135642,9,7.1840561575
rv0541,Vian,male,ArracheCoeur,1953,1953,novel,blanche,autre,54241,5565,9.7468104223,7,10.5161344902
rv1193,Dard,male,PlombTripes,1953,1953,novel,policier,autre,44328,3784,11.7145877378,10,9.0338767341
rv1197,Dard,male,ClientesMorgue,1953,1953,novel,policier,autre,43996,4194,10.4902241297,9,8.1703095316
rv1258,BoilNarc,male,VisagesOmbre,1953,1953,novel,policier,autre,50460,5741,8.7894095105,7,6.8787290069
rv1281,RobbeGrillet,male,Gommes,1953,1953,novel,policier,autre,77222,4845,15.9384932921,12,14.638214764
rv0221,Duras,female,JourneesEntieres,1954,1954,novel,blanche,autre,48064,3598,13.3585325181,10,11.4504211148
rv1133,Malet,male,SoleilNait,1954,1954,novel,policier,autre,49747,5269,9.4414499905,7,8.7060905128
rv1194,Dard,male,PassezMoiJoconde,1954,1954,novel,policier,autre,40763,3769,10.8153356328,9,8.0668715076
rv1257,BoilNarc,male,EntreMorts,1954,1954,novel,policier,autre,48945,5423,9.0254471695,7,7.2028188221
rv0677,Amila,male,BonneTisane,1955,1955,novel,policier,autre,45095,5103,8.8369586518,7,7.3588401155
rv1064,Malet,male,FievreMarais,1955,1955,novel,policier,autre,51041,5010,10.1878243513,7,9.8264811603
rv1134,Malet,male,RatsMontsouris,1955,1955,novel,policier,autre,49065,4545,10.795379538,8,9.7491948044
rv1226,Malet,male,Nuit,1955,1955,novel,policier,autre,56383,5513,10.2272809722,8,9.2031136237
rv1253,BoilNarc,male,Louves,1955,1955,novel,policier,autre,51990,5384,9.6563893016,8,7.5573626093
rv0558,Camus,male,Chute,1956,1956,novel,blanche,autre,31559,2102,15.0137963844,13,11.0936803206
rv0692,Butor,male,EmploiTemps,1956,1956,novel,policier,autre,118223,2594,45.5755589823,20,64.2499326954
rv1135,Malet,male,Corrida,1956,1956,novel,policier,autre,52500,4851,10.8225108225,8,9.2059755564
rv1136,Malet,male,PasDeBavards,1956,1956,novel,policier,autre,63025,5984,10.5322526738,8,9.4216776939
rv1201,Dard,male,Delivrez,1956,1956,novel,policier,autre,33901,3068,11.0498696219,9,7.9031245358
rv1204,Dard,male,BourreauPleure,1956,1956,novel,policier,autre,34976,3424,10.214953271,8,7.2253810654
rv1205,Dard,male,PainFossoyeurs,1956,1956,novel,policier,autre,35242,3356,10.5011918951,9,7.5828164067
rv1208,Dard,male,OnMeurtPas,1956,1956,novel,policier,autre,38535,4004,9.6241258741,8,6.6271719423
rv1227,Malet,male,Brouillard,1956,1956,novel,policier,autre,49891,4383,11.3828428017,8,10.0858010826
rv1255,BoilNarc,male,BoisDormant,1956,1956,novel,policier,autre,24075,1714,14.0460910152,11,11.4419890094
rv1256,BoilNarc,male,MauvaisOeil,1956,1956,novel,policier,autre,32960,3940,8.3654822335,7,6.644636507
rv0195,RobbeGrillet,male,Jalousie,1957,1957,novel,blanche,autre,37341,1860,20.0758064516,17,14.5643974382
rv0500,Celine,male,ChateauLAutre,1957,1957,novel,blanche,autre,112942,22225,5.0817547807,4,4.4762311982
rv0506,Butor,male,Modification,1957,1957,novel,blanche,autre,88345,1848,47.8057359307,30,54.9306196557
rv1137,Malet,male,CassePipe,1957,1957,novel,policier,autre,62481,5975,10.4570711297,8,9.2173634468
rv1138,Malet,male,MicmacMoche,1957,1957,novel,policier,autre,49932,4654,10.7288354104,8,9.1761610564
rv1189,Dard,male,AngesPlumer,1957,1957,novel,policier,autre,37616,3648,10.3114035088,8,7.8603882406
rv1228,Malet,male,Ossements,1957,1957,novel,policier,autre,50079,4598,10.8914745542,8,9.6190921979
rv1229,Malet,male,RebeccaRosiers,1957,1957,novel,policier,autre,57478,5794,9.9202623404,7,9.1653882968
rv1254,BoilNarc,male,Magiciennes,1957,1957,novel,policier,autre,50793,5636,9.0122427253,7,7.709369504
rv0190,Simon,male,Herbe,1958,1958,novel,blanche,autre,62481,1227,50.9217603912,8,144.9332153454
rv0214,Duras,female,ModeratoCantabile,1958,1958,novel,blanche,autre,19372,1712,11.3154205607,9,8.4105266463
rv0537,Giono,male,Angelo,1958,1958,novel,blanche,autre,59568,3772,15.7921527041,13,12.3308604199
rv1206,Dard,male,TueurTriste,1958,1958,novel,policier,autre,33743,3625,9.3084137931,8,6.3536509923
rv1207,Dard,male,SalePeau,1958,1958,novel,policier,autre,30852,2835,10.8825396825,9,7.3633796616
rv1252,BoilNarc,male,IngenieurChiffres,1958,1958,novel,policier,autre,47116,5841,8.0664269817,7,6.2029013089
rv0111,Dard,male,Coma,1959,1959,novel,blanche,autre,35581,3474,10.242084053,9,7.0354683159
rv1139,Malet,male,EnvahissantCadavre,1959,1959,novel,policier,autre,58926,5821,10.1230029205,7,9.6471321411
rv1251,BoilNarc,male,CoeurPerdu,1959,1959,novel,policier,autre,50350,6212,8.105280103,7,6.005137675
rv0192,Simon,male,RouteFlandres,1960,1960,novel,blanche,autre,95070,1281,74.2154566745,12,175.7272177599
rv0503,Celine,male,Nord,1960,1960,novel,blanche,autre,149149,27539,5.4159192418,4,5.0888473518
rv0560,Camus,male,PremierHomme,1960,1960,novel,blanche,autre,88016,4523,19.4596506743,11,27.8873455701
rv1102,Dard,male,SiropGuepes,1960,1960,novel,policier,autre,43041,4248,10.1320621469,8,8.3181912308
rv1191,Dard,male,SanAntonioRenvoie,1960,1960,novel,policier,autre,37722,3666,10.2896890344,8,8.2379431356
rv0196,RobbeGrillet,male,Marienbad,1961,1961,film-script,blanche,autre,43993,3225,13.6412403101,9,14.590619425
rv1106,Dard,male,SanAntonioMac,1961,1961,novel,policier,autre,54281,4685,11.5861259338,9,9.7291220595
rv1203,Dard,male,Accident,1961,1961,novel,policier,autre,35638,3356,10.6191895113,9,7.6002502193
rv1266,BoilNarc,male,Malefices,1961,1961,novel,policier,autre,56913,5812,9.7923262216,8,7.2986665215
rv0187,Simon,male,Palace,1962,1962,novel,blanche,autre,59693,732,81.5478142077,12,154.1898416779
rv1036,Japrisot,male,CompartimentTueurs,1962,1962,novel,policier,autre,58947,4532,13.0068402471,9,12.266700056
rv1062,Malet,male,BurmaEnDirect,1962,1962,novel,policier,autre,57808,5172,11.1771075019,8,10.478772502
rv1269,BoilNarc,male,Maldonne,1962,1962,novel,policier,autre,51238,5332,9.6095273818,8,7.3250415228
rv0660,Ryck,male,HeuresOuvrables,1963,1963,novel,policier,autre,51630,5106,10.1116333725,8,8.1582272794
rv0696,LeClezio,male,ProcesVerbal,1963,1963,novel,blanche,autre,78248,5487,14.2606160015,9,15.6377068273
rv1035,Japrisot,male,Piège pour Cendrillon,1963,1963,novel,policier,autre,49655,4274,11.617922321,9,9.1028165864
rv1195,Dard,male,GalaEmplumes,1963,1963,novel,policier,autre,41177,3968,10.3772681452,8,8.5024639098
rv1209,Dard,male,MarchaitTombe,1963,1963,novel,policier,autre,31237,3352,9.3189140811,8,6.3283297019
rv0212,Duras,female,Ravissement,1964,1964,novel,blanche,autre,39489,3462,11.4064124783,8,10.8846849096
rv0680,Amila,male,LuneOmaha,1964,1964,novel,policier,autre,49057,4725,10.3824338624,8,8.5371016235
rv0681,Amila,male,NocesSoufre,1964,1964,novel,policier,autre,51521,5285,9.7485335856,8,7.7574732929
rv0683,Amila,male,PitieRats,1964,1964,novel,policier,autre,47521,5210,9.1211132438,7,6.8871988621
rv1268,BoilNarc,male,Victimes,1964,1964,novel,policier,autre,51304,5309,9.66359013,8,7.3961851459
rv0200,BoilNarc,male,EtMonTout,1965,1965,novel,blanche,autre,54953,5836,9.4162097327,8,7.4423075383
rv0203,Perec,male,Choses,1965,1965,novel,blanche,autre,29599,1403,21.096935139,14,21.7677892256
rv0505,Giono,male,DeuxCavaliersOrage,1965,1965,novel,blanche,autre,74002,6428,11.5124455507,9,10.7595343774
rv0549,Queneau,male,FleursBleues,1965,1965,novel,blanche,autre,61384,5904,10.3970189702,7,10.5624625168
rv1031,Japrisot,male,DameAuto,1966,1966,novel,policier,autre,85888,10573,8.1233330181,7,4.9719269955
rv0184,Simon,male,Histoire,1967,1967,novel,blanche,autre,113049,1936,58.3930785124,16,102.7162953388
rv0496,Tournier,male,Vendredi,1967,1967,novel,blanche,autre,71013,3617,19.6331213713,18,13.7409799208
rv0670,Ryck,male,FeuVertPoissonsRouges,1967,1967,novel,policier,autre,49593,3354,14.7862254025,13,10.7461038912
rv0695,Perec,male,HommeQuiDort,1967,1967,novel,blanche,autre,25202,980,25.7163265306,16,31.766063569
rv1058,Malet,male,BurmaBercail,1967,1967,novel,policier,autre,55241,4866,11.3524455405,9,10.0204123347
rv1265,BoilNarc,male,MortDit,1967,1967,novel,policier,autre,49037,5795,8.4619499569,7,6.7164994576
rv0664,Ryck,male,PeauTorpedo,1968,1968,novel,policier,autre,43859,3088,14.2030440415,12,10.2631138685
rv0669,Ryck,male,CimetiereDurs,1968,1968,novel,policier,autre,42498,3438,12.3612565445,11,7.7376883268
rv1030,Japrisot,male,AdieuAmi,1968,1968,film-script,policier,autre,37711,4145,9.0979493366,7,7.7816125569
rv1063,Malet,male,DroleEpreuve,1968,1968,novel,policier,autre,52437,4813,10.8948680657,8,9.9923802597
rv0189,Simon,male,Bataille,1969,1969,novel,blanche,autre,72513,2231,32.5024652622,17,74.8396155627
rv0217,Duras,female,Detruire,1969,1969,novel,blanche,autre,17602,2912,6.0446428571,5,4.5810091004
rv0659,Ryck,male,ParisMourir,1969,1969,novel,policier,autre,49015,3523,13.9128583594,12,9.3732978966
rv0662,Ryck,male,DrolePistolet,1969,1969,novel,policier,autre,51352,3545,14.4857545839,13,9.5956844232
rv1061,Malet,male,CroqueMort,1969,1969,novel,policier,autre,44993,4043,11.1286173633,8,10.6232576691
rv1267,BoilNarc,male,PorteLarge,1969,1969,novel,policier,autre,48656,5061,9.6139102944,8,7.6797125421
rv0181,Beckett,male,MercierCamier,1970,1970,novel,blanche,autre,36134,3625,9.968,7,10.2710344374
rv0495,Tournier,male,RoiAulnes,1970,1970,novel,blanche,autre,135163,6571,20.5696241059,18,15.6363371141
rv0665,Ryck,male,Incroyant,1970,1970,novel,policier,autre,50147,3377,14.8495706248,13,10.1135335036
rv1065,Malet,male,BurmaDansIle,1970,1970,novel,policier,autre,36503,3277,11.1391516631,8,10.560700446
rv1060,Malet,male,BurmaCourtPoupee,1971,1971,novel,policier,autre,48388,4206,11.5045173562,8,10.6190398423
rv1067,Manchette,male,AffaireNGustro,1971,1971,novel,policier,autre,47555,3828,12.4229362591,9,11.9476420705
rv1103,Dard,male,MoiVousConnaissez,1971,1971,novel,policier,autre,61631,6293,9.7935801684,8,8.0950461929
rv1202,Dard,male,Initiation,1971,1971,novel,policier,autre,47093,4764,9.8851805206,8,7.4755435813
rv0233,Modiano,male,Boulevards,1972,1972,novel,blanche,autre,34938,3201,10.9147141518,9,8.1661846659
rv0684,Amila,male,NefDingues,1972,1972,novel,policier,autre,48449,5129,9.4460908559,8,7.0899485655
rv1033,Japrisot,male,CourseLievre,1972,1972,film-script,policier,autre,34539,4123,8.3771525588,6,7.2520628221
rv1057,Malet,male,Abattoir,1972,1972,novel,policier,autre,45039,4058,11.0988171513,8,9.6710990231
rv1071,Manchette,male,Nada,1972,1972,novel,policier,autre,42204,3819,11.051060487,8,9.4929728728
rv1072,Manchette,male,DingosChateaux,1972,1972,novel,policier,autre,37694,4201,8.9726255653,7,6.8045074455
rv0185,Simon,male,Tryptique,1973,1973,novel,blanche,autre,62588,1812,34.5408388521,27,31.1067908687
rv0668,Ryck,male,VoulezVousMourir,1973,1973,novel,policier,autre,47008,4211,11.1631441463,9,8.2191388625
rv1070,Manchette,male,MorguePleine,1973,1973,novel,policier,autre,54651,5086,10.7453794731,8,9.1624829855
rv1107,Dard,male,JaiEssaye,1973,1973,novel,policier,autre,67306,6648,10.1242478941,8,8.1181239649
rv0126,Echenoz,male,UnAn,1975,1975,novel,blanche,autre,17079,655,26.0748091603,25,13.8907039238
rv0240,Modiano,male,VillaTriste,1975,1975,novel,blanche,autre,45898,3878,11.8354822073,9,9.3386109168
rv0497,Tournier,male,Meteores,1975,1975,novel,blanche,autre,172424,9483,18.1824317199,15,14.0463011386
rv1073,Manchette,male,PetitBleu,1976,1976,novel,policier,autre,39307,4703,8.3578566872,8,5.2578976207
rv1076,Manchette,male,QuedOs,1976,1976,novel,policier,autre,54356,3997,13.5991993995,10,11.5581214732
rv1198,Dard,male,Concerto,1976,1976,novel,policier,autre,70672,6375,11.0858039216,9,9.4855767932
rv0666,Ryck,male,IntentionsPacifiques,1977,1977,novel,policier,autre,52730,4356,12.1051423324,10,9.6159236815
rv1032,Japrisot,male,EteMeurtrier,1977,1977,novel,policier,autre,132247,9104,14.5262521968,12,10.6821371566
rv1068,Manchette,male,Fatale,1977,1977,novel,policier,autre,30205,2597,11.6307277628,9,9.441934252
rv1280,Magnan,male,SangAtrides,1977,1977,novel,policier,autre,63251,5686,11.1239887443,8,10.90091907
rv0166,Perec,male,Vie,1978,1978,novel,blanche,autre,192174,6031,31.8643674349,22,31.4695533707
rv0198,RobbeGrillet,male,Souvenirs,1978,1978,novel,blanche,autre,49968,1674,29.8494623656,22,28.1063442257
rv0236,Modiano,male,RueBoutiques,1978,1978,novel,blanche,autre,46822,4510,10.3818181818,8,9.1501215759
rv1108,Dard,male,FaisMoi,1978,1978,novel,policier,autre,57717,4725,12.2152380952,10,9.7108034842
rv1277,Magnan,male,Commissaire,1978,1978,novel,policier,autre,65373,6314,10.3536585366,8,9.3990584491
rv0694,Perec,male,CabinetAmateur,1979,1979,novel,blanche,autre,18121,969,18.7007223942,9,23.5766586549
rv1234,Echenoz,male,MeridienGreenwich,1979,1979,novel,policier,autre,72030,4113,17.5127644055,13,15.8014791851
rv0499,Tournier,male,Gaspard,1980,1980,novel,blanche,autre,77492,3925,19.7431847134,17,13.9892327129
rv0699,LeClezio,male,Desert,1980,1980,novel,blanche,autre,130283,6426,20.2743541861,19,13.9605693532
rv0186,Simon,male,Georgiques,1981,1981,novel,blanche,autre,136922,2741,49.9533017147,17,119.0714408854
rv0193,RobbeGrillet,male,n.av.,1981,1981,novel,blanche,autre,30227,1999,15.1210605303,12,11.8408384164
rv0238,Modiano,male,Jeunesse,1981,1981,novel,blanche,autre,41909,3844,10.9024453694,8,9.2147240144
rv0667,Ryck,male,Piege,1981,1981,novel,policier,autre,67761,6328,10.7081226296,8,9.4036458898
rv1074,Manchette,male,PositionTireur,1981,1981,novel,policier,autre,44226,3803,11.6292400736,9,10.0869377436
rv0531,Bon,male,SortieUsine,1982,1982,novel,blanche,autre,44254,1746,25.3459335624,18,24.8570144259
rv0679,Amila,male,BoucherHurlus,1982,1982,novel,policier,autre,50506,4840,10.4351239669,9,8.0331650994
rv0661,Ryck,male,ConseilFamille,1983,1983,novel,policier,autre,80143,5147,15.5708179522,13,12.1420334167
rv1181,Pouy,male,SpinozaHegel,1983,1983,novel,policier,autre,23931,2105,11.3686460808,9,9.2479163896
rv1231,Echenoz,male,Cherokee,1983,1983,novel,policier,autre,60098,3757,15.9962736226,11,14.3158591877
rv0215,Duras,female,Amant,1984,1984,novel,blanche,autre,31567,1988,15.8787726358,12,14.5961700864
rv0234,Modiano,male,QuartierPerdu,1984,1984,novel,blanche,autre,44412,3969,11.1897203326,8,9.474583637
rv1015,Daeninckx,male,Meurtres,1984,1984,novel,policier,autre,53472,3940,13.5715736041,12,8.675697082
rv1243,Daeninckx,male,DerDesDers,1984,1984,novel,policier,autre,59883,4919,12.1738158162,10,8.3432948353
rv1245,Daeninckx,male,GeantInacheve,1984,1984,novel,policier,autre,55503,4107,13.5142439737,12,8.7018621485
rv0498,Tournier,male,GoutteOr,1985,1985,novel,blanche,autre,57008,4225,13.4930177515,11,10.0134352826
rv0517,Toussaint,male,SalleBain,1985,1985,novel,blanche,autre,22317,1402,15.9179743224,13,11.1522842042
rv0527,Bon,male,Limite,1985,1985,novel,blanche,autre,52586,2806,18.7405559515,14,17.9943477775
rv0672,Amila,male,BalconHiroshima,1985,1985,novel,policier,autre,39396,3794,10.3837638376,9,7.648809084
rv0676,Pennac,male,Malaussene1BonheurOgres,1985,1985,novel,policier,autre,62414,5529,11.2884789293,9,10.4185762498
rv0700,LeClezio,male,ChercheurOr,1985,1985,novel,blanche,autre,115535,7260,15.9139118457,14,11.2142004311
rv1247,Daeninckx,male,Metropolice,1985,1985,novel,policier,autre,47319,4199,11.2691116933,9,7.8069085951
rv0122,Echenoz,male,Equipee,1986,1986,novel,blanche,autre,68815,3850,17.874025974,14,13.6862230719
rv0216,Duras,female,YeuxBleus,1986,1986,novel,blanche,autre,29358,2320,12.6543103448,10,10.1768575551
rv0229,Modiano,male,Dimanches,1986,1986,novel,blanche,autre,36474,3135,11.6344497608,9,9.0238577885
rv0521,Toussaint,male,Monsieur,1986,1986,novel,blanche,autre,18729,805,23.2658385093,19,17.786417826
rv1096,Vargas,female,JeuxAmourMort,1986,1986,novel,policier,autre,56300,4994,11.2735282339,9,7.9055847355
rv1100,Dard,male,AlicePaysMerguez,1986,1986,novel,policier,autre,54131,5014,10.7959712804,9,8.783100576
rv1241,Daeninckx,male,Bourreau,1986,1986,novel,policier,autre,48847,4021,12.147973141,10,8.1506115436
rv1248,Daeninckx,male,PlayBack,1986,1986,novel,policier,autre,48038,3666,13.10365521,11,9.2895563294
rv1261,BoilNarc,male,SecondVisageLupin,1986,1986,novel,policier,autre,48001,5259,9.1274006465,7,7.4137833528
rv1262,BoilNarc,male,SecretEunerville,1986,1986,novel,policier,autre,52534,6132,8.5671885192,7,7.7161748253
rv0663,Ryck,male,AutobiographieTueur,1987,1987,novel,policier,autre,63140,4477,14.1031941032,12,11.0095733143
rv0673,Pennac,male,Malaussene2FeeCarabine,1987,1987,novel,policier,autre,75804,6082,12.4636632687,10,11.4368321442
rv1246,Daeninckx,male,LumiereNoire,1987,1987,novel,policier,autre,48234,3586,13.4506413832,11,9.8846069992
rv1260,BoilNarc,male,Poudriere,1987,1987,novel,policier,autre,48179,6052,7.9608393919,6,6.783739439
rv1263,BoilNarc,male,SermentLupin,1987,1987,novel,policier,autre,45491,5153,8.8280613235,7,7.331940898
rv0235,Modiano,male,RemisePeine,1988,1988,novel,blanche,autre,20502,1600,12.81375,10,9.2391320446
rv0518,Toussaint,male,AppareilPhoto,1988,1988,novel,blanche,autre,24749,760,32.5644736842,28,23.3132794999
rv1276,Magnan,male,Charbonniers,1988,1988,novel,policier,autre,101031,9634,10.4869213203,8,8.7089876483
rv0188,Simon,male,Acacia,1989,1989,novel,blanche,autre,102293,1185,86.3232067511,27,174.482528986
rv0239,Modiano,male,Vestiaire,1989,1989,novel,blanche,autre,31910,2465,12.9452332657,10,10.3773744855
rv0682,Pennac,male,Malaussene3PetiteMarchande,1989,1989,novel,policier,autre,93531,8141,11.4888834296,8,11.4862502462
rv1016,Daeninckx,male,MortNOublie,1989,1989,novel,policier,autre,47142,3944,11.9528397566,10,8.2576295196
rv1190,Dard,male,ValsezPouffiasses,1989,1989,novel,policier,autre,66142,5650,11.7065486726,9,9.4793623782
rv0241,Modiano,male,VoyageNoces,1990,1990,novel,blanche,autre,37913,3118,12.1593970494,10,10.1407632885
rv1244,Daeninckx,male,FacteurFatal,1990,1990,novel,policier,autre,53768,3686,14.5870862724,12,10.9216807544
rv0232,Modiano,male,FleursRuine,1991,1991,novel,blanche,autre,24397,1674,14.5740740741,12,11.1644414092
rv0526,Bon,male,Enterrement,1991,1991,novel,blanche,autre,31237,902,34.6308203991,26,31.4027563719
rv1104,Dard,male,CochonsLaches,1991,1991,novel,policier,autre,69273,6435,10.765034965,9,8.8149298801
rv0124,Echenoz,male,NousTrois,1992,1992,novel,blanche,autre,44509,2401,18.5376926281,15,14.5641501118
rv0150,Ravey,male,BureauIllettres,1992,1992,novel,blanche,autre,34723,682,50.9134897361,42,35.984924668
rv0237,Modiano,male,CirquePasse,1992,1992,novel,blanche,autre,33767,3025,11.1626446281,9,7.8992829226
rv0698,LeClezio,male,EtoileErrante,1992,1992,novel,blanche,autre,101183,5920,17.091722973,15,11.9160860674
rv1034,Japrisot,male,PassagerPluie,1992,1992,novel,policier,autre,34104,3401,10.0276389297,8,8.2432405629
rv1079,Pouy,male,BelleFontenay,1992,1992,novel,policier,autre,64914,3403,19.0755215986,14,17.4686957404
rv0529,Bon,male,TempsMachine,1993,1993,novel,blanche,autre,37602,924,40.6948051948,29,39.5766002713
rv1080,Pouy,male,ChasseTatou,1993,1993,short_story,policier,autre,28492,1534,18.5736636245,12,19.6482625606
rv0530,Bon,male,FaitDivers,1994,1994,novel,policier,autre,37028,1378,26.8708272859,21,22.0568109214
rv1249,Daeninckx,male,ChateauBoheme,1994,1994,novel,policier,autre,51637,3565,14.4844319776,12,10.1745273052
rv0123,Echenoz,male,Blondes,1995,1995,novel,blanche,autre,54727,3231,16.9380996595,14,12.8802740975
rv0522,Manotti,male,SombreSentier,1995,1995,novel,blanche,autre,93458,9207,10.1507548604,8,7.7038620032
rv0678,Pennac,male,Malaussene4MonsieurM,1995,1995,novel,policier,autre,138012,14595,9.4561151079,7,9.6494666002
rv1081,Pouy,male,PetiteEcuyere,1995,1995,novel,policier,autre,36802,3094,11.894634777,8,10.6685634128
rv1185,Vargas,female,DeboutMorts,1995,1995,novel,policier,autre,75646,7709,9.8126864704,8,7.6944631501
rv1271,Izzo,male,Kheops,1995,1995,novel,policier,autre,74365,10054,7.3965585836,6,4.874982935
rv0231,Modiano,male,PlusLoinOubli,1996,1996,novel,blanche,autre,35907,2855,12.576882662,10,8.7544209348
rv0551,Pecherot,male,Tiurai,1996,1996,novel,blanche,autre,32853,3211,10.2313920897,9,6.3689891131
rv0674,Pennac,male,Malaussene5ChretiensMaures,1996,1996,novel,policier,autre,14437,1522,9.4855453351,7,9.2875717755
rv1018,Daeninckx,male,NazisMetro,1996,1996,novel,policier,autre,39790,4173,9.5351066379,9,6.0381427373
rv1075,Manchette,male,PrincesseSang,1996,1996,novel,policier,autre,43896,3211,13.67050763,10,11.7526860646
rv1093,Vargas,female,ArmeeFurieuse,1996,1996,novel,policier,autre,114361,10320,11.0814922481,9,8.1575003832
rv1186,Vargas,female,HommeCerclesBleus,1996,1996,novel,policier,autre,66070,5386,12.2669884887,10,10.2095939982
rv1188,Vargas,female,PeuPlusLoin,1996,1996,novel,policier,autre,76626,6434,11.9095430525,10,8.8088652647
rv1270,Izzo,male,Chourmo,1996,1996,novel,policier,autre,75345,9849,7.65001523,6,5.3478892123
rv0202,Bon,male,Autoroute,1997,1997,novel,blanche,autre,32679,1957,16.69851814,10,21.1577055874
rv0230,Modiano,male,DoraBruder,1997,1997,novel,blanche,autre,29657,1824,16.2593201754,13.5,13.0173286488
rv0519,Toussaint,male,Television,1997,1997,novel,blanche,autre,55714,1524,36.5577427822,27,37.0914659928
rv0689,Khadra,male,Morituri,1997,1997,novel,policier,autre,37507,3629,10.335354092,8,7.9447817763
rv1017,Daeninckx,male,MortPremier,1997,1997,novel,policier,autre,54101,2944,18.3766983696,15,13.560493008
rv1069,Manchette,male,Iris,1997,1997,novel,policier,autre,16148,1173,13.7664109122,10,13.6612905003
rv1187,Vargas,female,SansFeu,1997,1997,novel,policier,autre,71544,6789,10.538223597,9,7.9661358954
rv0209,Viel,male,BlackNote,1998,1998,novel,blanche,autre,29089,896,32.4654017857,28,22.7246455913
rv0690,Khadra,male,DoubleBlanc,1998,1998,novel,policier,autre,36817,3492,10.5432416953,9,7.7488215581
rv0691,Khadra,male,AutomneChimeres,1998,1998,novel,policier,autre,38118,3358,11.3513996426,9,9.0580049333
rv1078,Pouy,male,ASec,1998,1998,novel,blanche,autre,23346,2233,10.4549932826,7,10.2516418535
rv1272,Izzo,male,Solea,1998,1998,novel,policier,autre,58347,7389,7.8964677223,6,6.282299652
rv0121,Echenoz,male,JeMenVais,1999,1999,novel,blanche,autre,50191,2026,24.7734452122,22,16.5446688334
rv0228,Modiano,male,Inconnues,1999,1999,novel,blanche,autre,38147,2896,13.1723066298,11,8.7657714807
rv0520,Khadra,male,RêventLoups,1999,1999,novel,blanche,autre,74470,6835,10.895391368,9,8.7747076583
rv0675,Pennac,male,Malaussene6FruitsPassion,1999,1999,novel,policier,autre,40924,3631,11.2707243184,8,15.3524361246
rv1095,Vargas,female,HommeEnvers,1999,1999,novel,policier,autre,80982,8084,10.0175655616,8,8.1961322634
rv1109,Dard,male,CeciPipe,1999,1999,novel,policier,autre,51062,4423,11.5446529505,10,8.5102766811
rv1183,Pouy,male,Larchmutz,1999,1999,novel,policier,autre,49246,4124,11.9413191077,8,13.7400506215
rv1196,Dard,male,TrempePain,1999,1999,novel,policier,autre,38888,3423,11.3607946246,10,8.1930301539
rv1273,Khadra,male,Revent,1999,1999,novel,blanche,autre,74469,6792,10.9642226148,9,8.8117859466
rv1077,Pouy,male,MilleDeuxCent,2000,2000,novel,policier,autre,34568,2600,13.2953846154,9,12.8883839265
rv0191,Simon,male,Tramway,2001,2001,novel,blanche,autre,27583,201,137.2288557214,94,140.1801164145
rv0197,RobbeGrillet,male,Reprise,2001,2001,novel,blanche,autre,54988,2357,23.3296563428,18,20.6708333275
rv0205,Viel,male,Perfection,2001,2001,novel,blanche,autre,34532,1124,30.7224199288,24,25.6408154912
rv0528,Bon,male,Mecanique,2001,2001,novel,blanche,autre,30242,720,42.0027777778,30,38.8601837511
rv0534,Pecherot,male,BrouillardsButte,2001,2001,novel,blanche,autre,46773,5333,8.7704856554,8,5.8167702494
rv1099,Vargas,female,ParsVite,2001,2001,novel,policier,autre,97098,8925,10.8793277311,8,8.9668111115
rv1182,Pouy,male,RoubignolesDestin,2001,2001,novel,policier,autre,27405,2008,13.6479083665,7,35.5245276863
rv1240,Daeninckx,male,DouzeRueMeckert,2001,2001,novel,policier,autre,56558,3264,17.3278186275,14,12.3645260943
rv0119,Echenoz,male,Piano,2002,2002,novel,blanche,autre,42391,1774,23.8957158963,20,18.4534165854
rv0507,Khadra,male,HirondellesKaboul,2002,2002,novel,blanche,autre,43177,3144,13.7331424936,11,10.2233191902
rv0515,Toussaint,male,FaireAmour,2002,2002,novel,blanche,autre,32935,959,34.3430656934,27,30.2989300648
rv1274,Khadra,male,Hirondelles,2002,2002,novel,blanche,autre,43127,3144,13.7172391858,11,10.209348508
rv0153,Ravey,male,Drap,2003,2003,novel,blanche,autre,9629,446,21.5896860987,17,16.7303805556
rv0514,Khadra,male,CousineK,2003,2003,novel,blanche,autre,15289,1344,11.3757440476,9,9.3168134488
rv0557,Pecherot,male,BellevilleBarcelone,2003,2003,novel,blanche,autre,54472,5708,9.5430974071,9,6.082912268
rv1013,Daeninckx,male,JeTue,2003,2003,novel,policier,autre,18672,1040,17.9538461538,16,11.8593433068
rv1019,Daeninckx,male,RouteRom,2003,2003,novel,policier,autre,41989,4261,9.8542595635,9,5.9252263062
rv1180,Pouy,male,TrainPerdu,2003,2003,novel,policier,autre,37541,3435,10.9289665211,8,9.4253315932
rv0508,Khadra,male,PartDuMort,2004,2004,novel,policier,autre,119501,9840,12.1444105691,10,9.1091160483
rv0523,Manotti,male,CorpsNoir,2004,2004,novel,blanche,autre,72957,5925,12.3134177215,9,10.7833985804
rv1010,Daeninckx,male,CrimeSaintAdresse,2004,2004,novel,policier,autre,17037,1045,16.3033492823,13,11.8467421592
rv1098,Vargas,female,VentsNeptune,2004,2004,novel,policier,autre,113817,10818,10.5210759845,9,7.6554192659
rv0154,Ravey,male,PrisPiege,2005,2005,novel,blanche,autre,16955,1174,14.4420783646,12,10.6125653293
rv0510,Khadra,male,Attentat,2005,2005,novel,blanche,autre,67078,5130,13.0756335283,11,9.8798104151
rv0513,Toussaint,male,Fuir,2005,2005,novel,blanche,autre,36754,888,41.3896396396,30.5,42.1451693325
rv0532,Pecherot,male,BoulevardBranques,2005,2005,novel,blanche,autre,69827,8129,8.5898634518,8,5.5018377224
rv0204,Viel,male,Insoupçonnable,2006,2006,novel,blanche,autre,27050,744,36.3575268817,25,35.3856802687
rv0509,Khadra,male,SirenesBagdad,2006,2006,novel,blanche,autre,83284,6641,12.5408823972,10,9.4486394893
rv1012,Daeninckx,male,Itineraire,2006,2006,novel,policier,autre,85036,4560,18.648245614,15,14.4203786872
rv1094,Vargas,female,BoisEternels,2006,2006,novel,policier,autre,108428,10290,10.5372206025,9,8.0177417731
rv1278,Magnan,male,Laure,2006,2006,novel,blanche,autre,67053,5168,12.9746517028,10,10.9164225648
rv0535,Pecherot,male,SoleilNoir,2007,2007,novel,blanche,autre,65639,7299,8.9928757364,8,6.2676043839
rv1082,Pouy,male,Nus,2007,2007,novel,policier,autre,44626,4541,9.8273508038,7,8.975101273
rv0120,Echenoz,male,Courir,2008,2008,novel,blanche,autre,28109,1233,22.797242498,21,13.5724695895
rv0533,Pecherot,male,Tranchecaille,2008,2008,novel,blanche,autre,61988,7993,7.7552858751,7,5.4145932894
rv1097,Vargas,female,LieuIncertain,2008,2008,novel,policier,autre,101486,10501,9.6644129131,8,7.6422322056
rv1275,Khadra,male,JourNuit,2008,2008,novel,blanche,autre,122997,9094,13.5250714757,11,10.8539790489
rv1279,Magnan,male,Chronique,2008,2008,novel,policier,autre,139877,9173,15.2487735746,12,12.5780428598
rv0210,Viel,male,ParisBrest,2009,2009,novel,blanche,autre,35998,933,38.5830653805,30,32.9672092182
rv0227,NDiaye,female,TroisFemmes,2009,2009,novel,blanche,autre,85184,3062,27.8197256695,16,32.0427971925
rv0516,Toussaint,male,VeriteMarie,2009,2009,novel,blanche,autre,42139,1105,38.134841629,31,33.1394818404
rv0151,Ravey,male,EnlevementRancon,2010,2010,novel,blanche,autre,22229,2280,9.7495614035,8,7.2210097814
rv0524,Manotti,male,BienConnuServices,2010,2010,novel,blanche,autre,57912,4242,13.6520509194,10,11.5576209232
rv1011,Daeninckx,male,Galadio,2010,2010,novel,policier,autre,34116,2251,15.1559306975,13,10.4062369879
rv0555,Pecherot,male,HommeCarabine,2011,2011,novel,blanche,autre,55925,6635,8.428786737,7,6.2531993527
rv1014,Daeninckx,male,LouerCommission,2011,2011,novel,policier,autre,28689,1684,17.0362232779,13,13.9363754114
rv0125,Echenoz,male,Quatorze,2012,2012,novel,blanche,autre,20126,544,36.9963235294,33,22.6434963656
rv1242,Daeninckx,male,CrimeSainte,2012,2012,novel,policier,autre,16775,1183,14.1800507185,11,10.4588170829
rv0155,Ravey,male,NotairePeuOrdinaire,2013,2013,novel,blanche,autre,20398,1463,13.9425837321,11,10.2496245379
rv0226,NDiaye,female,Ladivine,2013,2013,novel,blanche,autre,109833,4069,26.9926271811,19,25.2775780978
rv0511,Khadra,male,AngesMeurent,2013,2013,novel,blanche,autre,123055,9480,12.9804852321,10,10.2475858522
rv0152,Ravey,male,FilleMeilleurAmi,2014,2014,novel,blanche,autre,26222,2201,11.913675602,9,8.9108767715
rv0512,Khadra,male,AttendentSinges,2014,2014,novel,blanche,autre,78885,6712,11.7528307509,9,9.4491846062
